ISO-10303-21;
HEADER;
/* Generated by software containing ST-Developer
 * from STEP Tools, Inc. (www.steptools.com) 
 */
/* OPTION: using custom renumber hook */

FILE_DESCRIPTION(
/* description */ ('STEP AP242 Edition 2',
'CAx-IF Rec.Pracs.---Representation and Presentation of Product Manufa
cturing Information (PMI)---4.0---2014-10-13',
'CAx-IF Rec.Pracs.---3D Tessellated Geometry---0.4---2014-09-14','2;1',
'CAx-IF Rec.Pracs.---User Defined Attributes---1.5---2016-08-15'),
/* implementation_level */ '2;1');

FILE_NAME(
/* name */ '6ac64b6e22b724dbabd74158',
/* time_stamp */ '2026-10-07T13:38:56Z',
/* author */ (''),
/* organization */ (''),
/* preprocessor_version */ 'ST-DEVELOPER v20',
/* originating_system */ 'ONSHAPE BY PTC INC, 1.221',
/* authorisation */ '  ');

FILE_SCHEMA (('AP242_MANAGED_MODEL_BASED_3D_ENGINEERING_MIM_LF { 1 0 10303 442 3 1 4 }'));
ENDSEC;

DATA;
#10=SPHERICAL_SURFACE('',#5451,0.0015);
#11=SPHERICAL_SURFACE('',#5453,0.0015);
#12=SPHERICAL_SURFACE('',#5463,0.0015);
#13=SPHERICAL_SURFACE('',#5465,0.0015);
#14=SPHERICAL_SURFACE('',#5475,0.0015);
#15=SPHERICAL_SURFACE('',#5477,0.0015);
#16=SPHERICAL_SURFACE('',#5496,0.0015);
#17=SPHERICAL_SURFACE('',#5502,0.0015);
#18=ELLIPSE('',#5390,0.00212132034355964,0.0015);
#19=ELLIPSE('',#5391,0.00212132034355964,0.0015);
#20=ELLIPSE('',#5437,0.00212132034355965,0.0015);
#21=ELLIPSE('',#5439,0.00212132034355965,0.0015);
#22=ELLIPSE('',#5480,0.00212132034355965,0.0015);
#23=ELLIPSE('',#5482,0.00212132034355965,0.0015);
#24=ELLIPSE('',#5680,0.0403931029007447,0.04);
#25=ELLIPSE('',#5681,0.0403931029007447,0.04);
#26=ELLIPSE('',#5683,0.0403931029007447,0.04);
#27=ELLIPSE('',#5684,0.0403931029007447,0.04);
#28=ELLIPSE('',#5724,0.0403931029007447,0.04);
#29=ELLIPSE('',#5725,0.0403931029007447,0.04);
#30=ELLIPSE('',#5761,0.0403931029007447,0.04);
#31=ELLIPSE('',#5762,0.0403931029007447,0.04);
#32=CONTEXT_DEPENDENT_SHAPE_REPRESENTATION(#46,#9197);
#33=CONTEXT_DEPENDENT_SHAPE_REPRESENTATION(#47,#9199);
#34=CONTEXT_DEPENDENT_SHAPE_REPRESENTATION(#48,#9200);
#35=CONTEXT_DEPENDENT_SHAPE_REPRESENTATION(#49,#9202);
#36=CONTEXT_DEPENDENT_SHAPE_REPRESENTATION(#50,#9203);
#37=CONTEXT_DEPENDENT_SHAPE_REPRESENTATION(#51,#9204);
#38=CONTEXT_DEPENDENT_SHAPE_REPRESENTATION(#52,#9206);
#39=NEXT_ASSEMBLY_USAGE_OCCURRENCE('NAUO1','propeller guard lw3',
'propeller guard lw3',#9207,#9208,'');
#40=NEXT_ASSEMBLY_USAGE_OCCURRENCE('NAUO2','Box','Box',#9207,#9209,'');
#41=NEXT_ASSEMBLY_USAGE_OCCURRENCE('NAUO3','propeller guard lw3',
'propeller guard lw3',#9207,#9208,'');
#42=NEXT_ASSEMBLY_USAGE_OCCURRENCE('NAUO4','Lid','Lid',#9207,#9210,'');
#43=NEXT_ASSEMBLY_USAGE_OCCURRENCE('NAUO5','propeller guard lw3',
'propeller guard lw3',#9207,#9208,'');
#44=NEXT_ASSEMBLY_USAGE_OCCURRENCE('NAUO6','propeller guard lw3',
'propeller guard lw3',#9207,#9208,'');
#45=NEXT_ASSEMBLY_USAGE_OCCURRENCE('NAUO7','Part 1','Part 1',#9207,#9211,
'');
#46=(
REPRESENTATION_RELATIONSHIP(' ',' ',#5299,#5298)
REPRESENTATION_RELATIONSHIP_WITH_TRANSFORMATION(#53)
SHAPE_REPRESENTATION_RELATIONSHIP()
);
#47=(
REPRESENTATION_RELATIONSHIP(' ',' ',#5300,#5298)
REPRESENTATION_RELATIONSHIP_WITH_TRANSFORMATION(#54)
SHAPE_REPRESENTATION_RELATIONSHIP()
);
#48=(
REPRESENTATION_RELATIONSHIP(' ',' ',#5299,#5298)
REPRESENTATION_RELATIONSHIP_WITH_TRANSFORMATION(#55)
SHAPE_REPRESENTATION_RELATIONSHIP()
);
#49=(
REPRESENTATION_RELATIONSHIP(' ',' ',#5301,#5298)
REPRESENTATION_RELATIONSHIP_WITH_TRANSFORMATION(#56)
SHAPE_REPRESENTATION_RELATIONSHIP()
);
#50=(
REPRESENTATION_RELATIONSHIP(' ',' ',#5299,#5298)
REPRESENTATION_RELATIONSHIP_WITH_TRANSFORMATION(#57)
SHAPE_REPRESENTATION_RELATIONSHIP()
);
#51=(
REPRESENTATION_RELATIONSHIP(' ',' ',#5299,#5298)
REPRESENTATION_RELATIONSHIP_WITH_TRANSFORMATION(#58)
SHAPE_REPRESENTATION_RELATIONSHIP()
);
#52=(
REPRESENTATION_RELATIONSHIP(' ',' ',#5302,#5298)
REPRESENTATION_RELATIONSHIP_WITH_TRANSFORMATION(#59)
SHAPE_REPRESENTATION_RELATIONSHIP()
);
#53=ITEM_DEFINED_TRANSFORMATION(' ',' ',#5303,#5382);
#54=ITEM_DEFINED_TRANSFORMATION(' ',' ',#5303,#5509);
#55=ITEM_DEFINED_TRANSFORMATION(' ',' ',#5303,#5510);
#56=ITEM_DEFINED_TRANSFORMATION(' ',' ',#5303,#5604);
#57=ITEM_DEFINED_TRANSFORMATION(' ',' ',#5303,#5605);
#58=ITEM_DEFINED_TRANSFORMATION(' ',' ',#5303,#5606);
#59=ITEM_DEFINED_TRANSFORMATION(' ',' ',#5303,#5808);
#60=SHAPE_REPRESENTATION_RELATIONSHIP('','',#5299,#64);
#61=SHAPE_REPRESENTATION_RELATIONSHIP('','',#5300,#65);
#62=SHAPE_REPRESENTATION_RELATIONSHIP('','',#5301,#66);
#63=SHAPE_REPRESENTATION_RELATIONSHIP('','',#5302,#67);
#64=ADVANCED_BREP_SHAPE_REPRESENTATION('',(#5289),#9183);
#65=ADVANCED_BREP_SHAPE_REPRESENTATION('',(#5290),#9184);
#66=ADVANCED_BREP_SHAPE_REPRESENTATION('',(#5291),#9185);
#67=ADVANCED_BREP_SHAPE_REPRESENTATION('',(#5292),#9186);
#68=TOROIDAL_SURFACE('',#5367,0.03625,0.004);
#69=TOROIDAL_SURFACE('',#5374,0.03625,0.004);
#70=TOROIDAL_SURFACE('',#5570,0.00825,0.005);
#71=TOROIDAL_SURFACE('',#5571,0.00825,0.005);
#72=TOROIDAL_SURFACE('',#5572,0.00825,0.005);
#73=TOROIDAL_SURFACE('',#5573,0.0082499999999934,0.005);
#74=(
BOUNDED_SURFACE()
B_SPLINE_SURFACE(3,2,((#7600,#7601,#7602),(#7603,#7604,#7605),(#7606,#7607,
#7608),(#7609,#7610,#7611),(#7612,#7613,#7614),(#7615,#7616,#7617),(#7618,
#7619,#7620)),.UNSPECIFIED.,.F.,.F.,.F.)
B_SPLINE_SURFACE_WITH_KNOTS((4,1,1,1,4),(3,3),(0.0168567827668291,0.0188642163703865,
0.0208716499739439,0.0228790835775013,0.0248865171810587),(0.,1.),
 .UNSPECIFIED.)
GEOMETRIC_REPRESENTATION_ITEM()
RATIONAL_B_SPLINE_SURFACE(((1.,0.866025403784439,1.),(1.,0.866025403485983,
1.),(1.,0.8508383229284,1.),(1.,0.796095380038042,1.),(1.,0.734440669757809,
1.),(1.,0.71041844013335,1.),(1.,0.706837092281138,1.)))
REPRESENTATION_ITEM('')
SURFACE()
);
#75=(
BOUNDED_SURFACE()
B_SPLINE_SURFACE(3,2,((#7623,#7624,#7625),(#7626,#7627,#7628),(#7629,#7630,
#7631),(#7632,#7633,#7634),(#7635,#7636,#7637),(#7638,#7639,#7640),(#7641,
#7642,#7643)),.UNSPECIFIED.,.F.,.F.,.F.)
B_SPLINE_SURFACE_WITH_KNOTS((4,1,1,1,4),(3,3),(0.0168567827668291,0.0188642163703865,
0.0208716499739439,0.0228790835775013,0.0248865171810587),(0.,1.),
 .UNSPECIFIED.)
GEOMETRIC_REPRESENTATION_ITEM()
RATIONAL_B_SPLINE_SURFACE(((1.,0.866025403784439,1.),(1.,0.866025403486512,
1.),(1.,0.850838322928181,1.),(1.,0.796095380038013,1.),(1.,0.734440669758135,
1.),(1.,0.710418440132601,1.),(1.,0.706837092281137,1.)))
REPRESENTATION_ITEM('')
SURFACE()
);
#76=(
BOUNDED_SURFACE()
B_SPLINE_SURFACE(3,2,((#7646,#7647,#7648),(#7649,#7650,#7651),(#7652,#7653,
#7654),(#7655,#7656,#7657),(#7658,#7659,#7660),(#7661,#7662,#7663),(#7664,
#7665,#7666)),.UNSPECIFIED.,.F.,.F.,.F.)
B_SPLINE_SURFACE_WITH_KNOTS((4,1,1,1,4),(3,3),(0.0168567827668291,0.0188642163703865,
0.0208716499739439,0.0228790835775013,0.0248865171810587),(0.,1.),
 .UNSPECIFIED.)
GEOMETRIC_REPRESENTATION_ITEM()
RATIONAL_B_SPLINE_SURFACE(((1.,0.866025403784438,1.),(1.,0.866025403486096,
1.),(1.,0.850838322928362,1.),(1.,0.796095380037998,1.),(1.,0.734440669758012,
1.),(1.,0.710418440132899,1.),(1.,0.706837092281137,1.)))
REPRESENTATION_ITEM('')
SURFACE()
);
#77=(
BOUNDED_SURFACE()
B_SPLINE_SURFACE(3,2,((#7669,#7670,#7671),(#7672,#7673,#7674),(#7675,#7676,
#7677),(#7678,#7679,#7680),(#7681,#7682,#7683),(#7684,#7685,#7686),(#7687,
#7688,#7689)),.UNSPECIFIED.,.F.,.F.,.F.)
B_SPLINE_SURFACE_WITH_KNOTS((4,1,1,1,4),(3,3),(0.0168567827668291,0.0188642163703865,
0.0208716499739439,0.0228790835775013,0.0248865171810587),(0.,1.),
 .UNSPECIFIED.)
GEOMETRIC_REPRESENTATION_ITEM()
RATIONAL_B_SPLINE_SURFACE(((1.,0.86602540378444,1.),(1.,0.866025403485795,
1.),(1.,0.850838322928501,1.),(1.,0.796095380037977,1.),(1.,0.734440669757972,
1.),(1.,0.710418440133014,1.),(1.,0.706837092281139,1.)))
REPRESENTATION_ITEM('')
SURFACE()
);
#78=(
BOUNDED_SURFACE()
B_SPLINE_SURFACE(3,2,((#7692,#7693,#7694),(#7695,#7696,#7697),(#7698,#7699,
#7700),(#7701,#7702,#7703),(#7704,#7705,#7706),(#7707,#7708,#7709),(#7710,
#7711,#7712)),.UNSPECIFIED.,.F.,.F.,.F.)
B_SPLINE_SURFACE_WITH_KNOTS((4,1,1,1,4),(3,3),(5.42101086242752E-18,0.00195699990646493,
0.00391399981292986,0.00587099971939479,0.00782799962585971),(0.,1.),
 .UNSPECIFIED.)
GEOMETRIC_REPRESENTATION_ITEM()
RATIONAL_B_SPLINE_SURFACE(((1.,0.645942241466176,1.),(1.,0.64594224157448,
1.),(1.,0.652360183096196,1.),(1.,0.67507597412451,1.),(1.,0.69793725655853,
1.),(1.,0.705816415009882,1.),(1.,0.707106781186552,1.)))
REPRESENTATION_ITEM('')
SURFACE()
);
#79=(
BOUNDED_SURFACE()
B_SPLINE_SURFACE(3,2,((#7716,#7717,#7718),(#7719,#7720,#7721),(#7722,#7723,
#7724),(#7725,#7726,#7727),(#7728,#7729,#7730),(#7731,#7732,#7733),(#7734,
#7735,#7736)),.UNSPECIFIED.,.F.,.F.,.F.)
B_SPLINE_SURFACE_WITH_KNOTS((4,1,1,1,4),(3,3),(-2.88397777881144E-17,0.00195699568151119,
0.00391399136302241,0.00587098704453363,0.00782798272604485),(0.,1.),
 .UNSPECIFIED.)
GEOMETRIC_REPRESENTATION_ITEM()
RATIONAL_B_SPLINE_SURFACE(((1.,0.707106781186548,1.),(1.,0.705816327649253,
1.),(1.,0.697994539964441,1.),(1.,0.675104443938019,1.),(1.,0.652413094525699,
1.),(1.,0.645942241538586,1.),(1.,0.645942241466174,1.)))
REPRESENTATION_ITEM('')
SURFACE()
);
#80=(
BOUNDED_SURFACE()
B_SPLINE_SURFACE(3,2,((#7749,#7750,#7751),(#7752,#7753,#7754),(#7755,#7756,
#7757),(#7758,#7759,#7760),(#7761,#7762,#7763),(#7764,#7765,#7766),(#7767,
#7768,#7769)),.UNSPECIFIED.,.F.,.F.,.F.)
B_SPLINE_SURFACE_WITH_KNOTS((4,1,1,1,4),(3,3),(-2.81892564846231E-18,0.00195699990646492,
0.00391399981292984,0.00587099971939477,0.00782799962585969),(0.,1.),
 .UNSPECIFIED.)
GEOMETRIC_REPRESENTATION_ITEM()
RATIONAL_B_SPLINE_SURFACE(((1.,0.645942241466171,1.),(1.,0.645942241574805,
1.),(1.,0.652360183096039,1.),(1.,0.675075974124534,1.),(1.,0.697937256558565,
1.),(1.,0.705816415009768,1.),(1.,0.707106781186548,1.)))
REPRESENTATION_ITEM('')
SURFACE()
);
#81=(
BOUNDED_SURFACE()
B_SPLINE_SURFACE(3,2,((#7773,#7774,#7775),(#7776,#7777,#7778),(#7779,#7780,
#7781),(#7782,#7783,#7784),(#7785,#7786,#7787),(#7788,#7789,#7790),(#7791,
#7792,#7793)),.UNSPECIFIED.,.F.,.F.,.F.)
B_SPLINE_SURFACE_WITH_KNOTS((4,1,1,1,4),(3,3),(1.23599047663348E-17,0.00195699568151122,
0.00391399136302244,0.00587098704453365,0.00782798272604486),(0.,1.),
 .UNSPECIFIED.)
GEOMETRIC_REPRESENTATION_ITEM()
RATIONAL_B_SPLINE_SURFACE(((1.,0.707106781186549,1.),(1.,0.705816327650282,
1.),(1.,0.697994539963988,1.),(1.,0.675104443938066,1.),(1.,0.652413094525971,
1.),(1.,0.645942241537928,1.),(1.,0.645942241466177,1.)))
REPRESENTATION_ITEM('')
SURFACE()
);
#82=PLANE('',#5307);
#83=PLANE('',#5308);
#84=PLANE('',#5312);
#85=PLANE('',#5318);
#86=PLANE('',#5322);
#87=PLANE('',#5338);
#88=PLANE('',#5339);
#89=PLANE('',#5342);
#90=PLANE('',#5351);
#91=PLANE('',#5383);
#92=PLANE('',#5384);
#93=PLANE('',#5389);
#94=PLANE('',#5400);
#95=PLANE('',#5401);
#96=PLANE('',#5402);
#97=PLANE('',#5407);
#98=PLANE('',#5408);
#99=PLANE('',#5409);
#100=PLANE('',#5410);
#101=PLANE('',#5411);
#102=PLANE('',#5412);
#103=PLANE('',#5413);
#104=PLANE('',#5418);
#105=PLANE('',#5419);
#106=PLANE('',#5422);
#107=PLANE('',#5423);
#108=PLANE('',#5424);
#109=PLANE('',#5425);
#110=PLANE('',#5426);
#111=PLANE('',#5427);
#112=PLANE('',#5432);
#113=PLANE('',#5433);
#114=PLANE('',#5434);
#115=PLANE('',#5435);
#116=PLANE('',#5436);
#117=PLANE('',#5438);
#118=PLANE('',#5440);
#119=PLANE('',#5441);
#120=PLANE('',#5442);
#121=PLANE('',#5443);
#122=PLANE('',#5484);
#123=PLANE('',#5485);
#124=PLANE('',#5486);
#125=PLANE('',#5487);
#126=PLANE('',#5488);
#127=PLANE('',#5489);
#128=PLANE('',#5490);
#129=PLANE('',#5491);
#130=PLANE('',#5511);
#131=PLANE('',#5516);
#132=PLANE('',#5519);
#133=PLANE('',#5520);
#134=PLANE('',#5521);
#135=PLANE('',#5522);
#136=PLANE('',#5523);
#137=PLANE('',#5524);
#138=PLANE('',#5525);
#139=PLANE('',#5526);
#140=PLANE('',#5527);
#141=PLANE('',#5528);
#142=PLANE('',#5529);
#143=PLANE('',#5534);
#144=PLANE('',#5537);
#145=PLANE('',#5544);
#146=PLANE('',#5551);
#147=PLANE('',#5552);
#148=PLANE('',#5559);
#149=PLANE('',#5566);
#150=PLANE('',#5567);
#151=PLANE('',#5568);
#152=PLANE('',#5569);
#153=PLANE('',#5578);
#154=PLANE('',#5579);
#155=PLANE('',#5580);
#156=PLANE('',#5581);
#157=PLANE('',#5582);
#158=PLANE('',#5583);
#159=PLANE('',#5584);
#160=PLANE('',#5585);
#161=PLANE('',#5586);
#162=PLANE('',#5587);
#163=PLANE('',#5588);
#164=PLANE('',#5589);
#165=PLANE('',#5590);
#166=PLANE('',#5591);
#167=PLANE('',#5592);
#168=PLANE('',#5593);
#169=PLANE('',#5594);
#170=PLANE('',#5595);
#171=PLANE('',#5596);
#172=PLANE('',#5597);
#173=PLANE('',#5598);
#174=PLANE('',#5599);
#175=PLANE('',#5600);
#176=PLANE('',#5601);
#177=PLANE('',#5602);
#178=PLANE('',#5603);
#179=PLANE('',#5610);
#180=PLANE('',#5611);
#181=PLANE('',#5612);
#182=PLANE('',#5613);
#183=PLANE('',#5614);
#184=PLANE('',#5615);
#185=PLANE('',#5616);
#186=PLANE('',#5617);
#187=PLANE('',#5662);
#188=PLANE('',#5663);
#189=PLANE('',#5664);
#190=PLANE('',#5665);
#191=PLANE('',#5667);
#192=PLANE('',#5670);
#193=PLANE('',#5673);
#194=PLANE('',#5676);
#195=PLANE('',#5679);
#196=PLANE('',#5682);
#197=PLANE('',#5693);
#198=PLANE('',#5694);
#199=PLANE('',#5695);
#200=PLANE('',#5696);
#201=PLANE('',#5697);
#202=PLANE('',#5712);
#203=PLANE('',#5713);
#204=PLANE('',#5714);
#205=PLANE('',#5715);
#206=PLANE('',#5723);
#207=PLANE('',#5733);
#208=PLANE('',#5734);
#209=PLANE('',#5735);
#210=PLANE('',#5750);
#211=PLANE('',#5751);
#212=PLANE('',#5752);
#213=PLANE('',#5760);
#214=PLANE('',#5770);
#215=PLANE('',#5771);
#216=PLANE('',#5772);
#217=PLANE('',#5773);
#218=PLANE('',#5782);
#219=PLANE('',#5783);
#220=PLANE('',#5784);
#221=PLANE('',#5785);
#222=PLANE('',#5794);
#223=PLANE('',#5795);
#224=PLANE('',#5796);
#225=PLANE('',#5797);
#226=PLANE('',#5798);
#227=PLANE('',#5799);
#228=PLANE('',#5800);
#229=PLANE('',#5801);
#230=PLANE('',#5802);
#231=PLANE('',#5803);
#232=PLANE('',#5804);
#233=PLANE('',#5805);
#234=CIRCLE('',#5305,0.008);
#235=CIRCLE('',#5306,0.008);
#236=CIRCLE('',#5310,0.0415);
#237=CIRCLE('',#5311,0.0415);
#238=CIRCLE('',#5314,0.04025);
#239=CIRCLE('',#5315,0.04025);
#240=CIRCLE('',#5316,0.04025);
#241=CIRCLE('',#5317,0.04025);
#242=CIRCLE('',#5320,0.008);
#243=CIRCLE('',#5321,0.008);
#244=CIRCLE('',#5324,0.003);
#245=CIRCLE('',#5325,0.003);
#246=CIRCLE('',#5327,0.0011);
#247=CIRCLE('',#5328,0.0011);
#248=CIRCLE('',#5330,0.0011);
#249=CIRCLE('',#5331,0.0011);
#250=CIRCLE('',#5333,0.0011);
#251=CIRCLE('',#5334,0.0011);
#252=CIRCLE('',#5336,0.0011);
#253=CIRCLE('',#5337,0.0011);
#254=CIRCLE('',#5340,0.03625);
#255=CIRCLE('',#5341,0.03625);
#256=CIRCLE('',#5343,0.004);
#257=CIRCLE('',#5344,0.004);
#258=CIRCLE('',#5345,0.004);
#259=CIRCLE('',#5346,0.004);
#260=CIRCLE('',#5347,0.004);
#261=CIRCLE('',#5348,0.004);
#262=CIRCLE('',#5349,0.004);
#263=CIRCLE('',#5350,0.004);
#264=CIRCLE('',#5357,0.004);
#265=CIRCLE('',#5359,0.004);
#266=CIRCLE('',#5361,0.004);
#267=CIRCLE('',#5363,0.004);
#268=CIRCLE('',#5365,0.004);
#269=CIRCLE('',#5366,0.004);
#270=CIRCLE('',#5368,0.004);
#271=CIRCLE('',#5369,0.004);
#272=CIRCLE('',#5372,0.004);
#273=CIRCLE('',#5373,0.004);
#274=CIRCLE('',#5375,0.004);
#275=CIRCLE('',#5376,0.004);
#276=CIRCLE('',#5385,0.0015);
#277=CIRCLE('',#5386,0.0015);
#278=CIRCLE('',#5387,0.0015);
#279=CIRCLE('',#5388,0.0015);
#280=CIRCLE('',#5392,0.0008);
#281=CIRCLE('',#5393,0.0008);
#282=CIRCLE('',#5394,0.0008);
#283=CIRCLE('',#5395,0.0008);
#284=CIRCLE('',#5396,0.0015);
#285=CIRCLE('',#5397,0.0015);
#286=CIRCLE('',#5398,0.0015);
#287=CIRCLE('',#5399,0.0015);
#288=CIRCLE('',#5403,0.0008);
#289=CIRCLE('',#5404,0.0008);
#290=CIRCLE('',#5405,0.0008);
#291=CIRCLE('',#5406,0.0008);
#292=CIRCLE('',#5414,0.0015);
#293=CIRCLE('',#5415,0.0015);
#294=CIRCLE('',#5416,0.0015);
#295=CIRCLE('',#5417,0.0015);
#296=CIRCLE('',#5420,0.0015);
#297=CIRCLE('',#5421,0.0015);
#298=CIRCLE('',#5445,0.0015);
#299=CIRCLE('',#5447,0.0015);
#300=CIRCLE('',#5448,0.0015);
#301=CIRCLE('',#5450,0.0015);
#302=CIRCLE('',#5452,0.0015);
#303=CIRCLE('',#5454,0.0015);
#304=CIRCLE('',#5456,0.0015);
#305=CIRCLE('',#5458,0.0015);
#306=CIRCLE('',#5460,0.0015);
#307=CIRCLE('',#5462,0.0015);
#308=CIRCLE('',#5464,0.0015);
#309=CIRCLE('',#5466,0.0015);
#310=CIRCLE('',#5469,0.0015);
#311=CIRCLE('',#5471,0.0015);
#312=CIRCLE('',#5473,0.0015);
#313=CIRCLE('',#5474,0.0015);
#314=CIRCLE('',#5476,0.0015);
#315=CIRCLE('',#5478,0.0015);
#316=CIRCLE('',#5493,0.0015);
#317=CIRCLE('',#5495,0.0015);
#318=CIRCLE('',#5497,0.0015);
#319=CIRCLE('',#5499,0.0015);
#320=CIRCLE('',#5501,0.0015);
#321=CIRCLE('',#5503,0.0015);
#322=CIRCLE('',#5512,0.00825);
#323=CIRCLE('',#5513,0.0082499999999934);
#324=CIRCLE('',#5514,0.00825);
#325=CIRCLE('',#5515,0.00825);
#326=CIRCLE('',#5517,0.0008);
#327=CIRCLE('',#5518,0.0008);
#328=CIRCLE('',#5530,0.0008);
#329=CIRCLE('',#5531,0.0008);
#330=CIRCLE('',#5532,0.0008);
#331=CIRCLE('',#5533,0.0008);
#332=CIRCLE('',#5535,0.0008);
#333=CIRCLE('',#5536,0.0008);
#334=CIRCLE('',#5539,0.00324999999999339);
#335=CIRCLE('',#5540,0.00324999999999339);
#336=CIRCLE('',#5542,0.00130000000000005);
#337=CIRCLE('',#5543,0.00130000000000005);
#338=CIRCLE('',#5546,0.0013);
#339=CIRCLE('',#5547,0.0013);
#340=CIRCLE('',#5549,0.00325);
#341=CIRCLE('',#5550,0.00325);
#342=CIRCLE('',#5554,0.00325);
#343=CIRCLE('',#5555,0.00325);
#344=CIRCLE('',#5557,0.0013);
#345=CIRCLE('',#5558,0.0013);
#346=CIRCLE('',#5561,0.00325);
#347=CIRCLE('',#5562,0.00325);
#348=CIRCLE('',#5564,0.0013);
#349=CIRCLE('',#5565,0.0013);
#350=CIRCLE('',#5608,0.0013);
#351=CIRCLE('',#5609,0.0013);
#352=CIRCLE('',#5618,0.00135);
#353=CIRCLE('',#5619,0.00135);
#354=CIRCLE('',#5620,0.011);
#355=CIRCLE('',#5621,0.011);
#356=CIRCLE('',#5622,0.011);
#357=CIRCLE('',#5623,0.011);
#358=CIRCLE('',#5624,0.0011);
#359=CIRCLE('',#5625,0.0011);
#360=CIRCLE('',#5626,0.0011);
#361=CIRCLE('',#5627,0.00275);
#362=CIRCLE('',#5628,0.0011);
#363=CIRCLE('',#5629,0.04);
#364=CIRCLE('',#5630,0.01);
#365=CIRCLE('',#5631,0.01);
#366=CIRCLE('',#5632,0.04);
#367=CIRCLE('',#5633,0.04);
#368=CIRCLE('',#5634,0.01);
#369=CIRCLE('',#5635,0.01);
#370=CIRCLE('',#5636,0.04);
#371=CIRCLE('',#5637,0.04);
#372=CIRCLE('',#5638,0.01);
#373=CIRCLE('',#5639,0.01);
#374=CIRCLE('',#5640,0.04);
#375=CIRCLE('',#5641,0.04);
#376=CIRCLE('',#5642,0.01);
#377=CIRCLE('',#5643,0.01);
#378=CIRCLE('',#5644,0.04);
#379=CIRCLE('',#5645,0.0011);
#380=CIRCLE('',#5646,0.0011);
#381=CIRCLE('',#5647,0.0011);
#382=CIRCLE('',#5648,0.00275);
#383=CIRCLE('',#5649,0.0011);
#384=CIRCLE('',#5650,0.0011);
#385=CIRCLE('',#5651,0.0011);
#386=CIRCLE('',#5652,0.0011);
#387=CIRCLE('',#5653,0.00275);
#388=CIRCLE('',#5654,0.0011);
#389=CIRCLE('',#5655,0.0011);
#390=CIRCLE('',#5656,0.0011);
#391=CIRCLE('',#5657,0.0011);
#392=CIRCLE('',#5658,0.00275);
#393=CIRCLE('',#5659,0.0011);
#394=CIRCLE('',#5660,0.00135);
#395=CIRCLE('',#5661,0.00135);
#396=CIRCLE('',#5666,0.04);
#397=CIRCLE('',#5668,0.04);
#398=CIRCLE('',#5669,0.04);
#399=CIRCLE('',#5671,0.04);
#400=CIRCLE('',#5672,0.04);
#401=CIRCLE('',#5674,0.0013);
#402=CIRCLE('',#5675,0.04);
#403=CIRCLE('',#5677,0.04);
#404=CIRCLE('',#5678,0.04);
#405=CIRCLE('',#5686,0.011);
#406=CIRCLE('',#5688,0.011);
#407=CIRCLE('',#5690,0.011);
#408=CIRCLE('',#5692,0.011);
#409=CIRCLE('',#5698,0.0011);
#410=CIRCLE('',#5699,0.0011);
#411=CIRCLE('',#5700,0.0011);
#412=CIRCLE('',#5701,0.00275);
#413=CIRCLE('',#5702,0.0011);
#414=CIRCLE('',#5703,0.01);
#415=CIRCLE('',#5704,0.01);
#416=CIRCLE('',#5716,0.0011);
#417=CIRCLE('',#5717,0.0011);
#418=CIRCLE('',#5718,0.0011);
#419=CIRCLE('',#5719,0.00275);
#420=CIRCLE('',#5720,0.0011);
#421=CIRCLE('',#5721,0.01);
#422=CIRCLE('',#5722,0.01);
#423=CIRCLE('',#5736,0.0011);
#424=CIRCLE('',#5737,0.0011);
#425=CIRCLE('',#5738,0.0011);
#426=CIRCLE('',#5739,0.00275);
#427=CIRCLE('',#5740,0.0011);
#428=CIRCLE('',#5741,0.01);
#429=CIRCLE('',#5742,0.01);
#430=CIRCLE('',#5753,0.0011);
#431=CIRCLE('',#5754,0.0011);
#432=CIRCLE('',#5755,0.0011);
#433=CIRCLE('',#5756,0.00275);
#434=CIRCLE('',#5757,0.0011);
#435=CIRCLE('',#5758,0.01);
#436=CIRCLE('',#5759,0.01);
#437=CIRCLE('',#5775,0.00135);
#438=CIRCLE('',#5777,0.00135);
#439=CIRCLE('',#5779,0.00135);
#440=CIRCLE('',#5781,0.00135);
#441=CIRCLE('',#5806,0.0013);
#442=B_SPLINE_CURVE_WITH_KNOTS('',3,(#7286,#7287,#7288,#7289),
 .UNSPECIFIED.,.F.,.F.,(4,4),(0.,0.00100300245743983),.UNSPECIFIED.);
#443=B_SPLINE_CURVE_WITH_KNOTS('',3,(#7293,#7294,#7295,#7296),
 .UNSPECIFIED.,.F.,.F.,(4,4),(0.,0.00100300245743983),.UNSPECIFIED.);
#444=B_SPLINE_CURVE_WITH_KNOTS('',3,(#7320,#7321,#7322,#7323,#7324),
 .UNSPECIFIED.,.F.,.F.,(4,1,4),(0.,0.0047400480853578,0.00948009617071561),
 .UNSPECIFIED.);
#445=B_SPLINE_CURVE_WITH_KNOTS('',3,(#7328,#7329,#7330,#7331,#7332,#7333),
 .UNSPECIFIED.,.F.,.F.,(4,1,1,4),(0.,0.00237002916267469,0.00474005832534937,
0.00948011665069875),.UNSPECIFIED.);
#446=B_SPLINE_CURVE_WITH_KNOTS('',3,(#7337,#7338,#7339,#7340,#7341),
 .UNSPECIFIED.,.F.,.F.,(4,1,4),(0.,0.00474004808535781,0.00948009617071561),
 .UNSPECIFIED.);
#447=B_SPLINE_CURVE_WITH_KNOTS('',3,(#7345,#7346,#7347,#7348,#7349,#7350),
 .UNSPECIFIED.,.F.,.F.,(4,1,1,4),(0.,0.00237002916267468,0.00474005832534936,
0.00948011665069872),.UNSPECIFIED.);
#448=B_SPLINE_CURVE_WITH_KNOTS('',3,(#7361,#7362,#7363,#7364,#7365,#7366),
 .UNSPECIFIED.,.F.,.F.,(4,1,1,4),(0.,0.00220540831103655,0.00441081662207309,
0.00882163324414619),.UNSPECIFIED.);
#449=B_SPLINE_CURVE_WITH_KNOTS('',3,(#7367,#7368,#7369,#7370,#7371),
 .UNSPECIFIED.,.F.,.F.,(4,1,4),(0.,0.00474359236345699,0.00948718472691398),
 .UNSPECIFIED.);
#450=B_SPLINE_CURVE_WITH_KNOTS('',3,(#7375,#7376,#7377,#7378,#7379,#7380),
 .UNSPECIFIED.,.F.,.F.,(4,1,1,4),(0.,0.00237180386124217,0.00474360772248435,
0.0094872154449687),.UNSPECIFIED.);
#451=B_SPLINE_CURVE_WITH_KNOTS('',3,(#7381,#7382,#7383,#7384,#7385),
 .UNSPECIFIED.,.F.,.F.,(4,1,4),(0.,0.00440922652199587,0.00881845304399174),
 .UNSPECIFIED.);
#452=B_SPLINE_CURVE_WITH_KNOTS('',3,(#7389,#7390,#7391,#7392,#7393,#7394,
#7395),.UNSPECIFIED.,.F.,.F.,(4,1,1,1,4),(0.,0.00208367611060357,0.00416735222120714,
0.00625102833181071,0.00833470444241428),.UNSPECIFIED.);
#453=B_SPLINE_CURVE_WITH_KNOTS('',3,(#7399,#7400,#7401,#7402,#7403,#7404),
 .UNSPECIFIED.,.F.,.F.,(4,1,1,4),(0.,0.00416593299830359,0.00624889949745539,
0.00833186599660718),.UNSPECIFIED.);
#454=B_SPLINE_CURVE_WITH_KNOTS('',3,(#7412,#7413,#7414,#7415,#7416,#7417,
#7418),.UNSPECIFIED.,.F.,.F.,(4,1,1,1,4),(0.,0.00208367611060357,0.00416735222120714,
0.00625102833181071,0.00833470444241429),.UNSPECIFIED.);
#455=B_SPLINE_CURVE_WITH_KNOTS('',3,(#7422,#7423,#7424,#7425,#7426,#7427),
 .UNSPECIFIED.,.F.,.F.,(4,1,1,4),(0.,0.00416593299830358,0.00624889949745537,
0.00833186599660717),.UNSPECIFIED.);
#456=B_SPLINE_CURVE_WITH_KNOTS('',3,(#7441,#7442,#7443,#7444),
 .UNSPECIFIED.,.F.,.F.,(4,4),(0.,0.00100300245743983),.UNSPECIFIED.);
#457=B_SPLINE_CURVE_WITH_KNOTS('',3,(#7448,#7449,#7450,#7451),
 .UNSPECIFIED.,.F.,.F.,(4,4),(0.,0.00100300245743983),.UNSPECIFIED.);
#458=B_SPLINE_CURVE_WITH_KNOTS('',3,(#7507,#7508,#7509,#7510,#7511),
 .UNSPECIFIED.,.F.,.F.,(4,1,4),(0.,0.00295262131300293,0.00590524262600587),
 .UNSPECIFIED.);
#459=B_SPLINE_CURVE_WITH_KNOTS('',3,(#7512,#7513,#7514,#7515,#7516),
 .UNSPECIFIED.,.F.,.F.,(4,1,4),(0.,0.00295262131300294,0.00590524262600588),
 .UNSPECIFIED.);
#460=B_SPLINE_CURVE_WITH_KNOTS('',3,(#7524,#7525,#7526,#7527,#7528),
 .UNSPECIFIED.,.F.,.F.,(4,1,4),(0.,0.00295262131300293,0.00590524262600586),
 .UNSPECIFIED.);
#461=B_SPLINE_CURVE_WITH_KNOTS('',3,(#7529,#7530,#7531,#7532,#7533),
 .UNSPECIFIED.,.F.,.F.,(4,1,4),(0.,0.00295262131300294,0.00590524262600587),
 .UNSPECIFIED.);
#462=B_SPLINE_CURVE_WITH_KNOTS('',3,(#7551,#7552,#7553,#7554,#7555,#7556,
#7557),.UNSPECIFIED.,.F.,.F.,(4,1,1,1,4),(0.,0.000567597995566847,0.00113519599113369,
0.00170279398670054,0.00227039198226739),.UNSPECIFIED.);
#463=B_SPLINE_CURVE_WITH_KNOTS('',3,(#7558,#7559,#7560,#7561),
 .UNSPECIFIED.,.F.,.F.,(4,4),(0.,0.00164216075595637),.UNSPECIFIED.);
#464=B_SPLINE_CURVE_WITH_KNOTS('',3,(#7563,#7564,#7565,#7566,#7567,#7568,
#7569),.UNSPECIFIED.,.F.,.F.,(4,1,1,1,4),(0.,0.000563372447637897,0.00112674489527579,
0.00169011734291369,0.00225348979055159),.UNSPECIFIED.);
#465=B_SPLINE_CURVE_WITH_KNOTS('',3,(#7570,#7571,#7572,#7573),
 .UNSPECIFIED.,.F.,.F.,(4,4),(0.,0.00164514384967532),.UNSPECIFIED.);
#466=B_SPLINE_CURVE_WITH_KNOTS('',3,(#7575,#7576,#7577,#7578,#7579,#7580,
#7581),.UNSPECIFIED.,.F.,.F.,(4,1,1,1,4),(0.,0.000563372447637896,0.00112674489527579,
0.00169011734291369,0.00225348979055158),.UNSPECIFIED.);
#467=B_SPLINE_CURVE_WITH_KNOTS('',3,(#7582,#7583,#7584,#7585),
 .UNSPECIFIED.,.F.,.F.,(4,4),(8.67361737988404E-19,0.00164514384967534),
 .UNSPECIFIED.);
#468=B_SPLINE_CURVE_WITH_KNOTS('',3,(#7587,#7588,#7589,#7590,#7591,#7592,
#7593),.UNSPECIFIED.,.F.,.F.,(4,1,1,1,4),(0.,0.000567597995566838,0.00113519599113368,
0.00170279398670051,0.00227039198226735),.UNSPECIFIED.);
#469=B_SPLINE_CURVE_WITH_KNOTS('',3,(#7594,#7595,#7596,#7597),
 .UNSPECIFIED.,.F.,.F.,(4,4),(0.,0.00164216075595634),.UNSPECIFIED.);
#470=B_SPLINE_CURVE_WITH_KNOTS('',3,(#7739,#7740,#7741,#7742),
 .UNSPECIFIED.,.F.,.F.,(4,4),(0.,0.000665373418808216),.UNSPECIFIED.);
#471=B_SPLINE_CURVE_WITH_KNOTS('',3,(#7744,#7745,#7746,#7747),
 .UNSPECIFIED.,.F.,.F.,(4,4),(0.,0.000665373418808248),.UNSPECIFIED.);
#472=B_SPLINE_CURVE_WITH_KNOTS('',3,(#8133,#8134,#8135,#8136),
 .UNSPECIFIED.,.F.,.F.,(4,4),(0.,0.00125680278258245),.UNSPECIFIED.);
#473=B_SPLINE_CURVE_WITH_KNOTS('',3,(#8137,#8138,#8139,#8140),
 .UNSPECIFIED.,.F.,.F.,(4,4),(0.,0.00125676244980765),.UNSPECIFIED.);
#474=B_SPLINE_CURVE_WITH_KNOTS('',3,(#8319,#8320,#8321,#8322,#8323,#8324,
#8325,#8326,#8327,#8328,#8329,#8330,#8331,#8332,#8333),.UNSPECIFIED.,.F.,
 .F.,(4,1,1,1,1,1,1,1,1,1,1,1,4),(0.,0.0016324707405231,0.00244870611078465,
0.0032649414810462,0.00408117685130775,0.0048974122215693,0.00571364759183085,
0.0065298829620924,0.00734611833235395,0.0081623537026155,0.0097948244431386,
0.0114272951836617,0.0130597659241848),.UNSPECIFIED.);
#475=B_SPLINE_CURVE_WITH_KNOTS('',3,(#8334,#8335,#8336,#8337,#8338,#8339,
#8340,#8341,#8342,#8343,#8344,#8345,#8346,#8347,#8348),.UNSPECIFIED.,.F.,
 .F.,(4,1,1,1,1,1,1,1,1,1,1,1,4),(0.,0.00164283520324915,0.0032856704064983,
0.00492850560974745,0.00574992321137202,0.00657134081299659,0.00739275841462117,
0.00821417601624574,0.00903559361787032,0.00985701121949489,0.0106784288211195,
0.011499846422744,0.0131426816259932),.UNSPECIFIED.);
#476=B_SPLINE_CURVE_WITH_KNOTS('',3,(#8354,#8355,#8356,#8357,#8358,#8359,
#8360,#8361,#8362,#8363,#8364,#8365,#8366,#8367,#8368),.UNSPECIFIED.,.F.,
 .F.,(4,1,1,1,1,1,1,1,1,1,1,1,4),(0.,0.00163247074052315,0.00244870611078473,
0.0032649414810463,0.00408117685130788,0.00489741222156945,0.00571364759183103,
0.0065298829620926,0.00734611833235418,0.00816235370261575,0.00979482444313891,
0.0114272951836621,0.0130597659241852),.UNSPECIFIED.);
#477=B_SPLINE_CURVE_WITH_KNOTS('',3,(#8369,#8370,#8371,#8372,#8373,#8374,
#8375,#8376,#8377,#8378,#8379,#8380,#8381,#8382,#8383),.UNSPECIFIED.,.F.,
 .F.,(4,1,1,1,1,1,1,1,1,1,1,1,4),(0.,0.00164283520324329,0.00328567040648658,
0.00492850560972987,0.00574992321135152,0.00657134081297317,0.00739275841459481,
0.00821417601621646,0.00903559361783811,0.00985701121945975,0.0106784288210814,
0.011499846422703,0.0131426816259463),.UNSPECIFIED.);
#478=B_SPLINE_CURVE_WITH_KNOTS('',3,(#8391,#8392,#8393,#8394,#8395,#8396,
#8397,#8398,#8399,#8400,#8401),.UNSPECIFIED.,.F.,.F.,(4,1,1,1,1,1,1,1,4),
(0.,0.00144648552693025,0.00289297105386051,0.00361621381732564,0.00433945658079076,
0.00578594210772102,0.00723242763465127,0.00867891316158152,0.011571884215442),
 .UNSPECIFIED.);
#479=B_SPLINE_CURVE_WITH_KNOTS('',3,(#8402,#8403,#8404,#8405,#8406,#8407,
#8408,#8409,#8410,#8411,#8412,#8413),.UNSPECIFIED.,.F.,.F.,(4,1,1,1,1,1,
1,1,1,4),(0.,0.00143057704504525,0.00286115409009049,0.00429173113513574,
0.00572230818018099,0.00715288522522623,0.00786817374774886,0.00858346227027148,
0.0100140393153167,0.011444616360362),.UNSPECIFIED.);
#480=B_SPLINE_CURVE_WITH_KNOTS('',3,(#8419,#8420,#8421,#8422,#8423,#8424,
#8425,#8426,#8427,#8428,#8429),.UNSPECIFIED.,.F.,.F.,(4,1,1,1,1,1,1,1,4),
(0.,0.00144648552692866,0.00289297105385732,0.00361621381732165,0.00433945658078598,
0.00578594210771464,0.0072324276346433,0.00867891316157196,0.0115718842154293),
 .UNSPECIFIED.);
#481=B_SPLINE_CURVE_WITH_KNOTS('',3,(#8430,#8431,#8432,#8433,#8434,#8435,
#8436,#8437,#8438,#8439,#8440,#8441),.UNSPECIFIED.,.F.,.F.,(4,1,1,1,1,1,
1,1,1,4),(0.,0.00143057704504522,0.00286115409009044,0.00429173113513566,
0.00572230818018088,0.0071528852252261,0.00786817374774871,0.00858346227027132,
0.0100140393153165,0.0114446163603618),.UNSPECIFIED.);
#482=ORIENTED_EDGE('',*,*,#1926,.T.);
#483=ORIENTED_EDGE('',*,*,#1927,.T.);
#484=ORIENTED_EDGE('',*,*,#1928,.F.);
#485=ORIENTED_EDGE('',*,*,#1929,.T.);
#486=ORIENTED_EDGE('',*,*,#1930,.T.);
#487=ORIENTED_EDGE('',*,*,#1931,.T.);
#488=ORIENTED_EDGE('',*,*,#1932,.T.);
#489=ORIENTED_EDGE('',*,*,#1933,.T.);
#490=ORIENTED_EDGE('',*,*,#1934,.T.);
#491=ORIENTED_EDGE('',*,*,#1935,.T.);
#492=ORIENTED_EDGE('',*,*,#1936,.T.);
#493=ORIENTED_EDGE('',*,*,#1937,.T.);
#494=ORIENTED_EDGE('',*,*,#1938,.F.);
#495=ORIENTED_EDGE('',*,*,#1939,.T.);
#496=ORIENTED_EDGE('',*,*,#1938,.T.);
#497=ORIENTED_EDGE('',*,*,#1940,.T.);
#498=ORIENTED_EDGE('',*,*,#1941,.T.);
#499=ORIENTED_EDGE('',*,*,#1942,.T.);
#500=ORIENTED_EDGE('',*,*,#1943,.F.);
#501=ORIENTED_EDGE('',*,*,#1944,.T.);
#502=ORIENTED_EDGE('',*,*,#1945,.F.);
#503=ORIENTED_EDGE('',*,*,#1946,.T.);
#504=ORIENTED_EDGE('',*,*,#1943,.T.);
#505=ORIENTED_EDGE('',*,*,#1947,.T.);
#506=ORIENTED_EDGE('',*,*,#1948,.F.);
#507=ORIENTED_EDGE('',*,*,#1949,.T.);
#508=ORIENTED_EDGE('',*,*,#1950,.T.);
#509=ORIENTED_EDGE('',*,*,#1951,.T.);
#510=ORIENTED_EDGE('',*,*,#1936,.F.);
#511=ORIENTED_EDGE('',*,*,#1952,.T.);
#512=ORIENTED_EDGE('',*,*,#1953,.T.);
#513=ORIENTED_EDGE('',*,*,#1954,.T.);
#514=ORIENTED_EDGE('',*,*,#1948,.T.);
#515=ORIENTED_EDGE('',*,*,#1955,.T.);
#516=ORIENTED_EDGE('',*,*,#1956,.T.);
#517=ORIENTED_EDGE('',*,*,#1957,.T.);
#518=ORIENTED_EDGE('',*,*,#1958,.T.);
#519=ORIENTED_EDGE('',*,*,#1959,.T.);
#520=ORIENTED_EDGE('',*,*,#1960,.T.);
#521=ORIENTED_EDGE('',*,*,#1961,.F.);
#522=ORIENTED_EDGE('',*,*,#1962,.T.);
#523=ORIENTED_EDGE('',*,*,#1963,.T.);
#524=ORIENTED_EDGE('',*,*,#1964,.T.);
#525=ORIENTED_EDGE('',*,*,#1965,.T.);
#526=ORIENTED_EDGE('',*,*,#1966,.F.);
#527=ORIENTED_EDGE('',*,*,#1967,.T.);
#528=ORIENTED_EDGE('',*,*,#1968,.T.);
#529=ORIENTED_EDGE('',*,*,#1969,.T.);
#530=ORIENTED_EDGE('',*,*,#1970,.T.);
#531=ORIENTED_EDGE('',*,*,#1971,.T.);
#532=ORIENTED_EDGE('',*,*,#1972,.F.);
#533=ORIENTED_EDGE('',*,*,#1973,.T.);
#534=ORIENTED_EDGE('',*,*,#1974,.T.);
#535=ORIENTED_EDGE('',*,*,#1975,.T.);
#536=ORIENTED_EDGE('',*,*,#1976,.T.);
#537=ORIENTED_EDGE('',*,*,#1977,.T.);
#538=ORIENTED_EDGE('',*,*,#1978,.T.);
#539=ORIENTED_EDGE('',*,*,#1979,.T.);
#540=ORIENTED_EDGE('',*,*,#1980,.T.);
#541=ORIENTED_EDGE('',*,*,#1981,.F.);
#542=ORIENTED_EDGE('',*,*,#1982,.T.);
#543=ORIENTED_EDGE('',*,*,#1983,.F.);
#544=ORIENTED_EDGE('',*,*,#1984,.T.);
#545=ORIENTED_EDGE('',*,*,#1985,.F.);
#546=ORIENTED_EDGE('',*,*,#1986,.T.);
#547=ORIENTED_EDGE('',*,*,#1987,.F.);
#548=ORIENTED_EDGE('',*,*,#1988,.T.);
#549=ORIENTED_EDGE('',*,*,#1989,.F.);
#550=ORIENTED_EDGE('',*,*,#1990,.F.);
#551=ORIENTED_EDGE('',*,*,#1991,.T.);
#552=ORIENTED_EDGE('',*,*,#1992,.T.);
#553=ORIENTED_EDGE('',*,*,#1993,.T.);
#554=ORIENTED_EDGE('',*,*,#1994,.T.);
#555=ORIENTED_EDGE('',*,*,#1995,.T.);
#556=ORIENTED_EDGE('',*,*,#1996,.T.);
#557=ORIENTED_EDGE('',*,*,#1997,.T.);
#558=ORIENTED_EDGE('',*,*,#1928,.T.);
#559=ORIENTED_EDGE('',*,*,#1998,.T.);
#560=ORIENTED_EDGE('',*,*,#1999,.T.);
#561=ORIENTED_EDGE('',*,*,#2000,.T.);
#562=ORIENTED_EDGE('',*,*,#2001,.T.);
#563=ORIENTED_EDGE('',*,*,#2002,.T.);
#564=ORIENTED_EDGE('',*,*,#1972,.T.);
#565=ORIENTED_EDGE('',*,*,#2003,.T.);
#566=ORIENTED_EDGE('',*,*,#1988,.F.);
#567=ORIENTED_EDGE('',*,*,#1986,.F.);
#568=ORIENTED_EDGE('',*,*,#1984,.F.);
#569=ORIENTED_EDGE('',*,*,#1982,.F.);
#570=ORIENTED_EDGE('',*,*,#1980,.F.);
#571=ORIENTED_EDGE('',*,*,#1975,.F.);
#572=ORIENTED_EDGE('',*,*,#2004,.T.);
#573=ORIENTED_EDGE('',*,*,#1966,.T.);
#574=ORIENTED_EDGE('',*,*,#2005,.T.);
#575=ORIENTED_EDGE('',*,*,#1961,.T.);
#576=ORIENTED_EDGE('',*,*,#2006,.T.);
#577=ORIENTED_EDGE('',*,*,#1978,.F.);
#578=ORIENTED_EDGE('',*,*,#2007,.T.);
#579=ORIENTED_EDGE('',*,*,#1941,.F.);
#580=ORIENTED_EDGE('',*,*,#2008,.T.);
#581=ORIENTED_EDGE('',*,*,#2009,.T.);
#582=ORIENTED_EDGE('',*,*,#1934,.F.);
#583=ORIENTED_EDGE('',*,*,#2010,.T.);
#584=ORIENTED_EDGE('',*,*,#1931,.F.);
#585=ORIENTED_EDGE('',*,*,#2011,.T.);
#586=ORIENTED_EDGE('',*,*,#1990,.T.);
#587=ORIENTED_EDGE('',*,*,#2012,.T.);
#588=ORIENTED_EDGE('',*,*,#2013,.T.);
#589=ORIENTED_EDGE('',*,*,#1981,.T.);
#590=ORIENTED_EDGE('',*,*,#1983,.T.);
#591=ORIENTED_EDGE('',*,*,#1985,.T.);
#592=ORIENTED_EDGE('',*,*,#1987,.T.);
#593=ORIENTED_EDGE('',*,*,#1989,.T.);
#594=ORIENTED_EDGE('',*,*,#1953,.F.);
#595=ORIENTED_EDGE('',*,*,#2014,.T.);
#596=ORIENTED_EDGE('',*,*,#1945,.T.);
#597=ORIENTED_EDGE('',*,*,#2015,.T.);
#598=ORIENTED_EDGE('',*,*,#1992,.F.);
#599=ORIENTED_EDGE('',*,*,#2016,.T.);
#600=ORIENTED_EDGE('',*,*,#1996,.F.);
#601=ORIENTED_EDGE('',*,*,#2017,.T.);
#602=ORIENTED_EDGE('',*,*,#1994,.F.);
#603=ORIENTED_EDGE('',*,*,#2018,.T.);
#604=ORIENTED_EDGE('',*,*,#1976,.F.);
#605=ORIENTED_EDGE('',*,*,#2019,.T.);
#606=ORIENTED_EDGE('',*,*,#1999,.F.);
#607=ORIENTED_EDGE('',*,*,#2020,.T.);
#608=ORIENTED_EDGE('',*,*,#1932,.F.);
#609=ORIENTED_EDGE('',*,*,#2021,.T.);
#610=ORIENTED_EDGE('',*,*,#1968,.F.);
#611=ORIENTED_EDGE('',*,*,#2022,.T.);
#612=ORIENTED_EDGE('',*,*,#2001,.F.);
#613=ORIENTED_EDGE('',*,*,#2023,.T.);
#614=ORIENTED_EDGE('',*,*,#2010,.F.);
#615=ORIENTED_EDGE('',*,*,#1933,.F.);
#616=ORIENTED_EDGE('',*,*,#2024,.F.);
#617=ORIENTED_EDGE('',*,*,#1926,.F.);
#618=ORIENTED_EDGE('',*,*,#2024,.T.);
#619=ORIENTED_EDGE('',*,*,#2020,.F.);
#620=ORIENTED_EDGE('',*,*,#1998,.F.);
#621=ORIENTED_EDGE('',*,*,#1927,.F.);
#622=ORIENTED_EDGE('',*,*,#2011,.F.);
#623=ORIENTED_EDGE('',*,*,#1930,.F.);
#624=ORIENTED_EDGE('',*,*,#2025,.F.);
#625=ORIENTED_EDGE('',*,*,#1991,.F.);
#626=ORIENTED_EDGE('',*,*,#1997,.F.);
#627=ORIENTED_EDGE('',*,*,#2016,.F.);
#628=ORIENTED_EDGE('',*,*,#2025,.T.);
#629=ORIENTED_EDGE('',*,*,#1929,.F.);
#630=ORIENTED_EDGE('',*,*,#2007,.F.);
#631=ORIENTED_EDGE('',*,*,#1977,.F.);
#632=ORIENTED_EDGE('',*,*,#2026,.F.);
#633=ORIENTED_EDGE('',*,*,#1970,.F.);
#634=ORIENTED_EDGE('',*,*,#2026,.T.);
#635=ORIENTED_EDGE('',*,*,#2018,.F.);
#636=ORIENTED_EDGE('',*,*,#2003,.F.);
#637=ORIENTED_EDGE('',*,*,#1971,.F.);
#638=ORIENTED_EDGE('',*,*,#2004,.F.);
#639=ORIENTED_EDGE('',*,*,#1974,.F.);
#640=ORIENTED_EDGE('',*,*,#2027,.F.);
#641=ORIENTED_EDGE('',*,*,#1967,.F.);
#642=ORIENTED_EDGE('',*,*,#2002,.F.);
#643=ORIENTED_EDGE('',*,*,#2022,.F.);
#644=ORIENTED_EDGE('',*,*,#2027,.T.);
#645=ORIENTED_EDGE('',*,*,#1973,.F.);
#646=ORIENTED_EDGE('',*,*,#2006,.F.);
#647=ORIENTED_EDGE('',*,*,#1960,.F.);
#648=ORIENTED_EDGE('',*,*,#2028,.F.);
#649=ORIENTED_EDGE('',*,*,#1979,.F.);
#650=ORIENTED_EDGE('',*,*,#2028,.T.);
#651=ORIENTED_EDGE('',*,*,#1959,.F.);
#652=ORIENTED_EDGE('',*,*,#2029,.F.);
#653=ORIENTED_EDGE('',*,*,#2019,.F.);
#654=ORIENTED_EDGE('',*,*,#2029,.T.);
#655=ORIENTED_EDGE('',*,*,#1958,.F.);
#656=ORIENTED_EDGE('',*,*,#2030,.F.);
#657=ORIENTED_EDGE('',*,*,#1995,.F.);
#658=ORIENTED_EDGE('',*,*,#2030,.T.);
#659=ORIENTED_EDGE('',*,*,#1957,.F.);
#660=ORIENTED_EDGE('',*,*,#2031,.F.);
#661=ORIENTED_EDGE('',*,*,#2017,.F.);
#662=ORIENTED_EDGE('',*,*,#1956,.F.);
#663=ORIENTED_EDGE('',*,*,#2032,.T.);
#664=ORIENTED_EDGE('',*,*,#2012,.F.);
#665=ORIENTED_EDGE('',*,*,#1993,.F.);
#666=ORIENTED_EDGE('',*,*,#2031,.T.);
#667=ORIENTED_EDGE('',*,*,#2009,.F.);
#668=ORIENTED_EDGE('',*,*,#2033,.T.);
#669=ORIENTED_EDGE('',*,*,#1950,.F.);
#670=ORIENTED_EDGE('',*,*,#2034,.F.);
#671=ORIENTED_EDGE('',*,*,#1935,.F.);
#672=ORIENTED_EDGE('',*,*,#2034,.T.);
#673=ORIENTED_EDGE('',*,*,#1965,.F.);
#674=ORIENTED_EDGE('',*,*,#2035,.F.);
#675=ORIENTED_EDGE('',*,*,#2021,.F.);
#676=ORIENTED_EDGE('',*,*,#2035,.T.);
#677=ORIENTED_EDGE('',*,*,#1964,.F.);
#678=ORIENTED_EDGE('',*,*,#2036,.F.);
#679=ORIENTED_EDGE('',*,*,#2000,.F.);
#680=ORIENTED_EDGE('',*,*,#2036,.T.);
#681=ORIENTED_EDGE('',*,*,#1963,.F.);
#682=ORIENTED_EDGE('',*,*,#2037,.F.);
#683=ORIENTED_EDGE('',*,*,#2023,.F.);
#684=ORIENTED_EDGE('',*,*,#2037,.T.);
#685=ORIENTED_EDGE('',*,*,#1962,.F.);
#686=ORIENTED_EDGE('',*,*,#2005,.F.);
#687=ORIENTED_EDGE('',*,*,#1969,.F.);
#688=ORIENTED_EDGE('',*,*,#2033,.F.);
#689=ORIENTED_EDGE('',*,*,#2008,.F.);
#690=ORIENTED_EDGE('',*,*,#1940,.F.);
#691=ORIENTED_EDGE('',*,*,#1937,.F.);
#692=ORIENTED_EDGE('',*,*,#1951,.F.);
#693=ORIENTED_EDGE('',*,*,#1952,.F.);
#694=ORIENTED_EDGE('',*,*,#1939,.F.);
#695=ORIENTED_EDGE('',*,*,#1946,.F.);
#696=ORIENTED_EDGE('',*,*,#2014,.F.);
#697=ORIENTED_EDGE('',*,*,#1955,.F.);
#698=ORIENTED_EDGE('',*,*,#1947,.F.);
#699=ORIENTED_EDGE('',*,*,#1942,.F.);
#700=ORIENTED_EDGE('',*,*,#2013,.F.);
#701=ORIENTED_EDGE('',*,*,#2032,.F.);
#702=ORIENTED_EDGE('',*,*,#1954,.F.);
#703=ORIENTED_EDGE('',*,*,#2015,.F.);
#704=ORIENTED_EDGE('',*,*,#1944,.F.);
#705=ORIENTED_EDGE('',*,*,#1949,.F.);
#706=ORIENTED_EDGE('',*,*,#2038,.T.);
#707=ORIENTED_EDGE('',*,*,#2039,.T.);
#708=ORIENTED_EDGE('',*,*,#2040,.F.);
#709=ORIENTED_EDGE('',*,*,#2041,.T.);
#710=ORIENTED_EDGE('',*,*,#2042,.T.);
#711=ORIENTED_EDGE('',*,*,#2043,.T.);
#712=ORIENTED_EDGE('',*,*,#2044,.T.);
#713=ORIENTED_EDGE('',*,*,#2045,.T.);
#714=ORIENTED_EDGE('',*,*,#2046,.T.);
#715=ORIENTED_EDGE('',*,*,#2047,.F.);
#716=ORIENTED_EDGE('',*,*,#2048,.T.);
#717=ORIENTED_EDGE('',*,*,#2049,.F.);
#718=ORIENTED_EDGE('',*,*,#2050,.T.);
#719=ORIENTED_EDGE('',*,*,#2051,.T.);
#720=ORIENTED_EDGE('',*,*,#2052,.F.);
#721=ORIENTED_EDGE('',*,*,#2053,.T.);
#722=ORIENTED_EDGE('',*,*,#2054,.F.);
#723=ORIENTED_EDGE('',*,*,#2055,.T.);
#724=ORIENTED_EDGE('',*,*,#2056,.T.);
#725=ORIENTED_EDGE('',*,*,#2057,.T.);
#726=ORIENTED_EDGE('',*,*,#2058,.F.);
#727=ORIENTED_EDGE('',*,*,#2059,.T.);
#728=ORIENTED_EDGE('',*,*,#2060,.T.);
#729=ORIENTED_EDGE('',*,*,#2061,.T.);
#730=ORIENTED_EDGE('',*,*,#2062,.F.);
#731=ORIENTED_EDGE('',*,*,#2063,.F.);
#732=ORIENTED_EDGE('',*,*,#2064,.T.);
#733=ORIENTED_EDGE('',*,*,#2065,.T.);
#734=ORIENTED_EDGE('',*,*,#2066,.T.);
#735=ORIENTED_EDGE('',*,*,#2067,.F.);
#736=ORIENTED_EDGE('',*,*,#2068,.F.);
#737=ORIENTED_EDGE('',*,*,#2069,.T.);
#738=ORIENTED_EDGE('',*,*,#2070,.T.);
#739=ORIENTED_EDGE('',*,*,#2071,.T.);
#740=ORIENTED_EDGE('',*,*,#2072,.T.);
#741=ORIENTED_EDGE('',*,*,#2073,.T.);
#742=ORIENTED_EDGE('',*,*,#2074,.T.);
#743=ORIENTED_EDGE('',*,*,#2075,.T.);
#744=ORIENTED_EDGE('',*,*,#2076,.T.);
#745=ORIENTED_EDGE('',*,*,#2077,.F.);
#746=ORIENTED_EDGE('',*,*,#2078,.T.);
#747=ORIENTED_EDGE('',*,*,#2079,.F.);
#748=ORIENTED_EDGE('',*,*,#2080,.F.);
#749=ORIENTED_EDGE('',*,*,#2081,.T.);
#750=ORIENTED_EDGE('',*,*,#2082,.T.);
#751=ORIENTED_EDGE('',*,*,#2083,.T.);
#752=ORIENTED_EDGE('',*,*,#2084,.T.);
#753=ORIENTED_EDGE('',*,*,#2085,.T.);
#754=ORIENTED_EDGE('',*,*,#2086,.F.);
#755=ORIENTED_EDGE('',*,*,#2087,.T.);
#756=ORIENTED_EDGE('',*,*,#2054,.T.);
#757=ORIENTED_EDGE('',*,*,#2088,.T.);
#758=ORIENTED_EDGE('',*,*,#2089,.F.);
#759=ORIENTED_EDGE('',*,*,#2090,.F.);
#760=ORIENTED_EDGE('',*,*,#2091,.F.);
#761=ORIENTED_EDGE('',*,*,#2092,.F.);
#762=ORIENTED_EDGE('',*,*,#2093,.T.);
#763=ORIENTED_EDGE('',*,*,#2094,.T.);
#764=ORIENTED_EDGE('',*,*,#2095,.T.);
#765=ORIENTED_EDGE('',*,*,#2096,.T.);
#766=ORIENTED_EDGE('',*,*,#2097,.T.);
#767=ORIENTED_EDGE('',*,*,#2098,.F.);
#768=ORIENTED_EDGE('',*,*,#2099,.F.);
#769=ORIENTED_EDGE('',*,*,#2100,.T.);
#770=ORIENTED_EDGE('',*,*,#2101,.F.);
#771=ORIENTED_EDGE('',*,*,#2102,.T.);
#772=ORIENTED_EDGE('',*,*,#2103,.T.);
#773=ORIENTED_EDGE('',*,*,#2104,.F.);
#774=ORIENTED_EDGE('',*,*,#2105,.T.);
#775=ORIENTED_EDGE('',*,*,#2106,.T.);
#776=ORIENTED_EDGE('',*,*,#2107,.F.);
#777=ORIENTED_EDGE('',*,*,#2108,.T.);
#778=ORIENTED_EDGE('',*,*,#2109,.T.);
#779=ORIENTED_EDGE('',*,*,#2110,.T.);
#780=ORIENTED_EDGE('',*,*,#2111,.F.);
#781=ORIENTED_EDGE('',*,*,#2089,.T.);
#782=ORIENTED_EDGE('',*,*,#2112,.T.);
#783=ORIENTED_EDGE('',*,*,#2113,.T.);
#784=ORIENTED_EDGE('',*,*,#2114,.F.);
#785=ORIENTED_EDGE('',*,*,#2115,.T.);
#786=ORIENTED_EDGE('',*,*,#2116,.F.);
#787=ORIENTED_EDGE('',*,*,#2117,.F.);
#788=ORIENTED_EDGE('',*,*,#2118,.T.);
#789=ORIENTED_EDGE('',*,*,#2119,.T.);
#790=ORIENTED_EDGE('',*,*,#2120,.T.);
#791=ORIENTED_EDGE('',*,*,#2121,.T.);
#792=ORIENTED_EDGE('',*,*,#2098,.T.);
#793=ORIENTED_EDGE('',*,*,#2122,.T.);
#794=ORIENTED_EDGE('',*,*,#2056,.F.);
#795=ORIENTED_EDGE('',*,*,#2123,.T.);
#796=ORIENTED_EDGE('',*,*,#2124,.T.);
#797=ORIENTED_EDGE('',*,*,#2125,.T.);
#798=ORIENTED_EDGE('',*,*,#2126,.T.);
#799=ORIENTED_EDGE('',*,*,#2127,.T.);
#800=ORIENTED_EDGE('',*,*,#2128,.T.);
#801=ORIENTED_EDGE('',*,*,#2129,.T.);
#802=ORIENTED_EDGE('',*,*,#2130,.F.);
#803=ORIENTED_EDGE('',*,*,#2131,.T.);
#804=ORIENTED_EDGE('',*,*,#2132,.T.);
#805=ORIENTED_EDGE('',*,*,#2133,.T.);
#806=ORIENTED_EDGE('',*,*,#2134,.F.);
#807=ORIENTED_EDGE('',*,*,#2135,.T.);
#808=ORIENTED_EDGE('',*,*,#2073,.F.);
#809=ORIENTED_EDGE('',*,*,#2136,.T.);
#810=ORIENTED_EDGE('',*,*,#2124,.F.);
#811=ORIENTED_EDGE('',*,*,#2137,.T.);
#812=ORIENTED_EDGE('',*,*,#2130,.T.);
#813=ORIENTED_EDGE('',*,*,#2138,.T.);
#814=ORIENTED_EDGE('',*,*,#2134,.T.);
#815=ORIENTED_EDGE('',*,*,#2139,.T.);
#816=ORIENTED_EDGE('',*,*,#2069,.F.);
#817=ORIENTED_EDGE('',*,*,#2140,.F.);
#818=ORIENTED_EDGE('',*,*,#2092,.T.);
#819=ORIENTED_EDGE('',*,*,#2141,.F.);
#820=ORIENTED_EDGE('',*,*,#2105,.F.);
#821=ORIENTED_EDGE('',*,*,#2142,.T.);
#822=ORIENTED_EDGE('',*,*,#2114,.T.);
#823=ORIENTED_EDGE('',*,*,#2143,.T.);
#824=ORIENTED_EDGE('',*,*,#2144,.T.);
#825=ORIENTED_EDGE('',*,*,#2145,.T.);
#826=ORIENTED_EDGE('',*,*,#2146,.T.);
#827=ORIENTED_EDGE('',*,*,#2147,.T.);
#828=ORIENTED_EDGE('',*,*,#2148,.F.);
#829=ORIENTED_EDGE('',*,*,#2149,.T.);
#830=ORIENTED_EDGE('',*,*,#2040,.T.);
#831=ORIENTED_EDGE('',*,*,#2150,.F.);
#832=ORIENTED_EDGE('',*,*,#2151,.T.);
#833=ORIENTED_EDGE('',*,*,#2152,.T.);
#834=ORIENTED_EDGE('',*,*,#2153,.T.);
#835=ORIENTED_EDGE('',*,*,#2079,.T.);
#836=ORIENTED_EDGE('',*,*,#2154,.T.);
#837=ORIENTED_EDGE('',*,*,#2099,.T.);
#838=ORIENTED_EDGE('',*,*,#2123,.F.);
#839=ORIENTED_EDGE('',*,*,#2055,.F.);
#840=ORIENTED_EDGE('',*,*,#2090,.T.);
#841=ORIENTED_EDGE('',*,*,#2111,.T.);
#842=ORIENTED_EDGE('',*,*,#2155,.T.);
#843=ORIENTED_EDGE('',*,*,#2063,.T.);
#844=ORIENTED_EDGE('',*,*,#2156,.F.);
#845=ORIENTED_EDGE('',*,*,#2157,.T.);
#846=ORIENTED_EDGE('',*,*,#2158,.T.);
#847=ORIENTED_EDGE('',*,*,#2103,.F.);
#848=ORIENTED_EDGE('',*,*,#2159,.T.);
#849=ORIENTED_EDGE('',*,*,#2075,.F.);
#850=ORIENTED_EDGE('',*,*,#2160,.F.);
#851=ORIENTED_EDGE('',*,*,#2116,.T.);
#852=ORIENTED_EDGE('',*,*,#2140,.T.);
#853=ORIENTED_EDGE('',*,*,#2068,.T.);
#854=ORIENTED_EDGE('',*,*,#2161,.F.);
#855=ORIENTED_EDGE('',*,*,#2093,.F.);
#856=ORIENTED_EDGE('',*,*,#2117,.T.);
#857=ORIENTED_EDGE('',*,*,#2160,.T.);
#858=ORIENTED_EDGE('',*,*,#2074,.F.);
#859=ORIENTED_EDGE('',*,*,#2143,.F.);
#860=ORIENTED_EDGE('',*,*,#2077,.T.);
#861=ORIENTED_EDGE('',*,*,#2162,.T.);
#862=ORIENTED_EDGE('',*,*,#2101,.T.);
#863=ORIENTED_EDGE('',*,*,#2163,.T.);
#864=ORIENTED_EDGE('',*,*,#2109,.F.);
#865=ORIENTED_EDGE('',*,*,#2164,.T.);
#866=ORIENTED_EDGE('',*,*,#2065,.F.);
#867=ORIENTED_EDGE('',*,*,#2165,.T.);
#868=ORIENTED_EDGE('',*,*,#2067,.T.);
#869=ORIENTED_EDGE('',*,*,#2166,.T.);
#870=ORIENTED_EDGE('',*,*,#2107,.T.);
#871=ORIENTED_EDGE('',*,*,#2167,.T.);
#872=ORIENTED_EDGE('',*,*,#2094,.F.);
#873=ORIENTED_EDGE('',*,*,#2161,.T.);
#874=ORIENTED_EDGE('',*,*,#2102,.F.);
#875=ORIENTED_EDGE('',*,*,#2162,.F.);
#876=ORIENTED_EDGE('',*,*,#2076,.F.);
#877=ORIENTED_EDGE('',*,*,#2159,.F.);
#878=ORIENTED_EDGE('',*,*,#2108,.F.);
#879=ORIENTED_EDGE('',*,*,#2166,.F.);
#880=ORIENTED_EDGE('',*,*,#2066,.F.);
#881=ORIENTED_EDGE('',*,*,#2164,.F.);
#882=ORIENTED_EDGE('',*,*,#2110,.F.);
#883=ORIENTED_EDGE('',*,*,#2165,.F.);
#884=ORIENTED_EDGE('',*,*,#2064,.F.);
#885=ORIENTED_EDGE('',*,*,#2155,.F.);
#886=ORIENTED_EDGE('',*,*,#2100,.F.);
#887=ORIENTED_EDGE('',*,*,#2154,.F.);
#888=ORIENTED_EDGE('',*,*,#2078,.F.);
#889=ORIENTED_EDGE('',*,*,#2163,.F.);
#890=ORIENTED_EDGE('',*,*,#2158,.F.);
#891=ORIENTED_EDGE('',*,*,#2115,.F.);
#892=ORIENTED_EDGE('',*,*,#2142,.F.);
#893=ORIENTED_EDGE('',*,*,#2104,.T.);
#894=ORIENTED_EDGE('',*,*,#2167,.F.);
#895=ORIENTED_EDGE('',*,*,#2106,.F.);
#896=ORIENTED_EDGE('',*,*,#2141,.T.);
#897=ORIENTED_EDGE('',*,*,#2091,.T.);
#898=ORIENTED_EDGE('',*,*,#2052,.T.);
#899=ORIENTED_EDGE('',*,*,#2168,.T.);
#900=ORIENTED_EDGE('',*,*,#2169,.T.);
#901=ORIENTED_EDGE('',*,*,#2170,.T.);
#902=ORIENTED_EDGE('',*,*,#2171,.T.);
#903=ORIENTED_EDGE('',*,*,#2172,.T.);
#904=ORIENTED_EDGE('',*,*,#2042,.F.);
#905=ORIENTED_EDGE('',*,*,#2173,.T.);
#906=ORIENTED_EDGE('',*,*,#2097,.F.);
#907=ORIENTED_EDGE('',*,*,#2174,.T.);
#908=ORIENTED_EDGE('',*,*,#2173,.F.);
#909=ORIENTED_EDGE('',*,*,#2057,.F.);
#910=ORIENTED_EDGE('',*,*,#2122,.F.);
#911=ORIENTED_EDGE('',*,*,#2170,.F.);
#912=ORIENTED_EDGE('',*,*,#2175,.T.);
#913=ORIENTED_EDGE('',*,*,#2112,.F.);
#914=ORIENTED_EDGE('',*,*,#2088,.F.);
#915=ORIENTED_EDGE('',*,*,#2053,.F.);
#916=ORIENTED_EDGE('',*,*,#2082,.F.);
#917=ORIENTED_EDGE('',*,*,#2176,.T.);
#918=ORIENTED_EDGE('',*,*,#2049,.T.);
#919=ORIENTED_EDGE('',*,*,#2177,.T.);
#920=ORIENTED_EDGE('',*,*,#2080,.T.);
#921=ORIENTED_EDGE('',*,*,#2178,.T.);
#922=ORIENTED_EDGE('',*,*,#2179,.T.);
#923=ORIENTED_EDGE('',*,*,#2180,.T.);
#924=ORIENTED_EDGE('',*,*,#2045,.F.);
#925=ORIENTED_EDGE('',*,*,#2181,.T.);
#926=ORIENTED_EDGE('',*,*,#2086,.T.);
#927=ORIENTED_EDGE('',*,*,#2182,.T.);
#928=ORIENTED_EDGE('',*,*,#2047,.T.);
#929=ORIENTED_EDGE('',*,*,#2183,.T.);
#930=ORIENTED_EDGE('',*,*,#2084,.F.);
#931=ORIENTED_EDGE('',*,*,#2184,.T.);
#932=ORIENTED_EDGE('',*,*,#2137,.F.);
#933=ORIENTED_EDGE('',*,*,#2127,.F.);
#934=ORIENTED_EDGE('',*,*,#2185,.F.);
#935=ORIENTED_EDGE('',*,*,#2131,.F.);
#936=ORIENTED_EDGE('',*,*,#2186,.F.);
#937=ORIENTED_EDGE('',*,*,#2128,.F.);
#938=ORIENTED_EDGE('',*,*,#2187,.F.);
#939=ORIENTED_EDGE('',*,*,#2121,.F.);
#940=ORIENTED_EDGE('',*,*,#2138,.F.);
#941=ORIENTED_EDGE('',*,*,#2129,.F.);
#942=ORIENTED_EDGE('',*,*,#2188,.F.);
#943=ORIENTED_EDGE('',*,*,#2135,.F.);
#944=ORIENTED_EDGE('',*,*,#2187,.T.);
#945=ORIENTED_EDGE('',*,*,#2185,.T.);
#946=ORIENTED_EDGE('',*,*,#2189,.F.);
#947=ORIENTED_EDGE('',*,*,#2188,.T.);
#948=ORIENTED_EDGE('',*,*,#2186,.T.);
#949=ORIENTED_EDGE('',*,*,#2190,.F.);
#950=ORIENTED_EDGE('',*,*,#2136,.F.);
#951=ORIENTED_EDGE('',*,*,#2072,.F.);
#952=ORIENTED_EDGE('',*,*,#2191,.F.);
#953=ORIENTED_EDGE('',*,*,#2125,.F.);
#954=ORIENTED_EDGE('',*,*,#2189,.T.);
#955=ORIENTED_EDGE('',*,*,#2126,.F.);
#956=ORIENTED_EDGE('',*,*,#2192,.F.);
#957=ORIENTED_EDGE('',*,*,#2118,.F.);
#958=ORIENTED_EDGE('',*,*,#2190,.T.);
#959=ORIENTED_EDGE('',*,*,#2120,.F.);
#960=ORIENTED_EDGE('',*,*,#2193,.F.);
#961=ORIENTED_EDGE('',*,*,#2132,.F.);
#962=ORIENTED_EDGE('',*,*,#2139,.F.);
#963=ORIENTED_EDGE('',*,*,#2133,.F.);
#964=ORIENTED_EDGE('',*,*,#2194,.F.);
#965=ORIENTED_EDGE('',*,*,#2070,.F.);
#966=ORIENTED_EDGE('',*,*,#2192,.T.);
#967=ORIENTED_EDGE('',*,*,#2191,.T.);
#968=ORIENTED_EDGE('',*,*,#2195,.F.);
#969=ORIENTED_EDGE('',*,*,#2194,.T.);
#970=ORIENTED_EDGE('',*,*,#2193,.T.);
#971=ORIENTED_EDGE('',*,*,#2196,.F.);
#972=ORIENTED_EDGE('',*,*,#2195,.T.);
#973=ORIENTED_EDGE('',*,*,#2071,.F.);
#974=ORIENTED_EDGE('',*,*,#2196,.T.);
#975=ORIENTED_EDGE('',*,*,#2119,.F.);
#976=ORIENTED_EDGE('',*,*,#2174,.F.);
#977=ORIENTED_EDGE('',*,*,#2096,.F.);
#978=ORIENTED_EDGE('',*,*,#2197,.F.);
#979=ORIENTED_EDGE('',*,*,#2171,.F.);
#980=ORIENTED_EDGE('',*,*,#2175,.F.);
#981=ORIENTED_EDGE('',*,*,#2169,.F.);
#982=ORIENTED_EDGE('',*,*,#2198,.F.);
#983=ORIENTED_EDGE('',*,*,#2113,.F.);
#984=ORIENTED_EDGE('',*,*,#2199,.F.);
#985=ORIENTED_EDGE('',*,*,#2095,.F.);
#986=ORIENTED_EDGE('',*,*,#2200,.F.);
#987=ORIENTED_EDGE('',*,*,#2147,.F.);
#988=ORIENTED_EDGE('',*,*,#2197,.T.);
#989=ORIENTED_EDGE('',*,*,#2199,.T.);
#990=ORIENTED_EDGE('',*,*,#2201,.F.);
#991=ORIENTED_EDGE('',*,*,#2200,.T.);
#992=ORIENTED_EDGE('',*,*,#2198,.T.);
#993=ORIENTED_EDGE('',*,*,#2202,.F.);
#994=ORIENTED_EDGE('',*,*,#2201,.T.);
#995=ORIENTED_EDGE('',*,*,#2146,.F.);
#996=ORIENTED_EDGE('',*,*,#2203,.F.);
#997=ORIENTED_EDGE('',*,*,#2172,.F.);
#998=ORIENTED_EDGE('',*,*,#2202,.T.);
#999=ORIENTED_EDGE('',*,*,#2168,.F.);
#1000=ORIENTED_EDGE('',*,*,#2204,.F.);
#1001=ORIENTED_EDGE('',*,*,#2144,.F.);
#1002=ORIENTED_EDGE('',*,*,#2203,.T.);
#1003=ORIENTED_EDGE('',*,*,#2145,.F.);
#1004=ORIENTED_EDGE('',*,*,#2204,.T.);
#1005=ORIENTED_EDGE('',*,*,#2051,.F.);
#1006=ORIENTED_EDGE('',*,*,#2205,.T.);
#1007=ORIENTED_EDGE('',*,*,#2179,.F.);
#1008=ORIENTED_EDGE('',*,*,#2206,.T.);
#1009=ORIENTED_EDGE('',*,*,#2043,.F.);
#1010=ORIENTED_EDGE('',*,*,#2039,.F.);
#1011=ORIENTED_EDGE('',*,*,#2207,.F.);
#1012=ORIENTED_EDGE('',*,*,#2208,.T.);
#1013=ORIENTED_EDGE('',*,*,#2150,.T.);
#1014=ORIENTED_EDGE('',*,*,#2038,.F.);
#1015=ORIENTED_EDGE('',*,*,#2209,.F.);
#1016=ORIENTED_EDGE('',*,*,#2210,.T.);
#1017=ORIENTED_EDGE('',*,*,#2207,.T.);
#1018=ORIENTED_EDGE('',*,*,#2041,.F.);
#1019=ORIENTED_EDGE('',*,*,#2149,.F.);
#1020=ORIENTED_EDGE('',*,*,#2211,.T.);
#1021=ORIENTED_EDGE('',*,*,#2209,.T.);
#1022=ORIENTED_EDGE('',*,*,#2212,.T.);
#1023=ORIENTED_EDGE('',*,*,#2213,.T.);
#1024=ORIENTED_EDGE('',*,*,#2156,.T.);
#1025=ORIENTED_EDGE('',*,*,#2062,.T.);
#1026=ORIENTED_EDGE('',*,*,#2214,.T.);
#1027=ORIENTED_EDGE('',*,*,#2215,.T.);
#1028=ORIENTED_EDGE('',*,*,#2058,.T.);
#1029=ORIENTED_EDGE('',*,*,#2153,.F.);
#1030=ORIENTED_EDGE('',*,*,#2216,.T.);
#1031=ORIENTED_EDGE('',*,*,#2217,.T.);
#1032=ORIENTED_EDGE('',*,*,#2151,.F.);
#1033=ORIENTED_EDGE('',*,*,#2218,.T.);
#1034=ORIENTED_EDGE('',*,*,#2208,.F.);
#1035=ORIENTED_EDGE('',*,*,#2210,.F.);
#1036=ORIENTED_EDGE('',*,*,#2211,.F.);
#1037=ORIENTED_EDGE('',*,*,#2148,.T.);
#1038=ORIENTED_EDGE('',*,*,#2060,.F.);
#1039=ORIENTED_EDGE('',*,*,#2219,.T.);
#1040=ORIENTED_EDGE('',*,*,#2220,.T.);
#1041=ORIENTED_EDGE('',*,*,#2221,.T.);
#1042=ORIENTED_EDGE('',*,*,#2061,.F.);
#1043=ORIENTED_EDGE('',*,*,#2221,.F.);
#1044=ORIENTED_EDGE('',*,*,#2222,.F.);
#1045=ORIENTED_EDGE('',*,*,#2212,.F.);
#1046=ORIENTED_EDGE('',*,*,#2157,.F.);
#1047=ORIENTED_EDGE('',*,*,#2213,.F.);
#1048=ORIENTED_EDGE('',*,*,#2223,.F.);
#1049=ORIENTED_EDGE('',*,*,#2218,.F.);
#1050=ORIENTED_EDGE('',*,*,#2223,.T.);
#1051=ORIENTED_EDGE('',*,*,#2222,.T.);
#1052=ORIENTED_EDGE('',*,*,#2224,.F.);
#1053=ORIENTED_EDGE('',*,*,#2224,.T.);
#1054=ORIENTED_EDGE('',*,*,#2220,.F.);
#1055=ORIENTED_EDGE('',*,*,#2225,.F.);
#1056=ORIENTED_EDGE('',*,*,#2216,.F.);
#1057=ORIENTED_EDGE('',*,*,#2152,.F.);
#1058=ORIENTED_EDGE('',*,*,#2217,.F.);
#1059=ORIENTED_EDGE('',*,*,#2226,.F.);
#1060=ORIENTED_EDGE('',*,*,#2214,.F.);
#1061=ORIENTED_EDGE('',*,*,#2226,.T.);
#1062=ORIENTED_EDGE('',*,*,#2225,.T.);
#1063=ORIENTED_EDGE('',*,*,#2227,.F.);
#1064=ORIENTED_EDGE('',*,*,#2227,.T.);
#1065=ORIENTED_EDGE('',*,*,#2219,.F.);
#1066=ORIENTED_EDGE('',*,*,#2059,.F.);
#1067=ORIENTED_EDGE('',*,*,#2215,.F.);
#1068=ORIENTED_EDGE('',*,*,#2206,.F.);
#1069=ORIENTED_EDGE('',*,*,#2178,.F.);
#1070=ORIENTED_EDGE('',*,*,#2087,.F.);
#1071=ORIENTED_EDGE('',*,*,#2181,.F.);
#1072=ORIENTED_EDGE('',*,*,#2044,.F.);
#1073=ORIENTED_EDGE('',*,*,#2050,.F.);
#1074=ORIENTED_EDGE('',*,*,#2176,.F.);
#1075=ORIENTED_EDGE('',*,*,#2081,.F.);
#1076=ORIENTED_EDGE('',*,*,#2180,.F.);
#1077=ORIENTED_EDGE('',*,*,#2205,.F.);
#1078=ORIENTED_EDGE('',*,*,#2046,.F.);
#1079=ORIENTED_EDGE('',*,*,#2182,.F.);
#1080=ORIENTED_EDGE('',*,*,#2085,.F.);
#1081=ORIENTED_EDGE('',*,*,#2183,.F.);
#1082=ORIENTED_EDGE('',*,*,#2048,.F.);
#1083=ORIENTED_EDGE('',*,*,#2184,.F.);
#1084=ORIENTED_EDGE('',*,*,#2083,.F.);
#1085=ORIENTED_EDGE('',*,*,#2177,.F.);
#1086=ORIENTED_EDGE('',*,*,#2228,.T.);
#1087=ORIENTED_EDGE('',*,*,#2229,.T.);
#1088=ORIENTED_EDGE('',*,*,#2230,.F.);
#1089=ORIENTED_EDGE('',*,*,#2231,.T.);
#1090=ORIENTED_EDGE('',*,*,#2232,.F.);
#1091=ORIENTED_EDGE('',*,*,#2233,.T.);
#1092=ORIENTED_EDGE('',*,*,#2234,.F.);
#1093=ORIENTED_EDGE('',*,*,#2235,.T.);
#1094=ORIENTED_EDGE('',*,*,#2236,.F.);
#1095=ORIENTED_EDGE('',*,*,#2237,.T.);
#1096=ORIENTED_EDGE('',*,*,#2238,.T.);
#1097=ORIENTED_EDGE('',*,*,#2239,.T.);
#1098=ORIENTED_EDGE('',*,*,#2240,.F.);
#1099=ORIENTED_EDGE('',*,*,#2241,.T.);
#1100=ORIENTED_EDGE('',*,*,#2242,.T.);
#1101=ORIENTED_EDGE('',*,*,#2243,.F.);
#1102=ORIENTED_EDGE('',*,*,#2244,.T.);
#1103=ORIENTED_EDGE('',*,*,#2245,.F.);
#1104=ORIENTED_EDGE('',*,*,#2246,.F.);
#1105=ORIENTED_EDGE('',*,*,#2247,.F.);
#1106=ORIENTED_EDGE('',*,*,#2248,.F.);
#1107=ORIENTED_EDGE('',*,*,#2249,.T.);
#1108=ORIENTED_EDGE('',*,*,#2250,.T.);
#1109=ORIENTED_EDGE('',*,*,#2251,.T.);
#1110=ORIENTED_EDGE('',*,*,#2252,.T.);
#1111=ORIENTED_EDGE('',*,*,#2253,.F.);
#1112=ORIENTED_EDGE('',*,*,#2254,.T.);
#1113=ORIENTED_EDGE('',*,*,#2255,.T.);
#1114=ORIENTED_EDGE('',*,*,#2256,.F.);
#1115=ORIENTED_EDGE('',*,*,#2257,.T.);
#1116=ORIENTED_EDGE('',*,*,#2258,.T.);
#1117=ORIENTED_EDGE('',*,*,#2259,.F.);
#1118=ORIENTED_EDGE('',*,*,#2255,.F.);
#1119=ORIENTED_EDGE('',*,*,#2260,.T.);
#1120=ORIENTED_EDGE('',*,*,#2261,.T.);
#1121=ORIENTED_EDGE('',*,*,#2262,.T.);
#1122=ORIENTED_EDGE('',*,*,#2263,.T.);
#1123=ORIENTED_EDGE('',*,*,#2264,.F.);
#1124=ORIENTED_EDGE('',*,*,#2265,.F.);
#1125=ORIENTED_EDGE('',*,*,#2266,.T.);
#1126=ORIENTED_EDGE('',*,*,#2267,.T.);
#1127=ORIENTED_EDGE('',*,*,#2268,.T.);
#1128=ORIENTED_EDGE('',*,*,#2269,.F.);
#1129=ORIENTED_EDGE('',*,*,#2264,.T.);
#1130=ORIENTED_EDGE('',*,*,#2270,.T.);
#1131=ORIENTED_EDGE('',*,*,#2271,.T.);
#1132=ORIENTED_EDGE('',*,*,#2272,.F.);
#1133=ORIENTED_EDGE('',*,*,#2273,.T.);
#1134=ORIENTED_EDGE('',*,*,#2274,.F.);
#1135=ORIENTED_EDGE('',*,*,#2275,.T.);
#1136=ORIENTED_EDGE('',*,*,#2253,.T.);
#1137=ORIENTED_EDGE('',*,*,#2276,.T.);
#1138=ORIENTED_EDGE('',*,*,#2277,.T.);
#1139=ORIENTED_EDGE('',*,*,#2278,.T.);
#1140=ORIENTED_EDGE('',*,*,#2251,.F.);
#1141=ORIENTED_EDGE('',*,*,#2279,.F.);
#1142=ORIENTED_EDGE('',*,*,#2250,.F.);
#1143=ORIENTED_EDGE('',*,*,#2280,.F.);
#1144=ORIENTED_EDGE('',*,*,#2281,.T.);
#1145=ORIENTED_EDGE('',*,*,#2279,.T.);
#1146=ORIENTED_EDGE('',*,*,#2280,.T.);
#1147=ORIENTED_EDGE('',*,*,#2249,.F.);
#1148=ORIENTED_EDGE('',*,*,#2282,.F.);
#1149=ORIENTED_EDGE('',*,*,#2283,.F.);
#1150=ORIENTED_EDGE('',*,*,#2266,.F.);
#1151=ORIENTED_EDGE('',*,*,#2284,.T.);
#1152=ORIENTED_EDGE('',*,*,#2285,.T.);
#1153=ORIENTED_EDGE('',*,*,#2286,.T.);
#1154=ORIENTED_EDGE('',*,*,#2287,.F.);
#1155=ORIENTED_EDGE('',*,*,#2288,.F.);
#1156=ORIENTED_EDGE('',*,*,#2287,.T.);
#1157=ORIENTED_EDGE('',*,*,#2289,.F.);
#1158=ORIENTED_EDGE('',*,*,#2290,.T.);
#1159=ORIENTED_EDGE('',*,*,#2228,.F.);
#1160=ORIENTED_EDGE('',*,*,#2291,.T.);
#1161=ORIENTED_EDGE('',*,*,#2292,.T.);
#1162=ORIENTED_EDGE('',*,*,#2293,.F.);
#1163=ORIENTED_EDGE('',*,*,#2294,.T.);
#1164=ORIENTED_EDGE('',*,*,#2232,.T.);
#1165=ORIENTED_EDGE('',*,*,#2295,.T.);
#1166=ORIENTED_EDGE('',*,*,#2296,.F.);
#1167=ORIENTED_EDGE('',*,*,#2285,.F.);
#1168=ORIENTED_EDGE('',*,*,#2269,.T.);
#1169=ORIENTED_EDGE('',*,*,#2297,.T.);
#1170=ORIENTED_EDGE('',*,*,#2270,.F.);
#1171=ORIENTED_EDGE('',*,*,#2298,.T.);
#1172=ORIENTED_EDGE('',*,*,#2261,.F.);
#1173=ORIENTED_EDGE('',*,*,#2299,.T.);
#1174=ORIENTED_EDGE('',*,*,#2274,.T.);
#1175=ORIENTED_EDGE('',*,*,#2300,.T.);
#1176=ORIENTED_EDGE('',*,*,#2277,.F.);
#1177=ORIENTED_EDGE('',*,*,#2281,.F.);
#1178=ORIENTED_EDGE('',*,*,#2288,.T.);
#1179=ORIENTED_EDGE('',*,*,#2292,.F.);
#1180=ORIENTED_EDGE('',*,*,#2301,.T.);
#1181=ORIENTED_EDGE('',*,*,#2234,.T.);
#1182=ORIENTED_EDGE('',*,*,#2302,.T.);
#1183=ORIENTED_EDGE('',*,*,#2293,.T.);
#1184=ORIENTED_EDGE('',*,*,#2284,.F.);
#1185=ORIENTED_EDGE('',*,*,#2265,.T.);
#1186=ORIENTED_EDGE('',*,*,#2283,.T.);
#1187=ORIENTED_EDGE('',*,*,#2303,.T.);
#1188=ORIENTED_EDGE('',*,*,#2256,.T.);
#1189=ORIENTED_EDGE('',*,*,#2304,.T.);
#1190=ORIENTED_EDGE('',*,*,#2272,.T.);
#1191=ORIENTED_EDGE('',*,*,#2305,.T.);
#1192=ORIENTED_EDGE('',*,*,#2267,.F.);
#1193=ORIENTED_EDGE('',*,*,#2263,.F.);
#1194=ORIENTED_EDGE('',*,*,#2286,.F.);
#1195=ORIENTED_EDGE('',*,*,#2296,.T.);
#1196=ORIENTED_EDGE('',*,*,#2306,.T.);
#1197=ORIENTED_EDGE('',*,*,#2230,.T.);
#1198=ORIENTED_EDGE('',*,*,#2307,.T.);
#1199=ORIENTED_EDGE('',*,*,#2289,.T.);
#1200=ORIENTED_EDGE('',*,*,#2308,.T.);
#1201=ORIENTED_EDGE('',*,*,#2309,.F.);
#1202=ORIENTED_EDGE('',*,*,#2310,.T.);
#1203=ORIENTED_EDGE('',*,*,#2311,.F.);
#1204=ORIENTED_EDGE('',*,*,#2309,.T.);
#1205=ORIENTED_EDGE('',*,*,#2310,.F.);
#1206=ORIENTED_EDGE('',*,*,#2312,.T.);
#1207=ORIENTED_EDGE('',*,*,#2313,.F.);
#1208=ORIENTED_EDGE('',*,*,#2314,.T.);
#1209=ORIENTED_EDGE('',*,*,#2315,.F.);
#1210=ORIENTED_EDGE('',*,*,#2312,.F.);
#1211=ORIENTED_EDGE('',*,*,#2315,.T.);
#1212=ORIENTED_EDGE('',*,*,#2313,.T.);
#1213=ORIENTED_EDGE('',*,*,#2316,.T.);
#1214=ORIENTED_EDGE('',*,*,#2317,.F.);
#1215=ORIENTED_EDGE('',*,*,#2318,.T.);
#1216=ORIENTED_EDGE('',*,*,#2319,.F.);
#1217=ORIENTED_EDGE('',*,*,#2317,.T.);
#1218=ORIENTED_EDGE('',*,*,#2318,.F.);
#1219=ORIENTED_EDGE('',*,*,#2320,.T.);
#1220=ORIENTED_EDGE('',*,*,#2321,.F.);
#1221=ORIENTED_EDGE('',*,*,#2322,.T.);
#1222=ORIENTED_EDGE('',*,*,#2323,.F.);
#1223=ORIENTED_EDGE('',*,*,#2321,.T.);
#1224=ORIENTED_EDGE('',*,*,#2322,.F.);
#1225=ORIENTED_EDGE('',*,*,#2311,.T.);
#1226=ORIENTED_EDGE('',*,*,#2319,.T.);
#1227=ORIENTED_EDGE('',*,*,#2323,.T.);
#1228=ORIENTED_EDGE('',*,*,#2307,.F.);
#1229=ORIENTED_EDGE('',*,*,#2229,.F.);
#1230=ORIENTED_EDGE('',*,*,#2290,.F.);
#1231=ORIENTED_EDGE('',*,*,#2316,.F.);
#1232=ORIENTED_EDGE('',*,*,#2291,.F.);
#1233=ORIENTED_EDGE('',*,*,#2235,.F.);
#1234=ORIENTED_EDGE('',*,*,#2301,.F.);
#1235=ORIENTED_EDGE('',*,*,#2314,.F.);
#1236=ORIENTED_EDGE('',*,*,#2302,.F.);
#1237=ORIENTED_EDGE('',*,*,#2233,.F.);
#1238=ORIENTED_EDGE('',*,*,#2294,.F.);
#1239=ORIENTED_EDGE('',*,*,#2320,.F.);
#1240=ORIENTED_EDGE('',*,*,#2295,.F.);
#1241=ORIENTED_EDGE('',*,*,#2231,.F.);
#1242=ORIENTED_EDGE('',*,*,#2306,.F.);
#1243=ORIENTED_EDGE('',*,*,#2308,.F.);
#1244=ORIENTED_EDGE('',*,*,#2297,.F.);
#1245=ORIENTED_EDGE('',*,*,#2268,.F.);
#1246=ORIENTED_EDGE('',*,*,#2305,.F.);
#1247=ORIENTED_EDGE('',*,*,#2271,.F.);
#1248=ORIENTED_EDGE('',*,*,#2298,.F.);
#1249=ORIENTED_EDGE('',*,*,#2273,.F.);
#1250=ORIENTED_EDGE('',*,*,#2304,.F.);
#1251=ORIENTED_EDGE('',*,*,#2262,.F.);
#1252=ORIENTED_EDGE('',*,*,#2299,.F.);
#1253=ORIENTED_EDGE('',*,*,#2260,.F.);
#1254=ORIENTED_EDGE('',*,*,#2254,.F.);
#1255=ORIENTED_EDGE('',*,*,#2275,.F.);
#1256=ORIENTED_EDGE('',*,*,#2300,.F.);
#1257=ORIENTED_EDGE('',*,*,#2276,.F.);
#1258=ORIENTED_EDGE('',*,*,#2252,.F.);
#1259=ORIENTED_EDGE('',*,*,#2278,.F.);
#1260=ORIENTED_EDGE('',*,*,#2282,.T.);
#1261=ORIENTED_EDGE('',*,*,#2324,.F.);
#1262=ORIENTED_EDGE('',*,*,#2325,.T.);
#1263=ORIENTED_EDGE('',*,*,#2326,.T.);
#1264=ORIENTED_EDGE('',*,*,#2257,.F.);
#1265=ORIENTED_EDGE('',*,*,#2303,.F.);
#1266=ORIENTED_EDGE('',*,*,#2326,.F.);
#1267=ORIENTED_EDGE('',*,*,#2327,.T.);
#1268=ORIENTED_EDGE('',*,*,#2328,.T.);
#1269=ORIENTED_EDGE('',*,*,#2259,.T.);
#1270=ORIENTED_EDGE('',*,*,#2329,.F.);
#1271=ORIENTED_EDGE('',*,*,#2330,.F.);
#1272=ORIENTED_EDGE('',*,*,#2324,.T.);
#1273=ORIENTED_EDGE('',*,*,#2248,.T.);
#1274=ORIENTED_EDGE('',*,*,#2258,.F.);
#1275=ORIENTED_EDGE('',*,*,#2328,.F.);
#1276=ORIENTED_EDGE('',*,*,#2331,.T.);
#1277=ORIENTED_EDGE('',*,*,#2329,.T.);
#1278=ORIENTED_EDGE('',*,*,#2327,.F.);
#1279=ORIENTED_EDGE('',*,*,#2325,.F.);
#1280=ORIENTED_EDGE('',*,*,#2330,.T.);
#1281=ORIENTED_EDGE('',*,*,#2331,.F.);
#1282=ORIENTED_EDGE('',*,*,#2236,.T.);
#1283=ORIENTED_EDGE('',*,*,#2332,.F.);
#1284=ORIENTED_EDGE('',*,*,#2333,.F.);
#1285=ORIENTED_EDGE('',*,*,#2334,.T.);
#1286=ORIENTED_EDGE('',*,*,#2247,.T.);
#1287=ORIENTED_EDGE('',*,*,#2335,.F.);
#1288=ORIENTED_EDGE('',*,*,#2336,.T.);
#1289=ORIENTED_EDGE('',*,*,#2337,.F.);
#1290=ORIENTED_EDGE('',*,*,#2338,.F.);
#1291=ORIENTED_EDGE('',*,*,#2332,.T.);
#1292=ORIENTED_EDGE('',*,*,#2246,.T.);
#1293=ORIENTED_EDGE('',*,*,#2339,.F.);
#1294=ORIENTED_EDGE('',*,*,#2340,.F.);
#1295=ORIENTED_EDGE('',*,*,#2335,.T.);
#1296=ORIENTED_EDGE('',*,*,#2245,.T.);
#1297=ORIENTED_EDGE('',*,*,#2341,.F.);
#1298=ORIENTED_EDGE('',*,*,#2342,.F.);
#1299=ORIENTED_EDGE('',*,*,#2339,.T.);
#1300=ORIENTED_EDGE('',*,*,#2244,.F.);
#1301=ORIENTED_EDGE('',*,*,#2343,.F.);
#1302=ORIENTED_EDGE('',*,*,#2344,.T.);
#1303=ORIENTED_EDGE('',*,*,#2341,.T.);
#1304=ORIENTED_EDGE('',*,*,#2243,.T.);
#1305=ORIENTED_EDGE('',*,*,#2345,.F.);
#1306=ORIENTED_EDGE('',*,*,#2346,.F.);
#1307=ORIENTED_EDGE('',*,*,#2347,.T.);
#1308=ORIENTED_EDGE('',*,*,#2348,.T.);
#1309=ORIENTED_EDGE('',*,*,#2343,.T.);
#1310=ORIENTED_EDGE('',*,*,#2242,.F.);
#1311=ORIENTED_EDGE('',*,*,#2349,.F.);
#1312=ORIENTED_EDGE('',*,*,#2350,.T.);
#1313=ORIENTED_EDGE('',*,*,#2345,.T.);
#1314=ORIENTED_EDGE('',*,*,#2241,.F.);
#1315=ORIENTED_EDGE('',*,*,#2351,.F.);
#1316=ORIENTED_EDGE('',*,*,#2352,.T.);
#1317=ORIENTED_EDGE('',*,*,#2353,.F.);
#1318=ORIENTED_EDGE('',*,*,#2354,.F.);
#1319=ORIENTED_EDGE('',*,*,#2349,.T.);
#1320=ORIENTED_EDGE('',*,*,#2240,.T.);
#1321=ORIENTED_EDGE('',*,*,#2355,.F.);
#1322=ORIENTED_EDGE('',*,*,#2356,.F.);
#1323=ORIENTED_EDGE('',*,*,#2351,.T.);
#1324=ORIENTED_EDGE('',*,*,#2239,.F.);
#1325=ORIENTED_EDGE('',*,*,#2357,.F.);
#1326=ORIENTED_EDGE('',*,*,#2358,.T.);
#1327=ORIENTED_EDGE('',*,*,#2355,.T.);
#1328=ORIENTED_EDGE('',*,*,#2238,.F.);
#1329=ORIENTED_EDGE('',*,*,#2359,.F.);
#1330=ORIENTED_EDGE('',*,*,#2360,.T.);
#1331=ORIENTED_EDGE('',*,*,#2357,.T.);
#1332=ORIENTED_EDGE('',*,*,#2237,.F.);
#1333=ORIENTED_EDGE('',*,*,#2334,.F.);
#1334=ORIENTED_EDGE('',*,*,#2361,.F.);
#1335=ORIENTED_EDGE('',*,*,#2362,.T.);
#1336=ORIENTED_EDGE('',*,*,#2363,.T.);
#1337=ORIENTED_EDGE('',*,*,#2359,.T.);
#1338=ORIENTED_EDGE('',*,*,#2336,.F.);
#1339=ORIENTED_EDGE('',*,*,#2340,.T.);
#1340=ORIENTED_EDGE('',*,*,#2342,.T.);
#1341=ORIENTED_EDGE('',*,*,#2344,.F.);
#1342=ORIENTED_EDGE('',*,*,#2348,.F.);
#1343=ORIENTED_EDGE('',*,*,#2364,.F.);
#1344=ORIENTED_EDGE('',*,*,#2365,.F.);
#1345=ORIENTED_EDGE('',*,*,#2366,.F.);
#1346=ORIENTED_EDGE('',*,*,#2352,.F.);
#1347=ORIENTED_EDGE('',*,*,#2356,.T.);
#1348=ORIENTED_EDGE('',*,*,#2358,.F.);
#1349=ORIENTED_EDGE('',*,*,#2360,.F.);
#1350=ORIENTED_EDGE('',*,*,#2363,.F.);
#1351=ORIENTED_EDGE('',*,*,#2367,.F.);
#1352=ORIENTED_EDGE('',*,*,#2368,.F.);
#1353=ORIENTED_EDGE('',*,*,#2369,.F.);
#1354=ORIENTED_EDGE('',*,*,#2369,.T.);
#1355=ORIENTED_EDGE('',*,*,#2370,.F.);
#1356=ORIENTED_EDGE('',*,*,#2371,.F.);
#1357=ORIENTED_EDGE('',*,*,#2353,.T.);
#1358=ORIENTED_EDGE('',*,*,#2368,.T.);
#1359=ORIENTED_EDGE('',*,*,#2372,.F.);
#1360=ORIENTED_EDGE('',*,*,#2373,.F.);
#1361=ORIENTED_EDGE('',*,*,#2370,.T.);
#1362=ORIENTED_EDGE('',*,*,#2367,.T.);
#1363=ORIENTED_EDGE('',*,*,#2362,.F.);
#1364=ORIENTED_EDGE('',*,*,#2374,.F.);
#1365=ORIENTED_EDGE('',*,*,#2372,.T.);
#1366=ORIENTED_EDGE('',*,*,#2366,.T.);
#1367=ORIENTED_EDGE('',*,*,#2375,.F.);
#1368=ORIENTED_EDGE('',*,*,#2376,.F.);
#1369=ORIENTED_EDGE('',*,*,#2337,.T.);
#1370=ORIENTED_EDGE('',*,*,#2365,.T.);
#1371=ORIENTED_EDGE('',*,*,#2377,.F.);
#1372=ORIENTED_EDGE('',*,*,#2378,.F.);
#1373=ORIENTED_EDGE('',*,*,#2375,.T.);
#1374=ORIENTED_EDGE('',*,*,#2364,.T.);
#1375=ORIENTED_EDGE('',*,*,#2347,.F.);
#1376=ORIENTED_EDGE('',*,*,#2379,.F.);
#1377=ORIENTED_EDGE('',*,*,#2377,.T.);
#1378=ORIENTED_EDGE('',*,*,#2350,.F.);
#1379=ORIENTED_EDGE('',*,*,#2354,.T.);
#1380=ORIENTED_EDGE('',*,*,#2371,.T.);
#1381=ORIENTED_EDGE('',*,*,#2373,.T.);
#1382=ORIENTED_EDGE('',*,*,#2374,.T.);
#1383=ORIENTED_EDGE('',*,*,#2361,.T.);
#1384=ORIENTED_EDGE('',*,*,#2333,.T.);
#1385=ORIENTED_EDGE('',*,*,#2338,.T.);
#1386=ORIENTED_EDGE('',*,*,#2376,.T.);
#1387=ORIENTED_EDGE('',*,*,#2378,.T.);
#1388=ORIENTED_EDGE('',*,*,#2379,.T.);
#1389=ORIENTED_EDGE('',*,*,#2346,.T.);
#1390=ORIENTED_EDGE('',*,*,#2380,.F.);
#1391=ORIENTED_EDGE('',*,*,#2381,.F.);
#1392=ORIENTED_EDGE('',*,*,#2382,.T.);
#1393=ORIENTED_EDGE('',*,*,#2383,.F.);
#1394=ORIENTED_EDGE('',*,*,#2384,.F.);
#1395=ORIENTED_EDGE('',*,*,#2385,.T.);
#1396=ORIENTED_EDGE('',*,*,#2386,.T.);
#1397=ORIENTED_EDGE('',*,*,#2385,.F.);
#1398=ORIENTED_EDGE('',*,*,#2387,.F.);
#1399=ORIENTED_EDGE('',*,*,#2388,.T.);
#1400=ORIENTED_EDGE('',*,*,#2389,.F.);
#1401=ORIENTED_EDGE('',*,*,#2390,.F.);
#1402=ORIENTED_EDGE('',*,*,#2391,.T.);
#1403=ORIENTED_EDGE('',*,*,#2392,.T.);
#1404=ORIENTED_EDGE('',*,*,#2393,.F.);
#1405=ORIENTED_EDGE('',*,*,#2394,.F.);
#1406=ORIENTED_EDGE('',*,*,#2395,.T.);
#1407=ORIENTED_EDGE('',*,*,#2390,.T.);
#1408=ORIENTED_EDGE('',*,*,#2396,.T.);
#1409=ORIENTED_EDGE('',*,*,#2392,.F.);
#1410=ORIENTED_EDGE('',*,*,#2397,.F.);
#1411=ORIENTED_EDGE('',*,*,#2383,.T.);
#1412=ORIENTED_EDGE('',*,*,#2398,.F.);
#1413=ORIENTED_EDGE('',*,*,#2388,.F.);
#1414=ORIENTED_EDGE('',*,*,#2399,.T.);
#1415=ORIENTED_EDGE('',*,*,#2394,.T.);
#1416=ORIENTED_EDGE('',*,*,#2384,.T.);
#1417=ORIENTED_EDGE('',*,*,#2397,.T.);
#1418=ORIENTED_EDGE('',*,*,#2391,.F.);
#1419=ORIENTED_EDGE('',*,*,#2395,.F.);
#1420=ORIENTED_EDGE('',*,*,#2399,.F.);
#1421=ORIENTED_EDGE('',*,*,#2387,.T.);
#1422=ORIENTED_EDGE('',*,*,#2381,.T.);
#1423=ORIENTED_EDGE('',*,*,#2382,.F.);
#1424=ORIENTED_EDGE('',*,*,#2386,.F.);
#1425=ORIENTED_EDGE('',*,*,#2398,.T.);
#1426=ORIENTED_EDGE('',*,*,#2393,.T.);
#1427=ORIENTED_EDGE('',*,*,#2389,.T.);
#1428=ORIENTED_EDGE('',*,*,#2396,.F.);
#1429=ORIENTED_EDGE('',*,*,#2400,.T.);
#1430=ORIENTED_EDGE('',*,*,#2401,.T.);
#1431=ORIENTED_EDGE('',*,*,#2402,.T.);
#1432=ORIENTED_EDGE('',*,*,#2403,.F.);
#1433=ORIENTED_EDGE('',*,*,#2404,.F.);
#1434=ORIENTED_EDGE('',*,*,#2405,.T.);
#1435=ORIENTED_EDGE('',*,*,#2406,.T.);
#1436=ORIENTED_EDGE('',*,*,#2407,.T.);
#1437=ORIENTED_EDGE('',*,*,#2408,.F.);
#1438=ORIENTED_EDGE('',*,*,#2409,.F.);
#1439=ORIENTED_EDGE('',*,*,#2410,.F.);
#1440=ORIENTED_EDGE('',*,*,#2411,.F.);
#1441=ORIENTED_EDGE('',*,*,#2412,.F.);
#1442=ORIENTED_EDGE('',*,*,#2413,.F.);
#1443=ORIENTED_EDGE('',*,*,#2414,.F.);
#1444=ORIENTED_EDGE('',*,*,#2415,.T.);
#1445=ORIENTED_EDGE('',*,*,#2416,.T.);
#1446=ORIENTED_EDGE('',*,*,#2417,.T.);
#1447=ORIENTED_EDGE('',*,*,#2418,.T.);
#1448=ORIENTED_EDGE('',*,*,#2419,.T.);
#1449=ORIENTED_EDGE('',*,*,#2420,.F.);
#1450=ORIENTED_EDGE('',*,*,#2421,.T.);
#1451=ORIENTED_EDGE('',*,*,#2422,.F.);
#1452=ORIENTED_EDGE('',*,*,#2423,.T.);
#1453=ORIENTED_EDGE('',*,*,#2424,.T.);
#1454=ORIENTED_EDGE('',*,*,#2425,.F.);
#1455=ORIENTED_EDGE('',*,*,#2426,.F.);
#1456=ORIENTED_EDGE('',*,*,#2427,.F.);
#1457=ORIENTED_EDGE('',*,*,#2428,.T.);
#1458=ORIENTED_EDGE('',*,*,#2429,.F.);
#1459=ORIENTED_EDGE('',*,*,#2430,.T.);
#1460=ORIENTED_EDGE('',*,*,#2431,.T.);
#1461=ORIENTED_EDGE('',*,*,#2432,.T.);
#1462=ORIENTED_EDGE('',*,*,#2433,.T.);
#1463=ORIENTED_EDGE('',*,*,#2434,.F.);
#1464=ORIENTED_EDGE('',*,*,#2435,.T.);
#1465=ORIENTED_EDGE('',*,*,#2436,.T.);
#1466=ORIENTED_EDGE('',*,*,#2437,.T.);
#1467=ORIENTED_EDGE('',*,*,#2438,.T.);
#1468=ORIENTED_EDGE('',*,*,#2439,.F.);
#1469=ORIENTED_EDGE('',*,*,#2440,.F.);
#1470=ORIENTED_EDGE('',*,*,#2441,.F.);
#1471=ORIENTED_EDGE('',*,*,#2442,.T.);
#1472=ORIENTED_EDGE('',*,*,#2443,.T.);
#1473=ORIENTED_EDGE('',*,*,#2444,.T.);
#1474=ORIENTED_EDGE('',*,*,#2445,.T.);
#1475=ORIENTED_EDGE('',*,*,#2446,.T.);
#1476=ORIENTED_EDGE('',*,*,#2447,.T.);
#1477=ORIENTED_EDGE('',*,*,#2448,.T.);
#1478=ORIENTED_EDGE('',*,*,#2449,.T.);
#1479=ORIENTED_EDGE('',*,*,#2450,.T.);
#1480=ORIENTED_EDGE('',*,*,#2451,.T.);
#1481=ORIENTED_EDGE('',*,*,#2452,.T.);
#1482=ORIENTED_EDGE('',*,*,#2453,.F.);
#1483=ORIENTED_EDGE('',*,*,#2454,.F.);
#1484=ORIENTED_EDGE('',*,*,#2455,.F.);
#1485=ORIENTED_EDGE('',*,*,#2456,.F.);
#1486=ORIENTED_EDGE('',*,*,#2457,.F.);
#1487=ORIENTED_EDGE('',*,*,#2458,.F.);
#1488=ORIENTED_EDGE('',*,*,#2459,.F.);
#1489=ORIENTED_EDGE('',*,*,#2460,.T.);
#1490=ORIENTED_EDGE('',*,*,#2461,.T.);
#1491=ORIENTED_EDGE('',*,*,#2462,.F.);
#1492=ORIENTED_EDGE('',*,*,#2463,.F.);
#1493=ORIENTED_EDGE('',*,*,#2464,.F.);
#1494=ORIENTED_EDGE('',*,*,#2465,.T.);
#1495=ORIENTED_EDGE('',*,*,#2466,.F.);
#1496=ORIENTED_EDGE('',*,*,#2467,.T.);
#1497=ORIENTED_EDGE('',*,*,#2468,.F.);
#1498=ORIENTED_EDGE('',*,*,#2469,.T.);
#1499=ORIENTED_EDGE('',*,*,#2470,.T.);
#1500=ORIENTED_EDGE('',*,*,#2471,.F.);
#1501=ORIENTED_EDGE('',*,*,#2468,.T.);
#1502=ORIENTED_EDGE('',*,*,#2472,.T.);
#1503=ORIENTED_EDGE('',*,*,#2473,.T.);
#1504=ORIENTED_EDGE('',*,*,#2474,.F.);
#1505=ORIENTED_EDGE('',*,*,#2473,.F.);
#1506=ORIENTED_EDGE('',*,*,#2475,.F.);
#1507=ORIENTED_EDGE('',*,*,#2476,.F.);
#1508=ORIENTED_EDGE('',*,*,#2477,.T.);
#1509=ORIENTED_EDGE('',*,*,#2478,.F.);
#1510=ORIENTED_EDGE('',*,*,#2479,.T.);
#1511=ORIENTED_EDGE('',*,*,#2429,.T.);
#1512=ORIENTED_EDGE('',*,*,#2480,.T.);
#1513=ORIENTED_EDGE('',*,*,#2481,.F.);
#1514=ORIENTED_EDGE('',*,*,#2482,.F.);
#1515=ORIENTED_EDGE('',*,*,#2380,.T.);
#1516=ORIENTED_EDGE('',*,*,#2478,.T.);
#1517=ORIENTED_EDGE('',*,*,#2483,.T.);
#1518=ORIENTED_EDGE('',*,*,#2484,.F.);
#1519=ORIENTED_EDGE('',*,*,#2485,.T.);
#1520=ORIENTED_EDGE('',*,*,#2486,.T.);
#1521=ORIENTED_EDGE('',*,*,#2487,.F.);
#1522=ORIENTED_EDGE('',*,*,#2488,.T.);
#1523=ORIENTED_EDGE('',*,*,#2489,.T.);
#1524=ORIENTED_EDGE('',*,*,#2490,.T.);
#1525=ORIENTED_EDGE('',*,*,#2491,.F.);
#1526=ORIENTED_EDGE('',*,*,#2492,.T.);
#1527=ORIENTED_EDGE('',*,*,#2493,.T.);
#1528=ORIENTED_EDGE('',*,*,#2494,.F.);
#1529=ORIENTED_EDGE('',*,*,#2495,.T.);
#1530=ORIENTED_EDGE('',*,*,#2496,.T.);
#1531=ORIENTED_EDGE('',*,*,#2497,.T.);
#1532=ORIENTED_EDGE('',*,*,#2498,.T.);
#1533=ORIENTED_EDGE('',*,*,#2499,.F.);
#1534=ORIENTED_EDGE('',*,*,#2500,.F.);
#1535=ORIENTED_EDGE('',*,*,#2481,.T.);
#1536=ORIENTED_EDGE('',*,*,#2501,.T.);
#1537=ORIENTED_EDGE('',*,*,#2502,.F.);
#1538=ORIENTED_EDGE('',*,*,#2503,.F.);
#1539=ORIENTED_EDGE('',*,*,#2504,.F.);
#1540=ORIENTED_EDGE('',*,*,#2505,.F.);
#1541=ORIENTED_EDGE('',*,*,#2506,.T.);
#1542=ORIENTED_EDGE('',*,*,#2507,.F.);
#1543=ORIENTED_EDGE('',*,*,#2508,.T.);
#1544=ORIENTED_EDGE('',*,*,#2509,.T.);
#1545=ORIENTED_EDGE('',*,*,#2510,.T.);
#1546=ORIENTED_EDGE('',*,*,#2511,.T.);
#1547=ORIENTED_EDGE('',*,*,#2498,.F.);
#1548=ORIENTED_EDGE('',*,*,#2512,.T.);
#1549=ORIENTED_EDGE('',*,*,#2513,.F.);
#1550=ORIENTED_EDGE('',*,*,#2514,.F.);
#1551=ORIENTED_EDGE('',*,*,#2515,.F.);
#1552=ORIENTED_EDGE('',*,*,#2516,.T.);
#1553=ORIENTED_EDGE('',*,*,#2489,.F.);
#1554=ORIENTED_EDGE('',*,*,#2494,.T.);
#1555=ORIENTED_EDGE('',*,*,#2517,.T.);
#1556=ORIENTED_EDGE('',*,*,#2518,.F.);
#1557=ORIENTED_EDGE('',*,*,#2502,.T.);
#1558=ORIENTED_EDGE('',*,*,#2519,.T.);
#1559=ORIENTED_EDGE('',*,*,#2520,.T.);
#1560=ORIENTED_EDGE('',*,*,#2521,.T.);
#1561=ORIENTED_EDGE('',*,*,#2522,.T.);
#1562=ORIENTED_EDGE('',*,*,#2523,.T.);
#1563=ORIENTED_EDGE('',*,*,#2524,.F.);
#1564=ORIENTED_EDGE('',*,*,#2525,.T.);
#1565=ORIENTED_EDGE('',*,*,#2526,.T.);
#1566=ORIENTED_EDGE('',*,*,#2402,.F.);
#1567=ORIENTED_EDGE('',*,*,#2527,.F.);
#1568=ORIENTED_EDGE('',*,*,#2528,.T.);
#1569=ORIENTED_EDGE('',*,*,#2408,.T.);
#1570=ORIENTED_EDGE('',*,*,#2529,.F.);
#1571=ORIENTED_EDGE('',*,*,#2530,.F.);
#1572=ORIENTED_EDGE('',*,*,#2531,.T.);
#1573=ORIENTED_EDGE('',*,*,#2532,.T.);
#1574=ORIENTED_EDGE('',*,*,#2406,.F.);
#1575=ORIENTED_EDGE('',*,*,#2533,.F.);
#1576=ORIENTED_EDGE('',*,*,#2534,.T.);
#1577=ORIENTED_EDGE('',*,*,#2404,.T.);
#1578=ORIENTED_EDGE('',*,*,#2535,.F.);
#1579=ORIENTED_EDGE('',*,*,#2417,.F.);
#1580=ORIENTED_EDGE('',*,*,#2536,.T.);
#1581=ORIENTED_EDGE('',*,*,#2515,.T.);
#1582=ORIENTED_EDGE('',*,*,#2537,.T.);
#1583=ORIENTED_EDGE('',*,*,#2538,.T.);
#1584=ORIENTED_EDGE('',*,*,#2415,.F.);
#1585=ORIENTED_EDGE('',*,*,#2539,.T.);
#1586=ORIENTED_EDGE('',*,*,#2491,.T.);
#1587=ORIENTED_EDGE('',*,*,#2540,.T.);
#1588=ORIENTED_EDGE('',*,*,#2496,.F.);
#1589=ORIENTED_EDGE('',*,*,#2541,.T.);
#1590=ORIENTED_EDGE('',*,*,#2422,.T.);
#1591=ORIENTED_EDGE('',*,*,#2542,.T.);
#1592=ORIENTED_EDGE('',*,*,#2513,.T.);
#1593=ORIENTED_EDGE('',*,*,#2543,.T.);
#1594=ORIENTED_EDGE('',*,*,#2420,.T.);
#1595=ORIENTED_EDGE('',*,*,#2544,.T.);
#1596=ORIENTED_EDGE('',*,*,#2545,.F.);
#1597=ORIENTED_EDGE('',*,*,#2546,.F.);
#1598=ORIENTED_EDGE('',*,*,#2547,.F.);
#1599=ORIENTED_EDGE('',*,*,#2548,.F.);
#1600=ORIENTED_EDGE('',*,*,#2549,.F.);
#1601=ORIENTED_EDGE('',*,*,#2550,.F.);
#1602=ORIENTED_EDGE('',*,*,#2551,.T.);
#1603=ORIENTED_EDGE('',*,*,#2552,.T.);
#1604=ORIENTED_EDGE('',*,*,#2537,.F.);
#1605=ORIENTED_EDGE('',*,*,#2514,.T.);
#1606=ORIENTED_EDGE('',*,*,#2545,.T.);
#1607=ORIENTED_EDGE('',*,*,#2550,.T.);
#1608=ORIENTED_EDGE('',*,*,#2414,.T.);
#1609=ORIENTED_EDGE('',*,*,#2549,.T.);
#1610=ORIENTED_EDGE('',*,*,#2413,.T.);
#1611=ORIENTED_EDGE('',*,*,#2548,.T.);
#1612=ORIENTED_EDGE('',*,*,#2412,.T.);
#1613=ORIENTED_EDGE('',*,*,#2547,.T.);
#1614=ORIENTED_EDGE('',*,*,#2411,.T.);
#1615=ORIENTED_EDGE('',*,*,#2546,.T.);
#1616=ORIENTED_EDGE('',*,*,#2410,.T.);
#1617=ORIENTED_EDGE('',*,*,#2553,.F.);
#1618=ORIENTED_EDGE('',*,*,#2551,.F.);
#1619=ORIENTED_EDGE('',*,*,#2544,.F.);
#1620=ORIENTED_EDGE('',*,*,#2419,.F.);
#1621=ORIENTED_EDGE('',*,*,#2552,.F.);
#1622=ORIENTED_EDGE('',*,*,#2553,.T.);
#1623=ORIENTED_EDGE('',*,*,#2418,.F.);
#1624=ORIENTED_EDGE('',*,*,#2538,.F.);
#1625=ORIENTED_EDGE('',*,*,#2554,.F.);
#1626=ORIENTED_EDGE('',*,*,#2555,.T.);
#1627=ORIENTED_EDGE('',*,*,#2441,.T.);
#1628=ORIENTED_EDGE('',*,*,#2556,.F.);
#1629=ORIENTED_EDGE('',*,*,#2557,.F.);
#1630=ORIENTED_EDGE('',*,*,#2436,.F.);
#1631=ORIENTED_EDGE('',*,*,#2558,.T.);
#1632=ORIENTED_EDGE('',*,*,#2507,.T.);
#1633=ORIENTED_EDGE('',*,*,#2559,.T.);
#1634=ORIENTED_EDGE('',*,*,#2438,.F.);
#1635=ORIENTED_EDGE('',*,*,#2560,.T.);
#1636=ORIENTED_EDGE('',*,*,#2561,.F.);
#1637=ORIENTED_EDGE('',*,*,#2562,.T.);
#1638=ORIENTED_EDGE('',*,*,#2563,.F.);
#1639=ORIENTED_EDGE('',*,*,#2564,.T.);
#1640=ORIENTED_EDGE('',*,*,#2565,.T.);
#1641=ORIENTED_EDGE('',*,*,#2566,.T.);
#1642=ORIENTED_EDGE('',*,*,#2567,.T.);
#1643=ORIENTED_EDGE('',*,*,#2568,.T.);
#1644=ORIENTED_EDGE('',*,*,#2569,.F.);
#1645=ORIENTED_EDGE('',*,*,#2562,.F.);
#1646=ORIENTED_EDGE('',*,*,#2570,.F.);
#1647=ORIENTED_EDGE('',*,*,#2557,.T.);
#1648=ORIENTED_EDGE('',*,*,#2571,.F.);
#1649=ORIENTED_EDGE('',*,*,#2572,.F.);
#1650=ORIENTED_EDGE('',*,*,#2573,.T.);
#1651=ORIENTED_EDGE('',*,*,#2487,.T.);
#1652=ORIENTED_EDGE('',*,*,#2574,.T.);
#1653=ORIENTED_EDGE('',*,*,#2554,.T.);
#1654=ORIENTED_EDGE('',*,*,#2570,.T.);
#1655=ORIENTED_EDGE('',*,*,#2561,.T.);
#1656=ORIENTED_EDGE('',*,*,#2575,.T.);
#1657=ORIENTED_EDGE('',*,*,#2505,.T.);
#1658=ORIENTED_EDGE('',*,*,#2568,.F.);
#1659=ORIENTED_EDGE('',*,*,#2447,.F.);
#1660=ORIENTED_EDGE('',*,*,#2567,.F.);
#1661=ORIENTED_EDGE('',*,*,#2446,.F.);
#1662=ORIENTED_EDGE('',*,*,#2566,.F.);
#1663=ORIENTED_EDGE('',*,*,#2445,.F.);
#1664=ORIENTED_EDGE('',*,*,#2565,.F.);
#1665=ORIENTED_EDGE('',*,*,#2444,.F.);
#1666=ORIENTED_EDGE('',*,*,#2564,.F.);
#1667=ORIENTED_EDGE('',*,*,#2443,.F.);
#1668=ORIENTED_EDGE('',*,*,#2576,.T.);
#1669=ORIENTED_EDGE('',*,*,#2439,.T.);
#1670=ORIENTED_EDGE('',*,*,#2563,.T.);
#1671=ORIENTED_EDGE('',*,*,#2569,.T.);
#1672=ORIENTED_EDGE('',*,*,#2571,.T.);
#1673=ORIENTED_EDGE('',*,*,#2556,.T.);
#1674=ORIENTED_EDGE('',*,*,#2440,.T.);
#1675=ORIENTED_EDGE('',*,*,#2576,.F.);
#1676=ORIENTED_EDGE('',*,*,#2520,.F.);
#1677=ORIENTED_EDGE('',*,*,#2577,.T.);
#1678=ORIENTED_EDGE('',*,*,#2427,.T.);
#1679=ORIENTED_EDGE('',*,*,#2578,.F.);
#1680=ORIENTED_EDGE('',*,*,#2579,.F.);
#1681=ORIENTED_EDGE('',*,*,#2424,.F.);
#1682=ORIENTED_EDGE('',*,*,#2580,.T.);
#1683=ORIENTED_EDGE('',*,*,#2522,.F.);
#1684=ORIENTED_EDGE('',*,*,#2581,.T.);
#1685=ORIENTED_EDGE('',*,*,#2582,.F.);
#1686=ORIENTED_EDGE('',*,*,#2583,.T.);
#1687=ORIENTED_EDGE('',*,*,#2584,.T.);
#1688=ORIENTED_EDGE('',*,*,#2585,.T.);
#1689=ORIENTED_EDGE('',*,*,#2586,.T.);
#1690=ORIENTED_EDGE('',*,*,#2587,.T.);
#1691=ORIENTED_EDGE('',*,*,#2588,.F.);
#1692=ORIENTED_EDGE('',*,*,#2581,.F.);
#1693=ORIENTED_EDGE('',*,*,#2521,.F.);
#1694=ORIENTED_EDGE('',*,*,#2579,.T.);
#1695=ORIENTED_EDGE('',*,*,#2589,.F.);
#1696=ORIENTED_EDGE('',*,*,#2587,.F.);
#1697=ORIENTED_EDGE('',*,*,#2452,.F.);
#1698=ORIENTED_EDGE('',*,*,#2586,.F.);
#1699=ORIENTED_EDGE('',*,*,#2451,.F.);
#1700=ORIENTED_EDGE('',*,*,#2585,.F.);
#1701=ORIENTED_EDGE('',*,*,#2450,.F.);
#1702=ORIENTED_EDGE('',*,*,#2584,.F.);
#1703=ORIENTED_EDGE('',*,*,#2449,.F.);
#1704=ORIENTED_EDGE('',*,*,#2583,.F.);
#1705=ORIENTED_EDGE('',*,*,#2448,.F.);
#1706=ORIENTED_EDGE('',*,*,#2590,.T.);
#1707=ORIENTED_EDGE('',*,*,#2425,.T.);
#1708=ORIENTED_EDGE('',*,*,#2582,.T.);
#1709=ORIENTED_EDGE('',*,*,#2588,.T.);
#1710=ORIENTED_EDGE('',*,*,#2589,.T.);
#1711=ORIENTED_EDGE('',*,*,#2578,.T.);
#1712=ORIENTED_EDGE('',*,*,#2426,.T.);
#1713=ORIENTED_EDGE('',*,*,#2590,.F.);
#1714=ORIENTED_EDGE('',*,*,#2431,.F.);
#1715=ORIENTED_EDGE('',*,*,#2591,.T.);
#1716=ORIENTED_EDGE('',*,*,#2592,.T.);
#1717=ORIENTED_EDGE('',*,*,#2593,.T.);
#1718=ORIENTED_EDGE('',*,*,#2594,.T.);
#1719=ORIENTED_EDGE('',*,*,#2595,.T.);
#1720=ORIENTED_EDGE('',*,*,#2596,.T.);
#1721=ORIENTED_EDGE('',*,*,#2434,.T.);
#1722=ORIENTED_EDGE('',*,*,#2597,.T.);
#1723=ORIENTED_EDGE('',*,*,#2598,.F.);
#1724=ORIENTED_EDGE('',*,*,#2599,.F.);
#1725=ORIENTED_EDGE('',*,*,#2600,.F.);
#1726=ORIENTED_EDGE('',*,*,#2601,.F.);
#1727=ORIENTED_EDGE('',*,*,#2602,.F.);
#1728=ORIENTED_EDGE('',*,*,#2603,.F.);
#1729=ORIENTED_EDGE('',*,*,#2604,.T.);
#1730=ORIENTED_EDGE('',*,*,#2605,.T.);
#1731=ORIENTED_EDGE('',*,*,#2593,.F.);
#1732=ORIENTED_EDGE('',*,*,#2606,.T.);
#1733=ORIENTED_EDGE('',*,*,#2598,.T.);
#1734=ORIENTED_EDGE('',*,*,#2607,.F.);
#1735=ORIENTED_EDGE('',*,*,#2608,.F.);
#1736=ORIENTED_EDGE('',*,*,#2509,.F.);
#1737=ORIENTED_EDGE('',*,*,#2609,.T.);
#1738=ORIENTED_EDGE('',*,*,#2595,.F.);
#1739=ORIENTED_EDGE('',*,*,#2606,.F.);
#1740=ORIENTED_EDGE('',*,*,#2592,.F.);
#1741=ORIENTED_EDGE('',*,*,#2610,.T.);
#1742=ORIENTED_EDGE('',*,*,#2485,.F.);
#1743=ORIENTED_EDGE('',*,*,#2603,.T.);
#1744=ORIENTED_EDGE('',*,*,#2457,.T.);
#1745=ORIENTED_EDGE('',*,*,#2602,.T.);
#1746=ORIENTED_EDGE('',*,*,#2456,.T.);
#1747=ORIENTED_EDGE('',*,*,#2601,.T.);
#1748=ORIENTED_EDGE('',*,*,#2455,.T.);
#1749=ORIENTED_EDGE('',*,*,#2600,.T.);
#1750=ORIENTED_EDGE('',*,*,#2454,.T.);
#1751=ORIENTED_EDGE('',*,*,#2599,.T.);
#1752=ORIENTED_EDGE('',*,*,#2453,.T.);
#1753=ORIENTED_EDGE('',*,*,#2611,.F.);
#1754=ORIENTED_EDGE('',*,*,#2604,.F.);
#1755=ORIENTED_EDGE('',*,*,#2597,.F.);
#1756=ORIENTED_EDGE('',*,*,#2433,.F.);
#1757=ORIENTED_EDGE('',*,*,#2605,.F.);
#1758=ORIENTED_EDGE('',*,*,#2611,.T.);
#1759=ORIENTED_EDGE('',*,*,#2432,.F.);
#1760=ORIENTED_EDGE('',*,*,#2594,.F.);
#1761=ORIENTED_EDGE('',*,*,#2504,.T.);
#1762=ORIENTED_EDGE('',*,*,#2608,.T.);
#1763=ORIENTED_EDGE('',*,*,#2612,.T.);
#1764=ORIENTED_EDGE('',*,*,#2613,.T.);
#1765=ORIENTED_EDGE('',*,*,#2524,.T.);
#1766=ORIENTED_EDGE('',*,*,#2409,.T.);
#1767=ORIENTED_EDGE('',*,*,#2528,.F.);
#1768=ORIENTED_EDGE('',*,*,#2614,.T.);
#1769=ORIENTED_EDGE('',*,*,#2615,.F.);
#1770=ORIENTED_EDGE('',*,*,#2572,.T.);
#1771=ORIENTED_EDGE('',*,*,#2488,.F.);
#1772=ORIENTED_EDGE('',*,*,#2573,.F.);
#1773=ORIENTED_EDGE('',*,*,#2615,.T.);
#1774=ORIENTED_EDGE('',*,*,#2616,.F.);
#1775=ORIENTED_EDGE('',*,*,#2529,.T.);
#1776=ORIENTED_EDGE('',*,*,#2407,.F.);
#1777=ORIENTED_EDGE('',*,*,#2532,.F.);
#1778=ORIENTED_EDGE('',*,*,#2617,.F.);
#1779=ORIENTED_EDGE('',*,*,#2618,.F.);
#1780=ORIENTED_EDGE('',*,*,#2510,.F.);
#1781=ORIENTED_EDGE('',*,*,#2493,.F.);
#1782=ORIENTED_EDGE('',*,*,#2511,.F.);
#1783=ORIENTED_EDGE('',*,*,#2618,.T.);
#1784=ORIENTED_EDGE('',*,*,#2619,.F.);
#1785=ORIENTED_EDGE('',*,*,#2530,.T.);
#1786=ORIENTED_EDGE('',*,*,#2405,.F.);
#1787=ORIENTED_EDGE('',*,*,#2534,.F.);
#1788=ORIENTED_EDGE('',*,*,#2620,.F.);
#1789=ORIENTED_EDGE('',*,*,#2621,.F.);
#1790=ORIENTED_EDGE('',*,*,#2517,.F.);
#1791=ORIENTED_EDGE('',*,*,#2622,.T.);
#1792=ORIENTED_EDGE('',*,*,#2623,.T.);
#1793=ORIENTED_EDGE('',*,*,#2503,.T.);
#1794=ORIENTED_EDGE('',*,*,#2518,.T.);
#1795=ORIENTED_EDGE('',*,*,#2621,.T.);
#1796=ORIENTED_EDGE('',*,*,#2624,.T.);
#1797=ORIENTED_EDGE('',*,*,#2535,.T.);
#1798=ORIENTED_EDGE('',*,*,#2403,.T.);
#1799=ORIENTED_EDGE('',*,*,#2526,.F.);
#1800=ORIENTED_EDGE('',*,*,#2625,.T.);
#1801=ORIENTED_EDGE('',*,*,#2612,.F.);
#1802=ORIENTED_EDGE('',*,*,#2607,.T.);
#1803=ORIENTED_EDGE('',*,*,#2484,.T.);
#1804=ORIENTED_EDGE('',*,*,#2626,.F.);
#1805=ORIENTED_EDGE('',*,*,#2627,.F.);
#1806=ORIENTED_EDGE('',*,*,#2458,.T.);
#1807=ORIENTED_EDGE('',*,*,#2628,.T.);
#1808=ORIENTED_EDGE('',*,*,#2401,.F.);
#1809=ORIENTED_EDGE('',*,*,#2629,.T.);
#1810=ORIENTED_EDGE('',*,*,#2400,.F.);
#1811=ORIENTED_EDGE('',*,*,#2630,.F.);
#1812=ORIENTED_EDGE('',*,*,#2459,.T.);
#1813=ORIENTED_EDGE('',*,*,#2630,.T.);
#1814=ORIENTED_EDGE('',*,*,#2525,.F.);
#1815=ORIENTED_EDGE('',*,*,#2613,.F.);
#1816=ORIENTED_EDGE('',*,*,#2625,.F.);
#1817=ORIENTED_EDGE('',*,*,#2620,.T.);
#1818=ORIENTED_EDGE('',*,*,#2533,.T.);
#1819=ORIENTED_EDGE('',*,*,#2624,.F.);
#1820=ORIENTED_EDGE('',*,*,#2629,.F.);
#1821=ORIENTED_EDGE('',*,*,#2527,.T.);
#1822=ORIENTED_EDGE('',*,*,#2616,.T.);
#1823=ORIENTED_EDGE('',*,*,#2614,.F.);
#1824=ORIENTED_EDGE('',*,*,#2628,.F.);
#1825=ORIENTED_EDGE('',*,*,#2627,.T.);
#1826=ORIENTED_EDGE('',*,*,#2619,.T.);
#1827=ORIENTED_EDGE('',*,*,#2617,.T.);
#1828=ORIENTED_EDGE('',*,*,#2531,.F.);
#1829=ORIENTED_EDGE('',*,*,#2492,.F.);
#1830=ORIENTED_EDGE('',*,*,#2539,.F.);
#1831=ORIENTED_EDGE('',*,*,#2442,.F.);
#1832=ORIENTED_EDGE('',*,*,#2555,.F.);
#1833=ORIENTED_EDGE('',*,*,#2574,.F.);
#1834=ORIENTED_EDGE('',*,*,#2516,.F.);
#1835=ORIENTED_EDGE('',*,*,#2536,.F.);
#1836=ORIENTED_EDGE('',*,*,#2416,.F.);
#1837=ORIENTED_EDGE('',*,*,#2540,.F.);
#1838=ORIENTED_EDGE('',*,*,#2490,.F.);
#1839=ORIENTED_EDGE('',*,*,#2508,.F.);
#1840=ORIENTED_EDGE('',*,*,#2558,.F.);
#1841=ORIENTED_EDGE('',*,*,#2435,.F.);
#1842=ORIENTED_EDGE('',*,*,#2596,.F.);
#1843=ORIENTED_EDGE('',*,*,#2609,.F.);
#1844=ORIENTED_EDGE('',*,*,#2575,.F.);
#1845=ORIENTED_EDGE('',*,*,#2560,.F.);
#1846=ORIENTED_EDGE('',*,*,#2437,.F.);
#1847=ORIENTED_EDGE('',*,*,#2559,.F.);
#1848=ORIENTED_EDGE('',*,*,#2506,.F.);
#1849=ORIENTED_EDGE('',*,*,#2501,.F.);
#1850=ORIENTED_EDGE('',*,*,#2480,.F.);
#1851=ORIENTED_EDGE('',*,*,#2428,.F.);
#1852=ORIENTED_EDGE('',*,*,#2577,.F.);
#1853=ORIENTED_EDGE('',*,*,#2519,.F.);
#1854=ORIENTED_EDGE('',*,*,#2610,.F.);
#1855=ORIENTED_EDGE('',*,*,#2591,.F.);
#1856=ORIENTED_EDGE('',*,*,#2430,.F.);
#1857=ORIENTED_EDGE('',*,*,#2479,.F.);
#1858=ORIENTED_EDGE('',*,*,#2486,.F.);
#1859=ORIENTED_EDGE('',*,*,#2523,.F.);
#1860=ORIENTED_EDGE('',*,*,#2580,.F.);
#1861=ORIENTED_EDGE('',*,*,#2423,.F.);
#1862=ORIENTED_EDGE('',*,*,#2541,.F.);
#1863=ORIENTED_EDGE('',*,*,#2495,.F.);
#1864=ORIENTED_EDGE('',*,*,#2497,.F.);
#1865=ORIENTED_EDGE('',*,*,#2542,.F.);
#1866=ORIENTED_EDGE('',*,*,#2421,.F.);
#1867=ORIENTED_EDGE('',*,*,#2543,.F.);
#1868=ORIENTED_EDGE('',*,*,#2512,.F.);
#1869=ORIENTED_EDGE('',*,*,#2631,.F.);
#1870=ORIENTED_EDGE('',*,*,#2471,.T.);
#1871=ORIENTED_EDGE('',*,*,#2632,.T.);
#1872=ORIENTED_EDGE('',*,*,#2626,.T.);
#1873=ORIENTED_EDGE('',*,*,#2483,.F.);
#1874=ORIENTED_EDGE('',*,*,#2477,.F.);
#1875=ORIENTED_EDGE('',*,*,#2633,.F.);
#1876=ORIENTED_EDGE('',*,*,#2469,.F.);
#1877=ORIENTED_EDGE('',*,*,#2474,.T.);
#1878=ORIENTED_EDGE('',*,*,#2482,.T.);
#1879=ORIENTED_EDGE('',*,*,#2500,.T.);
#1880=ORIENTED_EDGE('',*,*,#2623,.F.);
#1881=ORIENTED_EDGE('',*,*,#2470,.F.);
#1882=ORIENTED_EDGE('',*,*,#2633,.T.);
#1883=ORIENTED_EDGE('',*,*,#2622,.F.);
#1884=ORIENTED_EDGE('',*,*,#2632,.F.);
#1885=ORIENTED_EDGE('',*,*,#2472,.F.);
#1886=ORIENTED_EDGE('',*,*,#2467,.F.);
#1887=ORIENTED_EDGE('',*,*,#2634,.T.);
#1888=ORIENTED_EDGE('',*,*,#2475,.T.);
#1889=ORIENTED_EDGE('',*,*,#2634,.F.);
#1890=ORIENTED_EDGE('',*,*,#2466,.T.);
#1891=ORIENTED_EDGE('',*,*,#2631,.T.);
#1892=ORIENTED_EDGE('',*,*,#2476,.T.);
#1893=ORIENTED_EDGE('',*,*,#2460,.F.);
#1894=ORIENTED_EDGE('',*,*,#2635,.F.);
#1895=ORIENTED_EDGE('',*,*,#2636,.T.);
#1896=ORIENTED_EDGE('',*,*,#2637,.T.);
#1897=ORIENTED_EDGE('',*,*,#2465,.F.);
#1898=ORIENTED_EDGE('',*,*,#2638,.F.);
#1899=ORIENTED_EDGE('',*,*,#2639,.T.);
#1900=ORIENTED_EDGE('',*,*,#2635,.T.);
#1901=ORIENTED_EDGE('',*,*,#2464,.T.);
#1902=ORIENTED_EDGE('',*,*,#2640,.F.);
#1903=ORIENTED_EDGE('',*,*,#2641,.F.);
#1904=ORIENTED_EDGE('',*,*,#2638,.T.);
#1905=ORIENTED_EDGE('',*,*,#2463,.T.);
#1906=ORIENTED_EDGE('',*,*,#2642,.F.);
#1907=ORIENTED_EDGE('',*,*,#2643,.F.);
#1908=ORIENTED_EDGE('',*,*,#2640,.T.);
#1909=ORIENTED_EDGE('',*,*,#2462,.T.);
#1910=ORIENTED_EDGE('',*,*,#2644,.F.);
#1911=ORIENTED_EDGE('',*,*,#2645,.F.);
#1912=ORIENTED_EDGE('',*,*,#2642,.T.);
#1913=ORIENTED_EDGE('',*,*,#2461,.F.);
#1914=ORIENTED_EDGE('',*,*,#2637,.F.);
#1915=ORIENTED_EDGE('',*,*,#2646,.T.);
#1916=ORIENTED_EDGE('',*,*,#2644,.T.);
#1917=ORIENTED_EDGE('',*,*,#2636,.F.);
#1918=ORIENTED_EDGE('',*,*,#2639,.F.);
#1919=ORIENTED_EDGE('',*,*,#2641,.T.);
#1920=ORIENTED_EDGE('',*,*,#2643,.T.);
#1921=ORIENTED_EDGE('',*,*,#2645,.T.);
#1922=ORIENTED_EDGE('',*,*,#2646,.F.);
#1923=ORIENTED_EDGE('',*,*,#2647,.F.);
#1924=ORIENTED_EDGE('',*,*,#2499,.T.);
#1925=ORIENTED_EDGE('',*,*,#2647,.T.);
#1926=EDGE_CURVE('',#2648,#2649,#3142,.F.);
#1927=EDGE_CURVE('',#2649,#2650,#442,.T.);
#1928=EDGE_CURVE('',#2651,#2650,#234,.T.);
#1929=EDGE_CURVE('',#2651,#2652,#443,.T.);
#1930=EDGE_CURVE('',#2652,#2653,#3143,.T.);
#1931=EDGE_CURVE('',#2653,#2648,#235,.T.);
#1932=EDGE_CURVE('',#2654,#2655,#3144,.F.);
#1933=EDGE_CURVE('',#2655,#2656,#3145,.F.);
#1934=EDGE_CURVE('',#2656,#2657,#3146,.T.);
#1935=EDGE_CURVE('',#2657,#2654,#3147,.F.);
#1936=EDGE_CURVE('',#2658,#2659,#3148,.T.);
#1937=EDGE_CURVE('',#2659,#2660,#3149,.T.);
#1938=EDGE_CURVE('',#2661,#2660,#3150,.T.);
#1939=EDGE_CURVE('',#2661,#2658,#3151,.F.);
#1940=EDGE_CURVE('',#2660,#2662,#444,.T.);
#1941=EDGE_CURVE('',#2662,#2663,#236,.T.);
#1942=EDGE_CURVE('',#2663,#2664,#445,.T.);
#1943=EDGE_CURVE('',#2665,#2664,#3152,.T.);
#1944=EDGE_CURVE('',#2665,#2666,#446,.T.);
#1945=EDGE_CURVE('',#2667,#2666,#237,.T.);
#1946=EDGE_CURVE('',#2667,#2661,#447,.T.);
#1947=EDGE_CURVE('',#2664,#2668,#3153,.F.);
#1948=EDGE_CURVE('',#2669,#2668,#3154,.T.);
#1949=EDGE_CURVE('',#2669,#2665,#3155,.T.);
#1950=EDGE_CURVE('',#2670,#2671,#3156,.T.);
#1951=EDGE_CURVE('',#2671,#2659,#448,.T.);
#1952=EDGE_CURVE('',#2658,#2672,#449,.T.);
#1953=EDGE_CURVE('',#2672,#2673,#238,.T.);
#1954=EDGE_CURVE('',#2673,#2669,#450,.T.);
#1955=EDGE_CURVE('',#2668,#2674,#451,.T.);
#1956=EDGE_CURVE('',#2674,#2675,#3157,.F.);
#1957=EDGE_CURVE('',#2675,#2676,#452,.T.);
#1958=EDGE_CURVE('',#2676,#2677,#239,.F.);
#1959=EDGE_CURVE('',#2677,#2678,#453,.T.);
#1960=EDGE_CURVE('',#2678,#2679,#3158,.T.);
#1961=EDGE_CURVE('',#2680,#2679,#240,.T.);
#1962=EDGE_CURVE('',#2680,#2681,#3159,.F.);
#1963=EDGE_CURVE('',#2681,#2682,#454,.T.);
#1964=EDGE_CURVE('',#2682,#2683,#241,.F.);
#1965=EDGE_CURVE('',#2683,#2670,#455,.T.);
#1966=EDGE_CURVE('',#2684,#2685,#3160,.T.);
#1967=EDGE_CURVE('',#2684,#2686,#3161,.F.);
#1968=EDGE_CURVE('',#2686,#2687,#3162,.T.);
#1969=EDGE_CURVE('',#2687,#2685,#3163,.F.);
#1970=EDGE_CURVE('',#2688,#2689,#3164,.F.);
#1971=EDGE_CURVE('',#2689,#2690,#456,.T.);
#1972=EDGE_CURVE('',#2691,#2690,#242,.T.);
#1973=EDGE_CURVE('',#2691,#2692,#457,.T.);
#1974=EDGE_CURVE('',#2692,#2693,#3165,.T.);
#1975=EDGE_CURVE('',#2693,#2688,#243,.T.);
#1976=EDGE_CURVE('',#2694,#2695,#3166,.F.);
#1977=EDGE_CURVE('',#2695,#2696,#3167,.F.);
#1978=EDGE_CURVE('',#2696,#2697,#3168,.T.);
#1979=EDGE_CURVE('',#2697,#2694,#3169,.F.);
#1980=EDGE_CURVE('',#2698,#2698,#244,.T.);
#1981=EDGE_CURVE('',#2699,#2699,#245,.T.);
#1982=EDGE_CURVE('',#2700,#2700,#246,.T.);
#1983=EDGE_CURVE('',#2701,#2701,#247,.T.);
#1984=EDGE_CURVE('',#2702,#2702,#248,.T.);
#1985=EDGE_CURVE('',#2703,#2703,#249,.T.);
#1986=EDGE_CURVE('',#2704,#2704,#250,.T.);
#1987=EDGE_CURVE('',#2705,#2705,#251,.T.);
#1988=EDGE_CURVE('',#2706,#2706,#252,.T.);
#1989=EDGE_CURVE('',#2707,#2707,#253,.T.);
#1990=EDGE_CURVE('',#2708,#2709,#3170,.T.);
#1991=EDGE_CURVE('',#2708,#2710,#3171,.F.);
#1992=EDGE_CURVE('',#2710,#2711,#3172,.T.);
#1993=EDGE_CURVE('',#2711,#2709,#3173,.F.);
#1994=EDGE_CURVE('',#2712,#2713,#3174,.T.);
#1995=EDGE_CURVE('',#2713,#2714,#254,.T.);
#1996=EDGE_CURVE('',#2714,#2715,#3175,.F.);
#1997=EDGE_CURVE('',#2715,#2651,#458,.F.);
#1998=EDGE_CURVE('',#2650,#2716,#459,.T.);
#1999=EDGE_CURVE('',#2716,#2717,#3176,.T.);
#2000=EDGE_CURVE('',#2717,#2718,#255,.T.);
#2001=EDGE_CURVE('',#2718,#2719,#3177,.F.);
#2002=EDGE_CURVE('',#2719,#2691,#460,.F.);
#2003=EDGE_CURVE('',#2690,#2712,#461,.T.);
#2004=EDGE_CURVE('',#2693,#2684,#256,.T.);
#2005=EDGE_CURVE('',#2685,#2680,#257,.T.);
#2006=EDGE_CURVE('',#2679,#2697,#258,.T.);
#2007=EDGE_CURVE('',#2696,#2688,#259,.T.);
#2008=EDGE_CURVE('',#2662,#2720,#3178,.F.);
#2009=EDGE_CURVE('',#2720,#2657,#260,.T.);
#2010=EDGE_CURVE('',#2656,#2648,#261,.T.);
#2011=EDGE_CURVE('',#2653,#2708,#262,.T.);
#2012=EDGE_CURVE('',#2709,#2721,#263,.T.);
#2013=EDGE_CURVE('',#2721,#2663,#3179,.T.);
#2014=EDGE_CURVE('',#2672,#2667,#3180,.T.);
#2015=EDGE_CURVE('',#2666,#2673,#3181,.F.);
#2016=EDGE_CURVE('',#2710,#2715,#462,.T.);
#2017=EDGE_CURVE('',#2714,#2711,#463,.T.);
#2018=EDGE_CURVE('',#2712,#2695,#464,.T.);
#2019=EDGE_CURVE('',#2694,#2713,#465,.T.);
#2020=EDGE_CURVE('',#2716,#2655,#466,.T.);
#2021=EDGE_CURVE('',#2654,#2717,#467,.T.);
#2022=EDGE_CURVE('',#2686,#2719,#468,.T.);
#2023=EDGE_CURVE('',#2718,#2687,#469,.T.);
#2024=EDGE_CURVE('',#2649,#2655,#264,.T.);
#2025=EDGE_CURVE('',#2710,#2652,#265,.T.);
#2026=EDGE_CURVE('',#2689,#2695,#266,.T.);
#2027=EDGE_CURVE('',#2686,#2692,#267,.T.);
#2028=EDGE_CURVE('',#2694,#2678,#268,.T.);
#2029=EDGE_CURVE('',#2713,#2677,#269,.T.);
#2030=EDGE_CURVE('',#2714,#2676,#270,.T.);
#2031=EDGE_CURVE('',#2711,#2675,#271,.T.);
#2032=EDGE_CURVE('',#2674,#2721,#470,.T.);
#2033=EDGE_CURVE('',#2720,#2671,#471,.T.);
#2034=EDGE_CURVE('',#2654,#2670,#272,.T.);
#2035=EDGE_CURVE('',#2717,#2683,#273,.T.);
#2036=EDGE_CURVE('',#2718,#2682,#274,.T.);
#2037=EDGE_CURVE('',#2687,#2681,#275,.T.);
#2038=EDGE_CURVE('',#2722,#2723,#3182,.T.);
#2039=EDGE_CURVE('',#2723,#2724,#3183,.T.);
#2040=EDGE_CURVE('',#2725,#2724,#3184,.T.);
#2041=EDGE_CURVE('',#2725,#2722,#3185,.T.);
#2042=EDGE_CURVE('',#2726,#2727,#3186,.T.);
#2043=EDGE_CURVE('',#2727,#2728,#3187,.T.);
#2044=EDGE_CURVE('',#2728,#2729,#276,.T.);
#2045=EDGE_CURVE('',#2729,#2730,#3188,.T.);
#2046=EDGE_CURVE('',#2730,#2731,#277,.T.);
#2047=EDGE_CURVE('',#2732,#2731,#3189,.T.);
#2048=EDGE_CURVE('',#2732,#2733,#278,.T.);
#2049=EDGE_CURVE('',#2734,#2733,#3190,.T.);
#2050=EDGE_CURVE('',#2734,#2735,#279,.T.);
#2051=EDGE_CURVE('',#2735,#2736,#3191,.T.);
#2052=EDGE_CURVE('',#2737,#2736,#3192,.T.);
#2053=EDGE_CURVE('',#2737,#2738,#3193,.F.);
#2054=EDGE_CURVE('',#2739,#2738,#3194,.T.);
#2055=EDGE_CURVE('',#2739,#2740,#3195,.T.);
#2056=EDGE_CURVE('',#2740,#2741,#3196,.T.);
#2057=EDGE_CURVE('',#2741,#2726,#3197,.F.);
#2058=EDGE_CURVE('',#2742,#2743,#3198,.T.);
#2059=EDGE_CURVE('',#2742,#2744,#18,.F.);
#2060=EDGE_CURVE('',#2744,#2745,#3199,.T.);
#2061=EDGE_CURVE('',#2745,#2746,#19,.F.);
#2062=EDGE_CURVE('',#2747,#2746,#3200,.T.);
#2063=EDGE_CURVE('',#2748,#2747,#3201,.T.);
#2064=EDGE_CURVE('',#2748,#2749,#280,.F.);
#2065=EDGE_CURVE('',#2749,#2750,#3202,.T.);
#2066=EDGE_CURVE('',#2750,#2751,#281,.F.);
#2067=EDGE_CURVE('',#2752,#2751,#3203,.T.);
#2068=EDGE_CURVE('',#2753,#2752,#3204,.T.);
#2069=EDGE_CURVE('',#2753,#2754,#3205,.T.);
#2070=EDGE_CURVE('',#2754,#2755,#3206,.T.);
#2071=EDGE_CURVE('',#2755,#2756,#3207,.F.);
#2072=EDGE_CURVE('',#2756,#2757,#3208,.F.);
#2073=EDGE_CURVE('',#2757,#2758,#3209,.T.);
#2074=EDGE_CURVE('',#2758,#2759,#3210,.T.);
#2075=EDGE_CURVE('',#2759,#2760,#3211,.T.);
#2076=EDGE_CURVE('',#2760,#2761,#282,.F.);
#2077=EDGE_CURVE('',#2762,#2761,#3212,.T.);
#2078=EDGE_CURVE('',#2762,#2763,#283,.F.);
#2079=EDGE_CURVE('',#2743,#2763,#3213,.T.);
#2080=EDGE_CURVE('',#2764,#2765,#3214,.T.);
#2081=EDGE_CURVE('',#2764,#2766,#284,.F.);
#2082=EDGE_CURVE('',#2766,#2767,#3215,.T.);
#2083=EDGE_CURVE('',#2767,#2768,#285,.F.);
#2084=EDGE_CURVE('',#2768,#2769,#3216,.T.);
#2085=EDGE_CURVE('',#2769,#2770,#286,.F.);
#2086=EDGE_CURVE('',#2771,#2770,#3217,.T.);
#2087=EDGE_CURVE('',#2771,#2765,#287,.F.);
#2088=EDGE_CURVE('',#2738,#2772,#3218,.T.);
#2089=EDGE_CURVE('',#2773,#2772,#3219,.T.);
#2090=EDGE_CURVE('',#2739,#2773,#3220,.T.);
#2091=EDGE_CURVE('',#2774,#2775,#3221,.T.);
#2092=EDGE_CURVE('',#2776,#2774,#3222,.T.);
#2093=EDGE_CURVE('',#2776,#2777,#3223,.T.);
#2094=EDGE_CURVE('',#2777,#2775,#3224,.T.);
#2095=EDGE_CURVE('',#2778,#2779,#3225,.F.);
#2096=EDGE_CURVE('',#2779,#2780,#3226,.F.);
#2097=EDGE_CURVE('',#2780,#2781,#3227,.F.);
#2098=EDGE_CURVE('',#2782,#2781,#3228,.T.);
#2099=EDGE_CURVE('',#2783,#2782,#3229,.T.);
#2100=EDGE_CURVE('',#2783,#2784,#288,.T.);
#2101=EDGE_CURVE('',#2785,#2784,#3230,.T.);
#2102=EDGE_CURVE('',#2785,#2786,#289,.T.);
#2103=EDGE_CURVE('',#2786,#2787,#3231,.T.);
#2104=EDGE_CURVE('',#2788,#2787,#3232,.T.);
#2105=EDGE_CURVE('',#2788,#2789,#3233,.T.);
#2106=EDGE_CURVE('',#2789,#2790,#3234,.T.);
#2107=EDGE_CURVE('',#2791,#2790,#3235,.T.);
#2108=EDGE_CURVE('',#2791,#2792,#290,.T.);
#2109=EDGE_CURVE('',#2792,#2793,#3236,.T.);
#2110=EDGE_CURVE('',#2793,#2794,#291,.T.);
#2111=EDGE_CURVE('',#2773,#2794,#3237,.T.);
#2112=EDGE_CURVE('',#2772,#2795,#3238,.F.);
#2113=EDGE_CURVE('',#2795,#2778,#3239,.T.);
#2114=EDGE_CURVE('',#2796,#2797,#3240,.T.);
#2115=EDGE_CURVE('',#2796,#2798,#3241,.T.);
#2116=EDGE_CURVE('',#2799,#2798,#3242,.T.);
#2117=EDGE_CURVE('',#2797,#2799,#3243,.T.);
#2118=EDGE_CURVE('',#2800,#2801,#3244,.T.);
#2119=EDGE_CURVE('',#2801,#2802,#3245,.T.);
#2120=EDGE_CURVE('',#2802,#2803,#3246,.F.);
#2121=EDGE_CURVE('',#2803,#2800,#3247,.F.);
#2122=EDGE_CURVE('',#2781,#2741,#3248,.T.);
#2123=EDGE_CURVE('',#2740,#2782,#3249,.T.);
#2124=EDGE_CURVE('',#2804,#2805,#3250,.T.);
#2125=EDGE_CURVE('',#2805,#2806,#3251,.T.);
#2126=EDGE_CURVE('',#2806,#2807,#3252,.F.);
#2127=EDGE_CURVE('',#2807,#2804,#3253,.F.);
#2128=EDGE_CURVE('',#2808,#2809,#3254,.T.);
#2129=EDGE_CURVE('',#2809,#2810,#3255,.F.);
#2130=EDGE_CURVE('',#2811,#2810,#3256,.T.);
#2131=EDGE_CURVE('',#2811,#2808,#3257,.T.);
#2132=EDGE_CURVE('',#2812,#2813,#3258,.T.);
#2133=EDGE_CURVE('',#2813,#2814,#3259,.F.);
#2134=EDGE_CURVE('',#2815,#2814,#3260,.T.);
#2135=EDGE_CURVE('',#2815,#2812,#3261,.T.);
#2136=EDGE_CURVE('',#2757,#2805,#292,.T.);
#2137=EDGE_CURVE('',#2804,#2811,#293,.T.);
#2138=EDGE_CURVE('',#2810,#2815,#294,.T.);
#2139=EDGE_CURVE('',#2814,#2754,#295,.T.);
#2140=EDGE_CURVE('',#2776,#2753,#3262,.T.);
#2141=EDGE_CURVE('',#2789,#2774,#3263,.T.);
#2142=EDGE_CURVE('',#2788,#2796,#3264,.T.);
#2143=EDGE_CURVE('',#2797,#2758,#3265,.T.);
#2144=EDGE_CURVE('',#2816,#2817,#3266,.T.);
#2145=EDGE_CURVE('',#2817,#2818,#3267,.F.);
#2146=EDGE_CURVE('',#2818,#2819,#3268,.F.);
#2147=EDGE_CURVE('',#2819,#2816,#3269,.T.);
#2148=EDGE_CURVE('',#2820,#2821,#3270,.T.);
#2149=EDGE_CURVE('',#2820,#2725,#3271,.T.);
#2150=EDGE_CURVE('',#2821,#2724,#3272,.T.);
#2151=EDGE_CURVE('',#2822,#2823,#3273,.T.);
#2152=EDGE_CURVE('',#2823,#2824,#296,.F.);
#2153=EDGE_CURVE('',#2824,#2743,#3274,.T.);
#2154=EDGE_CURVE('',#2763,#2783,#3275,.F.);
#2155=EDGE_CURVE('',#2794,#2748,#3276,.T.);
#2156=EDGE_CURVE('',#2825,#2747,#3277,.T.);
#2157=EDGE_CURVE('',#2825,#2822,#297,.F.);
#2158=EDGE_CURVE('',#2798,#2787,#3278,.T.);
#2159=EDGE_CURVE('',#2786,#2760,#3279,.T.);
#2160=EDGE_CURVE('',#2799,#2759,#3280,.T.);
#2161=EDGE_CURVE('',#2777,#2752,#3281,.T.);
#2162=EDGE_CURVE('',#2761,#2785,#3282,.F.);
#2163=EDGE_CURVE('',#2784,#2762,#3283,.T.);
#2164=EDGE_CURVE('',#2792,#2750,#3284,.T.);
#2165=EDGE_CURVE('',#2749,#2793,#3285,.F.);
#2166=EDGE_CURVE('',#2751,#2791,#3286,.F.);
#2167=EDGE_CURVE('',#2790,#2775,#3287,.T.);
#2168=EDGE_CURVE('',#2736,#2826,#3288,.F.);
#2169=EDGE_CURVE('',#2826,#2827,#3289,.F.);
#2170=EDGE_CURVE('',#2827,#2737,#3290,.T.);
#2171=EDGE_CURVE('',#2828,#2829,#3291,.T.);
#2172=EDGE_CURVE('',#2829,#2727,#3292,.T.);
#2173=EDGE_CURVE('',#2726,#2828,#3293,.T.);
#2174=EDGE_CURVE('',#2780,#2828,#20,.T.);
#2175=EDGE_CURVE('',#2827,#2795,#21,.T.);
#2176=EDGE_CURVE('',#2766,#2734,#3294,.F.);
#2177=EDGE_CURVE('',#2733,#2767,#3295,.T.);
#2178=EDGE_CURVE('',#2765,#2830,#3296,.F.);
#2179=EDGE_CURVE('',#2830,#2831,#3297,.T.);
#2180=EDGE_CURVE('',#2831,#2764,#3298,.T.);
#2181=EDGE_CURVE('',#2729,#2771,#3299,.T.);
#2182=EDGE_CURVE('',#2770,#2730,#3300,.F.);
#2183=EDGE_CURVE('',#2731,#2769,#3301,.T.);
#2184=EDGE_CURVE('',#2768,#2732,#3302,.F.);
#2185=EDGE_CURVE('',#2808,#2807,#298,.T.);
#2186=EDGE_CURVE('',#2809,#2803,#299,.T.);
#2187=EDGE_CURVE('',#2800,#2808,#300,.T.);
#2188=EDGE_CURVE('',#2812,#2809,#301,.T.);
#2189=EDGE_CURVE('',#2800,#2807,#302,.F.);
#2190=EDGE_CURVE('',#2812,#2803,#303,.F.);
#2191=EDGE_CURVE('',#2806,#2756,#304,.T.);
#2192=EDGE_CURVE('',#2801,#2806,#305,.T.);
#2193=EDGE_CURVE('',#2813,#2802,#306,.T.);
#2194=EDGE_CURVE('',#2755,#2813,#307,.T.);
#2195=EDGE_CURVE('',#2801,#2756,#308,.F.);
#2196=EDGE_CURVE('',#2755,#2802,#309,.F.);
#2197=EDGE_CURVE('',#2829,#2779,#310,.T.);
#2198=EDGE_CURVE('',#2778,#2826,#311,.T.);
#2199=EDGE_CURVE('',#2779,#2819,#312,.T.);
#2200=EDGE_CURVE('',#2816,#2778,#313,.T.);
#2201=EDGE_CURVE('',#2829,#2819,#314,.F.);
#2202=EDGE_CURVE('',#2816,#2826,#315,.F.);
#2203=EDGE_CURVE('',#2727,#2818,#22,.F.);
#2204=EDGE_CURVE('',#2817,#2736,#23,.T.);
#2205=EDGE_CURVE('',#2735,#2831,#472,.T.);
#2206=EDGE_CURVE('',#2830,#2728,#473,.T.);
#2207=EDGE_CURVE('',#2832,#2723,#3303,.T.);
#2208=EDGE_CURVE('',#2832,#2821,#3304,.T.);
#2209=EDGE_CURVE('',#2833,#2722,#3305,.T.);
#2210=EDGE_CURVE('',#2833,#2832,#3306,.T.);
#2211=EDGE_CURVE('',#2820,#2833,#3307,.T.);
#2212=EDGE_CURVE('',#2746,#2834,#3308,.T.);
#2213=EDGE_CURVE('',#2834,#2825,#3309,.F.);
#2214=EDGE_CURVE('',#2824,#2835,#3310,.F.);
#2215=EDGE_CURVE('',#2835,#2742,#3311,.T.);
#2216=EDGE_CURVE('',#2836,#2837,#3312,.T.);
#2217=EDGE_CURVE('',#2837,#2823,#3313,.T.);
#2218=EDGE_CURVE('',#2822,#2836,#3314,.T.);
#2219=EDGE_CURVE('',#2744,#2838,#3315,.F.);
#2220=EDGE_CURVE('',#2838,#2839,#3316,.F.);
#2221=EDGE_CURVE('',#2839,#2745,#3317,.F.);
#2222=EDGE_CURVE('',#2834,#2839,#316,.T.);
#2223=EDGE_CURVE('',#2836,#2834,#317,.T.);
#2224=EDGE_CURVE('',#2836,#2839,#318,.F.);
#2225=EDGE_CURVE('',#2837,#2838,#319,.T.);
#2226=EDGE_CURVE('',#2835,#2837,#320,.T.);
#2227=EDGE_CURVE('',#2835,#2838,#321,.F.);
#2228=EDGE_CURVE('',#2840,#2841,#3318,.T.);
#2229=EDGE_CURVE('',#2841,#2842,#322,.T.);
#2230=EDGE_CURVE('',#2843,#2842,#3319,.T.);
#2231=EDGE_CURVE('',#2843,#2844,#323,.T.);
#2232=EDGE_CURVE('',#2845,#2844,#3320,.T.);
#2233=EDGE_CURVE('',#2845,#2846,#324,.T.);
#2234=EDGE_CURVE('',#2847,#2846,#3321,.T.);
#2235=EDGE_CURVE('',#2847,#2840,#325,.T.);
#2236=EDGE_CURVE('',#2848,#2849,#3322,.T.);
#2237=EDGE_CURVE('',#2848,#2850,#3323,.T.);
#2238=EDGE_CURVE('',#2850,#2851,#3324,.T.);
#2239=EDGE_CURVE('',#2851,#2852,#3325,.T.);
#2240=EDGE_CURVE('',#2853,#2852,#3326,.T.);
#2241=EDGE_CURVE('',#2853,#2854,#3327,.T.);
#2242=EDGE_CURVE('',#2854,#2855,#3328,.T.);
#2243=EDGE_CURVE('',#2856,#2855,#3329,.T.);
#2244=EDGE_CURVE('',#2856,#2857,#3330,.T.);
#2245=EDGE_CURVE('',#2858,#2857,#3331,.T.);
#2246=EDGE_CURVE('',#2859,#2858,#3332,.T.);
#2247=EDGE_CURVE('',#2849,#2859,#3333,.T.);
#2248=EDGE_CURVE('',#2860,#2861,#3334,.T.);
#2249=EDGE_CURVE('',#2860,#2862,#3335,.T.);
#2250=EDGE_CURVE('',#2862,#2863,#3336,.T.);
#2251=EDGE_CURVE('',#2863,#2864,#3337,.T.);
#2252=EDGE_CURVE('',#2864,#2865,#326,.F.);
#2253=EDGE_CURVE('',#2866,#2865,#3338,.T.);
#2254=EDGE_CURVE('',#2866,#2867,#327,.F.);
#2255=EDGE_CURVE('',#2867,#2861,#3339,.T.);
#2256=EDGE_CURVE('',#2868,#2869,#3340,.T.);
#2257=EDGE_CURVE('',#2868,#2870,#3341,.T.);
#2258=EDGE_CURVE('',#2870,#2871,#3342,.T.);
#2259=EDGE_CURVE('',#2861,#2871,#3343,.T.);
#2260=EDGE_CURVE('',#2867,#2872,#3344,.F.);
#2261=EDGE_CURVE('',#2872,#2873,#3345,.T.);
#2262=EDGE_CURVE('',#2873,#2869,#3346,.T.);
#2263=EDGE_CURVE('',#2874,#2875,#3347,.T.);
#2264=EDGE_CURVE('',#2876,#2875,#3348,.T.);
#2265=EDGE_CURVE('',#2877,#2876,#3349,.T.);
#2266=EDGE_CURVE('',#2877,#2874,#3350,.T.);
#2267=EDGE_CURVE('',#2875,#2878,#3351,.T.);
#2268=EDGE_CURVE('',#2878,#2879,#3352,.F.);
#2269=EDGE_CURVE('',#2876,#2879,#3353,.T.);
#2270=EDGE_CURVE('',#2880,#2881,#3354,.T.);
#2271=EDGE_CURVE('',#2881,#2882,#3355,.T.);
#2272=EDGE_CURVE('',#2883,#2882,#3356,.T.);
#2273=EDGE_CURVE('',#2883,#2880,#3357,.F.);
#2274=EDGE_CURVE('',#2884,#2885,#3358,.T.);
#2275=EDGE_CURVE('',#2884,#2866,#3359,.T.);
#2276=EDGE_CURVE('',#2865,#2885,#3360,.F.);
#2277=EDGE_CURVE('',#2886,#2887,#3361,.T.);
#2278=EDGE_CURVE('',#2887,#2864,#3362,.T.);
#2279=EDGE_CURVE('',#2886,#2863,#3363,.T.);
#2280=EDGE_CURVE('',#2888,#2862,#3364,.T.);
#2281=EDGE_CURVE('',#2888,#2886,#3365,.T.);
#2282=EDGE_CURVE('',#2889,#2860,#3366,.T.);
#2283=EDGE_CURVE('',#2874,#2889,#3367,.T.);
#2284=EDGE_CURVE('',#2877,#2890,#3368,.T.);
#2285=EDGE_CURVE('',#2890,#2891,#3369,.T.);
#2286=EDGE_CURVE('',#2891,#2892,#3370,.T.);
#2287=EDGE_CURVE('',#2893,#2892,#3371,.T.);
#2288=EDGE_CURVE('',#2888,#2893,#3372,.T.);
#2289=EDGE_CURVE('',#2894,#2892,#3373,.T.);
#2290=EDGE_CURVE('',#2894,#2841,#474,.T.);
#2291=EDGE_CURVE('',#2840,#2895,#475,.T.);
#2292=EDGE_CURVE('',#2895,#2893,#3374,.T.);
#2293=EDGE_CURVE('',#2896,#2890,#3375,.T.);
#2294=EDGE_CURVE('',#2896,#2845,#476,.T.);
#2295=EDGE_CURVE('',#2844,#2897,#477,.T.);
#2296=EDGE_CURVE('',#2891,#2897,#3376,.T.);
#2297=EDGE_CURVE('',#2879,#2881,#328,.T.);
#2298=EDGE_CURVE('',#2880,#2873,#329,.T.);
#2299=EDGE_CURVE('',#2872,#2884,#330,.T.);
#2300=EDGE_CURVE('',#2885,#2887,#331,.T.);
#2301=EDGE_CURVE('',#2895,#2847,#478,.T.);
#2302=EDGE_CURVE('',#2846,#2896,#479,.T.);
#2303=EDGE_CURVE('',#2889,#2868,#3377,.T.);
#2304=EDGE_CURVE('',#2869,#2883,#332,.F.);
#2305=EDGE_CURVE('',#2882,#2878,#333,.F.);
#2306=EDGE_CURVE('',#2897,#2843,#480,.T.);
#2307=EDGE_CURVE('',#2842,#2894,#481,.T.);
#2308=EDGE_CURVE('',#2898,#2898,#334,.F.);
#2309=EDGE_CURVE('',#2899,#2899,#335,.T.);
#2310=EDGE_CURVE('',#2900,#2900,#336,.T.);
#2311=EDGE_CURVE('',#2901,#2901,#337,.T.);
#2312=EDGE_CURVE('',#2902,#2902,#338,.T.);
#2313=EDGE_CURVE('',#2903,#2903,#339,.T.);
#2314=EDGE_CURVE('',#2904,#2904,#340,.F.);
#2315=EDGE_CURVE('',#2905,#2905,#341,.T.);
#2316=EDGE_CURVE('',#2906,#2906,#342,.F.);
#2317=EDGE_CURVE('',#2907,#2907,#343,.T.);
#2318=EDGE_CURVE('',#2908,#2908,#344,.T.);
#2319=EDGE_CURVE('',#2909,#2909,#345,.T.);
#2320=EDGE_CURVE('',#2910,#2910,#346,.F.);
#2321=EDGE_CURVE('',#2911,#2911,#347,.T.);
#2322=EDGE_CURVE('',#2912,#2912,#348,.T.);
#2323=EDGE_CURVE('',#2913,#2913,#349,.T.);
#2324=EDGE_CURVE('',#2914,#2860,#3378,.T.);
#2325=EDGE_CURVE('',#2914,#2915,#3379,.T.);
#2326=EDGE_CURVE('',#2915,#2889,#3380,.T.);
#2327=EDGE_CURVE('',#2915,#2916,#3381,.T.);
#2328=EDGE_CURVE('',#2916,#2870,#3382,.T.);
#2329=EDGE_CURVE('',#2917,#2871,#3383,.T.);
#2330=EDGE_CURVE('',#2914,#2917,#3384,.T.);
#2331=EDGE_CURVE('',#2916,#2917,#3385,.T.);
#2332=EDGE_CURVE('',#2918,#2849,#3386,.T.);
#2333=EDGE_CURVE('',#2919,#2918,#3387,.T.);
#2334=EDGE_CURVE('',#2919,#2848,#3388,.T.);
#2335=EDGE_CURVE('',#2920,#2859,#3389,.T.);
#2336=EDGE_CURVE('',#2920,#2921,#3390,.T.);
#2337=EDGE_CURVE('',#2922,#2921,#3391,.T.);
#2338=EDGE_CURVE('',#2918,#2922,#3392,.T.);
#2339=EDGE_CURVE('',#2923,#2858,#3393,.T.);
#2340=EDGE_CURVE('',#2920,#2923,#3394,.T.);
#2341=EDGE_CURVE('',#2924,#2857,#3395,.T.);
#2342=EDGE_CURVE('',#2923,#2924,#3396,.T.);
#2343=EDGE_CURVE('',#2925,#2856,#3397,.T.);
#2344=EDGE_CURVE('',#2925,#2924,#3398,.T.);
#2345=EDGE_CURVE('',#2926,#2855,#3399,.T.);
#2346=EDGE_CURVE('',#2927,#2926,#3400,.T.);
#2347=EDGE_CURVE('',#2927,#2928,#3401,.T.);
#2348=EDGE_CURVE('',#2928,#2925,#3402,.T.);
#2349=EDGE_CURVE('',#2929,#2854,#3403,.T.);
#2350=EDGE_CURVE('',#2929,#2926,#3404,.T.);
#2351=EDGE_CURVE('',#2930,#2853,#3405,.T.);
#2352=EDGE_CURVE('',#2930,#2931,#3406,.T.);
#2353=EDGE_CURVE('',#2932,#2931,#3407,.T.);
#2354=EDGE_CURVE('',#2929,#2932,#3408,.T.);
#2355=EDGE_CURVE('',#2933,#2852,#3409,.T.);
#2356=EDGE_CURVE('',#2930,#2933,#3410,.T.);
#2357=EDGE_CURVE('',#2934,#2851,#3411,.T.);
#2358=EDGE_CURVE('',#2934,#2933,#3412,.T.);
#2359=EDGE_CURVE('',#2935,#2850,#3413,.T.);
#2360=EDGE_CURVE('',#2935,#2934,#3414,.T.);
#2361=EDGE_CURVE('',#2936,#2919,#3415,.T.);
#2362=EDGE_CURVE('',#2936,#2937,#3416,.T.);
#2363=EDGE_CURVE('',#2937,#2935,#3417,.T.);
#2364=EDGE_CURVE('',#2938,#2928,#3418,.T.);
#2365=EDGE_CURVE('',#2939,#2938,#3419,.T.);
#2366=EDGE_CURVE('',#2921,#2939,#3420,.T.);
#2367=EDGE_CURVE('',#2940,#2937,#3421,.T.);
#2368=EDGE_CURVE('',#2941,#2940,#3422,.T.);
#2369=EDGE_CURVE('',#2931,#2941,#3423,.T.);
#2370=EDGE_CURVE('',#2942,#2941,#3424,.T.);
#2371=EDGE_CURVE('',#2932,#2942,#3425,.T.);
#2372=EDGE_CURVE('',#2943,#2940,#3426,.T.);
#2373=EDGE_CURVE('',#2942,#2943,#3427,.T.);
#2374=EDGE_CURVE('',#2943,#2936,#3428,.T.);
#2375=EDGE_CURVE('',#2944,#2939,#3429,.T.);
#2376=EDGE_CURVE('',#2922,#2944,#3430,.T.);
#2377=EDGE_CURVE('',#2945,#2938,#3431,.T.);
#2378=EDGE_CURVE('',#2944,#2945,#3432,.T.);
#2379=EDGE_CURVE('',#2945,#2927,#3433,.T.);
#2380=EDGE_CURVE('',#2946,#2946,#350,.T.);
#2381=EDGE_CURVE('',#2947,#2947,#351,.T.);
#2382=EDGE_CURVE('',#2948,#2949,#3434,.T.);
#2383=EDGE_CURVE('',#2950,#2949,#3435,.T.);
#2384=EDGE_CURVE('',#2951,#2950,#3436,.T.);
#2385=EDGE_CURVE('',#2951,#2948,#3437,.T.);
#2386=EDGE_CURVE('',#2952,#2948,#3438,.T.);
#2387=EDGE_CURVE('',#2953,#2951,#3439,.T.);
#2388=EDGE_CURVE('',#2953,#2952,#3440,.T.);
#2389=EDGE_CURVE('',#2954,#2955,#3441,.T.);
#2390=EDGE_CURVE('',#2956,#2954,#3442,.T.);
#2391=EDGE_CURVE('',#2956,#2957,#3443,.T.);
#2392=EDGE_CURVE('',#2957,#2955,#3444,.T.);
#2393=EDGE_CURVE('',#2958,#2954,#3445,.T.);
#2394=EDGE_CURVE('',#2959,#2958,#3446,.T.);
#2395=EDGE_CURVE('',#2959,#2956,#3447,.T.);
#2396=EDGE_CURVE('',#2949,#2955,#3448,.T.);
#2397=EDGE_CURVE('',#2950,#2957,#3449,.T.);
#2398=EDGE_CURVE('',#2952,#2958,#3450,.T.);
#2399=EDGE_CURVE('',#2953,#2959,#3451,.T.);
#2400=EDGE_CURVE('',#2960,#2960,#352,.T.);
#2401=EDGE_CURVE('',#2961,#2961,#353,.T.);
#2402=EDGE_CURVE('',#2962,#2963,#354,.T.);
#2403=EDGE_CURVE('',#2964,#2963,#3452,.T.);
#2404=EDGE_CURVE('',#2965,#2964,#355,.T.);
#2405=EDGE_CURVE('',#2965,#2966,#3453,.T.);
#2406=EDGE_CURVE('',#2966,#2967,#356,.T.);
#2407=EDGE_CURVE('',#2967,#2968,#3454,.T.);
#2408=EDGE_CURVE('',#2969,#2968,#357,.T.);
#2409=EDGE_CURVE('',#2962,#2969,#3455,.T.);
#2410=EDGE_CURVE('',#2970,#2970,#358,.T.);
#2411=EDGE_CURVE('',#2971,#2971,#359,.T.);
#2412=EDGE_CURVE('',#2972,#2972,#360,.T.);
#2413=EDGE_CURVE('',#2973,#2973,#361,.T.);
#2414=EDGE_CURVE('',#2974,#2974,#362,.T.);
#2415=EDGE_CURVE('',#2975,#2976,#3456,.T.);
#2416=EDGE_CURVE('',#2976,#2977,#363,.T.);
#2417=EDGE_CURVE('',#2977,#2978,#3457,.T.);
#2418=EDGE_CURVE('',#2978,#2979,#364,.F.);
#2419=EDGE_CURVE('',#2979,#2980,#365,.F.);
#2420=EDGE_CURVE('',#2981,#2980,#3458,.T.);
#2421=EDGE_CURVE('',#2981,#2982,#366,.T.);
#2422=EDGE_CURVE('',#2983,#2982,#3459,.T.);
#2423=EDGE_CURVE('',#2983,#2984,#367,.T.);
#2424=EDGE_CURVE('',#2984,#2985,#3460,.T.);
#2425=EDGE_CURVE('',#2986,#2985,#368,.F.);
#2426=EDGE_CURVE('',#2987,#2986,#369,.F.);
#2427=EDGE_CURVE('',#2988,#2987,#3461,.T.);
#2428=EDGE_CURVE('',#2988,#2989,#370,.T.);
#2429=EDGE_CURVE('',#2990,#2989,#3462,.T.);
#2430=EDGE_CURVE('',#2990,#2991,#371,.T.);
#2431=EDGE_CURVE('',#2991,#2992,#3463,.T.);
#2432=EDGE_CURVE('',#2992,#2993,#372,.F.);
#2433=EDGE_CURVE('',#2993,#2994,#373,.F.);
#2434=EDGE_CURVE('',#2995,#2994,#3464,.T.);
#2435=EDGE_CURVE('',#2995,#2996,#374,.T.);
#2436=EDGE_CURVE('',#2996,#2997,#3465,.T.);
#2437=EDGE_CURVE('',#2997,#2998,#375,.T.);
#2438=EDGE_CURVE('',#2998,#2999,#3466,.T.);
#2439=EDGE_CURVE('',#3000,#2999,#376,.F.);
#2440=EDGE_CURVE('',#3001,#3000,#377,.F.);
#2441=EDGE_CURVE('',#3002,#3001,#3467,.T.);
#2442=EDGE_CURVE('',#3002,#2975,#378,.T.);
#2443=EDGE_CURVE('',#3003,#3003,#379,.T.);
#2444=EDGE_CURVE('',#3004,#3004,#380,.T.);
#2445=EDGE_CURVE('',#3005,#3005,#381,.T.);
#2446=EDGE_CURVE('',#3006,#3006,#382,.T.);
#2447=EDGE_CURVE('',#3007,#3007,#383,.T.);
#2448=EDGE_CURVE('',#3008,#3008,#384,.T.);
#2449=EDGE_CURVE('',#3009,#3009,#385,.T.);
#2450=EDGE_CURVE('',#3010,#3010,#386,.T.);
#2451=EDGE_CURVE('',#3011,#3011,#387,.T.);
#2452=EDGE_CURVE('',#3012,#3012,#388,.T.);
#2453=EDGE_CURVE('',#3013,#3013,#389,.T.);
#2454=EDGE_CURVE('',#3014,#3014,#390,.T.);
#2455=EDGE_CURVE('',#3015,#3015,#391,.T.);
#2456=EDGE_CURVE('',#3016,#3016,#392,.T.);
#2457=EDGE_CURVE('',#3017,#3017,#393,.T.);
#2458=EDGE_CURVE('',#3018,#3018,#394,.T.);
#2459=EDGE_CURVE('',#3019,#3019,#395,.T.);
#2460=EDGE_CURVE('',#3020,#3021,#3468,.T.);
#2461=EDGE_CURVE('',#3021,#3022,#3469,.T.);
#2462=EDGE_CURVE('',#3023,#3022,#3470,.T.);
#2463=EDGE_CURVE('',#3024,#3023,#3471,.T.);
#2464=EDGE_CURVE('',#3025,#3024,#3472,.T.);
#2465=EDGE_CURVE('',#3025,#3020,#3473,.T.);
#2466=EDGE_CURVE('',#3026,#3027,#3474,.T.);
#2467=EDGE_CURVE('',#3026,#3028,#3475,.T.);
#2468=EDGE_CURVE('',#3029,#3028,#3476,.T.);
#2469=EDGE_CURVE('',#3029,#3030,#3477,.T.);
#2470=EDGE_CURVE('',#3030,#3031,#3478,.T.);
#2471=EDGE_CURVE('',#3027,#3031,#3479,.T.);
#2472=EDGE_CURVE('',#3028,#3032,#3480,.T.);
#2473=EDGE_CURVE('',#3032,#3033,#3481,.T.);
#2474=EDGE_CURVE('',#3029,#3033,#3482,.T.);
#2475=EDGE_CURVE('',#3034,#3032,#3483,.T.);
#2476=EDGE_CURVE('',#3035,#3034,#3484,.T.);
#2477=EDGE_CURVE('',#3035,#3036,#3485,.T.);
#2478=EDGE_CURVE('',#3037,#3036,#3486,.T.);
#2479=EDGE_CURVE('',#3037,#2990,#3487,.T.);
#2480=EDGE_CURVE('',#2989,#3038,#3488,.F.);
#2481=EDGE_CURVE('',#3039,#3038,#3489,.T.);
#2482=EDGE_CURVE('',#3033,#3039,#3490,.T.);
#2483=EDGE_CURVE('',#3036,#3040,#3491,.T.);
#2484=EDGE_CURVE('',#3041,#3040,#3492,.T.);
#2485=EDGE_CURVE('',#3041,#3042,#3493,.T.);
#2486=EDGE_CURVE('',#3042,#3037,#396,.F.);
#2487=EDGE_CURVE('',#3043,#3044,#3494,.T.);
#2488=EDGE_CURVE('',#3043,#3045,#3495,.T.);
#2489=EDGE_CURVE('',#3045,#3046,#3496,.T.);
#2490=EDGE_CURVE('',#3046,#3047,#397,.F.);
#2491=EDGE_CURVE('',#3048,#3047,#3497,.T.);
#2492=EDGE_CURVE('',#3048,#3044,#398,.F.);
#2493=EDGE_CURVE('',#3049,#3050,#3498,.T.);
#2494=EDGE_CURVE('',#3051,#3050,#3499,.T.);
#2495=EDGE_CURVE('',#3051,#3052,#399,.F.);
#2496=EDGE_CURVE('',#3052,#3053,#3500,.T.);
#2497=EDGE_CURVE('',#3053,#3054,#400,.F.);
#2498=EDGE_CURVE('',#3054,#3049,#3501,.T.);
#2499=EDGE_CURVE('',#3055,#3055,#401,.T.);
#2500=EDGE_CURVE('',#3039,#3056,#3502,.T.);
#2501=EDGE_CURVE('',#3038,#3057,#402,.F.);
#2502=EDGE_CURVE('',#3058,#3057,#3503,.T.);
#2503=EDGE_CURVE('',#3056,#3058,#3504,.T.);
#2504=EDGE_CURVE('',#3059,#3060,#3505,.T.);
#2505=EDGE_CURVE('',#3061,#3059,#3506,.T.);
#2506=EDGE_CURVE('',#3061,#3062,#403,.F.);
#2507=EDGE_CURVE('',#3063,#3062,#3507,.T.);
#2508=EDGE_CURVE('',#3063,#3064,#404,.F.);
#2509=EDGE_CURVE('',#3064,#3060,#3508,.T.);
#2510=EDGE_CURVE('',#3045,#3065,#3509,.F.);
#2511=EDGE_CURVE('',#3065,#3049,#3510,.F.);
#2512=EDGE_CURVE('',#3054,#3066,#24,.T.);
#2513=EDGE_CURVE('',#3067,#3066,#3511,.F.);
#2514=EDGE_CURVE('',#3068,#3067,#3512,.F.);
#2515=EDGE_CURVE('',#3069,#3068,#3513,.F.);
#2516=EDGE_CURVE('',#3069,#3046,#25,.T.);
#2517=EDGE_CURVE('',#3050,#3070,#3514,.F.);
#2518=EDGE_CURVE('',#3058,#3070,#3515,.F.);
#2519=EDGE_CURVE('',#3057,#3071,#26,.T.);
#2520=EDGE_CURVE('',#3071,#3072,#3516,.F.);
#2521=EDGE_CURVE('',#3072,#3073,#3517,.F.);
#2522=EDGE_CURVE('',#3073,#3074,#3518,.F.);
#2523=EDGE_CURVE('',#3074,#3051,#27,.T.);
#2524=EDGE_CURVE('',#3075,#2962,#3519,.T.);
#2525=EDGE_CURVE('',#3075,#3076,#405,.T.);
#2526=EDGE_CURVE('',#3076,#2963,#3520,.T.);
#2527=EDGE_CURVE('',#3077,#3078,#406,.T.);
#2528=EDGE_CURVE('',#3077,#2969,#3521,.T.);
#2529=EDGE_CURVE('',#3078,#2968,#3522,.T.);
#2530=EDGE_CURVE('',#3079,#2966,#3523,.T.);
#2531=EDGE_CURVE('',#3079,#3080,#407,.T.);
#2532=EDGE_CURVE('',#3080,#2967,#3524,.T.);
#2533=EDGE_CURVE('',#3081,#3082,#408,.T.);
#2534=EDGE_CURVE('',#3081,#2965,#3525,.T.);
#2535=EDGE_CURVE('',#3082,#2964,#3526,.T.);
#2536=EDGE_CURVE('',#2977,#3069,#3527,.F.);
#2537=EDGE_CURVE('',#3068,#3083,#3528,.T.);
#2538=EDGE_CURVE('',#3083,#2978,#3529,.T.);
#2539=EDGE_CURVE('',#2975,#3048,#3530,.F.);
#2540=EDGE_CURVE('',#3047,#2976,#3531,.T.);
#2541=EDGE_CURVE('',#3052,#2983,#3532,.T.);
#2542=EDGE_CURVE('',#2982,#3053,#3533,.F.);
#2543=EDGE_CURVE('',#3066,#2981,#3534,.T.);
#2544=EDGE_CURVE('',#2980,#3084,#3535,.F.);
#2545=EDGE_CURVE('',#3067,#3084,#3536,.T.);
#2546=EDGE_CURVE('',#3085,#3085,#409,.T.);
#2547=EDGE_CURVE('',#3086,#3086,#410,.T.);
#2548=EDGE_CURVE('',#3087,#3087,#411,.T.);
#2549=EDGE_CURVE('',#3088,#3088,#412,.T.);
#2550=EDGE_CURVE('',#3089,#3089,#413,.T.);
#2551=EDGE_CURVE('',#3084,#3090,#414,.T.);
#2552=EDGE_CURVE('',#3090,#3083,#415,.T.);
#2553=EDGE_CURVE('',#3090,#2979,#3537,.T.);
#2554=EDGE_CURVE('',#3091,#3092,#3538,.F.);
#2555=EDGE_CURVE('',#3091,#3002,#3539,.T.);
#2556=EDGE_CURVE('',#3093,#3001,#3540,.T.);
#2557=EDGE_CURVE('',#3092,#3093,#3541,.T.);
#2558=EDGE_CURVE('',#2996,#3063,#3542,.F.);
#2559=EDGE_CURVE('',#3062,#2997,#3543,.T.);
#2560=EDGE_CURVE('',#2998,#3094,#3544,.F.);
#2561=EDGE_CURVE('',#3095,#3094,#3545,.F.);
#2562=EDGE_CURVE('',#3095,#3096,#3546,.T.);
#2563=EDGE_CURVE('',#2999,#3096,#3547,.F.);
#2564=EDGE_CURVE('',#3097,#3097,#416,.T.);
#2565=EDGE_CURVE('',#3098,#3098,#417,.T.);
#2566=EDGE_CURVE('',#3099,#3099,#418,.T.);
#2567=EDGE_CURVE('',#3100,#3100,#419,.T.);
#2568=EDGE_CURVE('',#3101,#3101,#420,.T.);
#2569=EDGE_CURVE('',#3096,#3102,#421,.T.);
#2570=EDGE_CURVE('',#3092,#3095,#3548,.F.);
#2571=EDGE_CURVE('',#3102,#3093,#422,.T.);
#2572=EDGE_CURVE('',#3103,#3059,#3549,.F.);
#2573=EDGE_CURVE('',#3103,#3043,#3550,.F.);
#2574=EDGE_CURVE('',#3044,#3091,#28,.T.);
#2575=EDGE_CURVE('',#3094,#3061,#29,.T.);
#2576=EDGE_CURVE('',#3102,#3000,#3551,.T.);
#2577=EDGE_CURVE('',#3071,#2988,#3552,.T.);
#2578=EDGE_CURVE('',#3104,#2987,#3553,.T.);
#2579=EDGE_CURVE('',#3072,#3104,#3554,.T.);
#2580=EDGE_CURVE('',#2984,#3074,#3555,.F.);
#2581=EDGE_CURVE('',#3073,#3105,#3556,.T.);
#2582=EDGE_CURVE('',#2985,#3105,#3557,.F.);
#2583=EDGE_CURVE('',#3106,#3106,#423,.T.);
#2584=EDGE_CURVE('',#3107,#3107,#424,.T.);
#2585=EDGE_CURVE('',#3108,#3108,#425,.T.);
#2586=EDGE_CURVE('',#3109,#3109,#426,.T.);
#2587=EDGE_CURVE('',#3110,#3110,#427,.T.);
#2588=EDGE_CURVE('',#3105,#3111,#428,.T.);
#2589=EDGE_CURVE('',#3111,#3104,#429,.T.);
#2590=EDGE_CURVE('',#3111,#2986,#3558,.T.);
#2591=EDGE_CURVE('',#2991,#3112,#3559,.F.);
#2592=EDGE_CURVE('',#3112,#3113,#3560,.F.);
#2593=EDGE_CURVE('',#3113,#3114,#3561,.T.);
#2594=EDGE_CURVE('',#3114,#2992,#3562,.T.);
#2595=EDGE_CURVE('',#3115,#3116,#3563,.F.);
#2596=EDGE_CURVE('',#3116,#2995,#3564,.T.);
#2597=EDGE_CURVE('',#2994,#3117,#3565,.F.);
#2598=EDGE_CURVE('',#3115,#3117,#3566,.T.);
#2599=EDGE_CURVE('',#3118,#3118,#430,.T.);
#2600=EDGE_CURVE('',#3119,#3119,#431,.T.);
#2601=EDGE_CURVE('',#3120,#3120,#432,.T.);
#2602=EDGE_CURVE('',#3121,#3121,#433,.T.);
#2603=EDGE_CURVE('',#3122,#3122,#434,.T.);
#2604=EDGE_CURVE('',#3117,#3123,#435,.T.);
#2605=EDGE_CURVE('',#3123,#3114,#436,.T.);
#2606=EDGE_CURVE('',#3113,#3115,#3567,.F.);
#2607=EDGE_CURVE('',#3124,#3041,#3568,.F.);
#2608=EDGE_CURVE('',#3060,#3124,#3569,.F.);
#2609=EDGE_CURVE('',#3064,#3116,#30,.T.);
#2610=EDGE_CURVE('',#3112,#3042,#31,.T.);
#2611=EDGE_CURVE('',#3123,#2993,#3570,.T.);
#2612=EDGE_CURVE('',#3124,#3125,#3571,.T.);
#2613=EDGE_CURVE('',#3125,#3075,#3572,.T.);
#2614=EDGE_CURVE('',#3077,#3126,#3573,.T.);
#2615=EDGE_CURVE('',#3103,#3126,#3574,.T.);
#2616=EDGE_CURVE('',#3078,#3126,#3575,.T.);
#2617=EDGE_CURVE('',#3127,#3080,#3576,.T.);
#2618=EDGE_CURVE('',#3065,#3127,#3577,.T.);
#2619=EDGE_CURVE('',#3079,#3127,#3578,.T.);
#2620=EDGE_CURVE('',#3128,#3081,#3579,.T.);
#2621=EDGE_CURVE('',#3070,#3128,#3580,.T.);
#2622=EDGE_CURVE('',#3129,#3130,#3581,.T.);
#2623=EDGE_CURVE('',#3130,#3056,#3582,.T.);
#2624=EDGE_CURVE('',#3128,#3082,#3583,.T.);
#2625=EDGE_CURVE('',#3076,#3125,#3584,.T.);
#2626=EDGE_CURVE('',#3129,#3040,#3585,.T.);
#2627=EDGE_CURVE('',#3131,#3131,#437,.T.);
#2628=EDGE_CURVE('',#3132,#3132,#438,.T.);
#2629=EDGE_CURVE('',#3133,#3133,#439,.T.);
#2630=EDGE_CURVE('',#3134,#3134,#440,.T.);
#2631=EDGE_CURVE('',#3027,#3035,#3586,.T.);
#2632=EDGE_CURVE('',#3031,#3129,#3587,.T.);
#2633=EDGE_CURVE('',#3030,#3130,#3588,.T.);
#2634=EDGE_CURVE('',#3026,#3034,#3589,.T.);
#2635=EDGE_CURVE('',#3135,#3020,#3590,.T.);
#2636=EDGE_CURVE('',#3135,#3136,#3591,.T.);
#2637=EDGE_CURVE('',#3136,#3021,#3592,.T.);
#2638=EDGE_CURVE('',#3137,#3025,#3593,.T.);
#2639=EDGE_CURVE('',#3137,#3135,#3594,.T.);
#2640=EDGE_CURVE('',#3138,#3024,#3595,.T.);
#2641=EDGE_CURVE('',#3137,#3138,#3596,.T.);
#2642=EDGE_CURVE('',#3139,#3023,#3597,.T.);
#2643=EDGE_CURVE('',#3138,#3139,#3598,.T.);
#2644=EDGE_CURVE('',#3140,#3022,#3599,.T.);
#2645=EDGE_CURVE('',#3139,#3140,#3600,.T.);
#2646=EDGE_CURVE('',#3136,#3140,#3601,.T.);
#2647=EDGE_CURVE('',#3141,#3141,#441,.T.);
#2648=VERTEX_POINT('',#7284);
#2649=VERTEX_POINT('',#7285);
#2650=VERTEX_POINT('',#7290);
#2651=VERTEX_POINT('',#7292);
#2652=VERTEX_POINT('',#7297);
#2653=VERTEX_POINT('',#7299);
#2654=VERTEX_POINT('',#7303);
#2655=VERTEX_POINT('',#7304);
#2656=VERTEX_POINT('',#7306);
#2657=VERTEX_POINT('',#7308);
#2658=VERTEX_POINT('',#7312);
#2659=VERTEX_POINT('',#7313);
#2660=VERTEX_POINT('',#7315);
#2661=VERTEX_POINT('',#7317);
#2662=VERTEX_POINT('',#7325);
#2663=VERTEX_POINT('',#7327);
#2664=VERTEX_POINT('',#7334);
#2665=VERTEX_POINT('',#7336);
#2666=VERTEX_POINT('',#7342);
#2667=VERTEX_POINT('',#7344);
#2668=VERTEX_POINT('',#7353);
#2669=VERTEX_POINT('',#7355);
#2670=VERTEX_POINT('',#7359);
#2671=VERTEX_POINT('',#7360);
#2672=VERTEX_POINT('',#7372);
#2673=VERTEX_POINT('',#7374);
#2674=VERTEX_POINT('',#7386);
#2675=VERTEX_POINT('',#7388);
#2676=VERTEX_POINT('',#7396);
#2677=VERTEX_POINT('',#7398);
#2678=VERTEX_POINT('',#7405);
#2679=VERTEX_POINT('',#7407);
#2680=VERTEX_POINT('',#7409);
#2681=VERTEX_POINT('',#7411);
#2682=VERTEX_POINT('',#7419);
#2683=VERTEX_POINT('',#7421);
#2684=VERTEX_POINT('',#7430);
#2685=VERTEX_POINT('',#7431);
#2686=VERTEX_POINT('',#7433);
#2687=VERTEX_POINT('',#7435);
#2688=VERTEX_POINT('',#7439);
#2689=VERTEX_POINT('',#7440);
#2690=VERTEX_POINT('',#7445);
#2691=VERTEX_POINT('',#7447);
#2692=VERTEX_POINT('',#7452);
#2693=VERTEX_POINT('',#7454);
#2694=VERTEX_POINT('',#7458);
#2695=VERTEX_POINT('',#7459);
#2696=VERTEX_POINT('',#7461);
#2697=VERTEX_POINT('',#7463);
#2698=VERTEX_POINT('',#7467);
#2699=VERTEX_POINT('',#7469);
#2700=VERTEX_POINT('',#7472);
#2701=VERTEX_POINT('',#7474);
#2702=VERTEX_POINT('',#7477);
#2703=VERTEX_POINT('',#7479);
#2704=VERTEX_POINT('',#7482);
#2705=VERTEX_POINT('',#7484);
#2706=VERTEX_POINT('',#7487);
#2707=VERTEX_POINT('',#7489);
#2708=VERTEX_POINT('',#7492);
#2709=VERTEX_POINT('',#7493);
#2710=VERTEX_POINT('',#7495);
#2711=VERTEX_POINT('',#7497);
#2712=VERTEX_POINT('',#7501);
#2713=VERTEX_POINT('',#7502);
#2714=VERTEX_POINT('',#7504);
#2715=VERTEX_POINT('',#7506);
#2716=VERTEX_POINT('',#7517);
#2717=VERTEX_POINT('',#7519);
#2718=VERTEX_POINT('',#7521);
#2719=VERTEX_POINT('',#7523);
#2720=VERTEX_POINT('',#7540);
#2721=VERTEX_POINT('',#7545);
#2722=VERTEX_POINT('',#7803);
#2723=VERTEX_POINT('',#7804);
#2724=VERTEX_POINT('',#7806);
#2725=VERTEX_POINT('',#7808);
#2726=VERTEX_POINT('',#7812);
#2727=VERTEX_POINT('',#7813);
#2728=VERTEX_POINT('',#7815);
#2729=VERTEX_POINT('',#7817);
#2730=VERTEX_POINT('',#7819);
#2731=VERTEX_POINT('',#7821);
#2732=VERTEX_POINT('',#7823);
#2733=VERTEX_POINT('',#7825);
#2734=VERTEX_POINT('',#7827);
#2735=VERTEX_POINT('',#7829);
#2736=VERTEX_POINT('',#7831);
#2737=VERTEX_POINT('',#7833);
#2738=VERTEX_POINT('',#7835);
#2739=VERTEX_POINT('',#7837);
#2740=VERTEX_POINT('',#7839);
#2741=VERTEX_POINT('',#7841);
#2742=VERTEX_POINT('',#7845);
#2743=VERTEX_POINT('',#7846);
#2744=VERTEX_POINT('',#7848);
#2745=VERTEX_POINT('',#7850);
#2746=VERTEX_POINT('',#7852);
#2747=VERTEX_POINT('',#7854);
#2748=VERTEX_POINT('',#7856);
#2749=VERTEX_POINT('',#7858);
#2750=VERTEX_POINT('',#7860);
#2751=VERTEX_POINT('',#7862);
#2752=VERTEX_POINT('',#7864);
#2753=VERTEX_POINT('',#7866);
#2754=VERTEX_POINT('',#7868);
#2755=VERTEX_POINT('',#7870);
#2756=VERTEX_POINT('',#7872);
#2757=VERTEX_POINT('',#7874);
#2758=VERTEX_POINT('',#7876);
#2759=VERTEX_POINT('',#7878);
#2760=VERTEX_POINT('',#7880);
#2761=VERTEX_POINT('',#7882);
#2762=VERTEX_POINT('',#7884);
#2763=VERTEX_POINT('',#7886);
#2764=VERTEX_POINT('',#7889);
#2765=VERTEX_POINT('',#7890);
#2766=VERTEX_POINT('',#7892);
#2767=VERTEX_POINT('',#7894);
#2768=VERTEX_POINT('',#7896);
#2769=VERTEX_POINT('',#7898);
#2770=VERTEX_POINT('',#7900);
#2771=VERTEX_POINT('',#7902);
#2772=VERTEX_POINT('',#7906);
#2773=VERTEX_POINT('',#7908);
#2774=VERTEX_POINT('',#7912);
#2775=VERTEX_POINT('',#7913);
#2776=VERTEX_POINT('',#7915);
#2777=VERTEX_POINT('',#7917);
#2778=VERTEX_POINT('',#7921);
#2779=VERTEX_POINT('',#7922);
#2780=VERTEX_POINT('',#7924);
#2781=VERTEX_POINT('',#7926);
#2782=VERTEX_POINT('',#7928);
#2783=VERTEX_POINT('',#7930);
#2784=VERTEX_POINT('',#7932);
#2785=VERTEX_POINT('',#7934);
#2786=VERTEX_POINT('',#7936);
#2787=VERTEX_POINT('',#7938);
#2788=VERTEX_POINT('',#7940);
#2789=VERTEX_POINT('',#7942);
#2790=VERTEX_POINT('',#7944);
#2791=VERTEX_POINT('',#7946);
#2792=VERTEX_POINT('',#7948);
#2793=VERTEX_POINT('',#7950);
#2794=VERTEX_POINT('',#7952);
#2795=VERTEX_POINT('',#7955);
#2796=VERTEX_POINT('',#7959);
#2797=VERTEX_POINT('',#7960);
#2798=VERTEX_POINT('',#7962);
#2799=VERTEX_POINT('',#7964);
#2800=VERTEX_POINT('',#7968);
#2801=VERTEX_POINT('',#7969);
#2802=VERTEX_POINT('',#7971);
#2803=VERTEX_POINT('',#7973);
#2804=VERTEX_POINT('',#7980);
#2805=VERTEX_POINT('',#7981);
#2806=VERTEX_POINT('',#7983);
#2807=VERTEX_POINT('',#7985);
#2808=VERTEX_POINT('',#7989);
#2809=VERTEX_POINT('',#7990);
#2810=VERTEX_POINT('',#7992);
#2811=VERTEX_POINT('',#7994);
#2812=VERTEX_POINT('',#7998);
#2813=VERTEX_POINT('',#7999);
#2814=VERTEX_POINT('',#8001);
#2815=VERTEX_POINT('',#8003);
#2816=VERTEX_POINT('',#8016);
#2817=VERTEX_POINT('',#8017);
#2818=VERTEX_POINT('',#8019);
#2819=VERTEX_POINT('',#8021);
#2820=VERTEX_POINT('',#8025);
#2821=VERTEX_POINT('',#8026);
#2822=VERTEX_POINT('',#8030);
#2823=VERTEX_POINT('',#8031);
#2824=VERTEX_POINT('',#8033);
#2825=VERTEX_POINT('',#8038);
#2826=VERTEX_POINT('',#8064);
#2827=VERTEX_POINT('',#8066);
#2828=VERTEX_POINT('',#8070);
#2829=VERTEX_POINT('',#8071);
#2830=VERTEX_POINT('',#8083);
#2831=VERTEX_POINT('',#8085);
#2832=VERTEX_POINT('',#8143);
#2833=VERTEX_POINT('',#8147);
#2834=VERTEX_POINT('',#8153);
#2835=VERTEX_POINT('',#8157);
#2836=VERTEX_POINT('',#8161);
#2837=VERTEX_POINT('',#8162);
#2838=VERTEX_POINT('',#8168);
#2839=VERTEX_POINT('',#8170);
#2840=VERTEX_POINT('',#8193);
#2841=VERTEX_POINT('',#8194);
#2842=VERTEX_POINT('',#8196);
#2843=VERTEX_POINT('',#8198);
#2844=VERTEX_POINT('',#8200);
#2845=VERTEX_POINT('',#8202);
#2846=VERTEX_POINT('',#8204);
#2847=VERTEX_POINT('',#8206);
#2848=VERTEX_POINT('',#8209);
#2849=VERTEX_POINT('',#8210);
#2850=VERTEX_POINT('',#8212);
#2851=VERTEX_POINT('',#8214);
#2852=VERTEX_POINT('',#8216);
#2853=VERTEX_POINT('',#8218);
#2854=VERTEX_POINT('',#8220);
#2855=VERTEX_POINT('',#8222);
#2856=VERTEX_POINT('',#8224);
#2857=VERTEX_POINT('',#8226);
#2858=VERTEX_POINT('',#8228);
#2859=VERTEX_POINT('',#8230);
#2860=VERTEX_POINT('',#8234);
#2861=VERTEX_POINT('',#8235);
#2862=VERTEX_POINT('',#8237);
#2863=VERTEX_POINT('',#8239);
#2864=VERTEX_POINT('',#8241);
#2865=VERTEX_POINT('',#8243);
#2866=VERTEX_POINT('',#8245);
#2867=VERTEX_POINT('',#8247);
#2868=VERTEX_POINT('',#8251);
#2869=VERTEX_POINT('',#8252);
#2870=VERTEX_POINT('',#8254);
#2871=VERTEX_POINT('',#8256);
#2872=VERTEX_POINT('',#8259);
#2873=VERTEX_POINT('',#8261);
#2874=VERTEX_POINT('',#8265);
#2875=VERTEX_POINT('',#8266);
#2876=VERTEX_POINT('',#8268);
#2877=VERTEX_POINT('',#8270);
#2878=VERTEX_POINT('',#8274);
#2879=VERTEX_POINT('',#8276);
#2880=VERTEX_POINT('',#8280);
#2881=VERTEX_POINT('',#8281);
#2882=VERTEX_POINT('',#8283);
#2883=VERTEX_POINT('',#8285);
#2884=VERTEX_POINT('',#8289);
#2885=VERTEX_POINT('',#8290);
#2886=VERTEX_POINT('',#8295);
#2887=VERTEX_POINT('',#8296);
#2888=VERTEX_POINT('',#8301);
#2889=VERTEX_POINT('',#8305);
#2890=VERTEX_POINT('',#8308);
#2891=VERTEX_POINT('',#8310);
#2892=VERTEX_POINT('',#8312);
#2893=VERTEX_POINT('',#8314);
#2894=VERTEX_POINT('',#8318);
#2895=VERTEX_POINT('',#8349);
#2896=VERTEX_POINT('',#8353);
#2897=VERTEX_POINT('',#8384);
#2898=VERTEX_POINT('',#8444);
#2899=VERTEX_POINT('',#8446);
#2900=VERTEX_POINT('',#8449);
#2901=VERTEX_POINT('',#8451);
#2902=VERTEX_POINT('',#8455);
#2903=VERTEX_POINT('',#8457);
#2904=VERTEX_POINT('',#8460);
#2905=VERTEX_POINT('',#8462);
#2906=VERTEX_POINT('',#8467);
#2907=VERTEX_POINT('',#8469);
#2908=VERTEX_POINT('',#8472);
#2909=VERTEX_POINT('',#8474);
#2910=VERTEX_POINT('',#8478);
#2911=VERTEX_POINT('',#8480);
#2912=VERTEX_POINT('',#8483);
#2913=VERTEX_POINT('',#8485);
#2914=VERTEX_POINT('',#8500);
#2915=VERTEX_POINT('',#8502);
#2916=VERTEX_POINT('',#8506);
#2917=VERTEX_POINT('',#8510);
#2918=VERTEX_POINT('',#8517);
#2919=VERTEX_POINT('',#8519);
#2920=VERTEX_POINT('',#8523);
#2921=VERTEX_POINT('',#8525);
#2922=VERTEX_POINT('',#8527);
#2923=VERTEX_POINT('',#8531);
#2924=VERTEX_POINT('',#8535);
#2925=VERTEX_POINT('',#8539);
#2926=VERTEX_POINT('',#8543);
#2927=VERTEX_POINT('',#8545);
#2928=VERTEX_POINT('',#8547);
#2929=VERTEX_POINT('',#8551);
#2930=VERTEX_POINT('',#8555);
#2931=VERTEX_POINT('',#8557);
#2932=VERTEX_POINT('',#8559);
#2933=VERTEX_POINT('',#8563);
#2934=VERTEX_POINT('',#8567);
#2935=VERTEX_POINT('',#8571);
#2936=VERTEX_POINT('',#8575);
#2937=VERTEX_POINT('',#8577);
#2938=VERTEX_POINT('',#8581);
#2939=VERTEX_POINT('',#8583);
#2940=VERTEX_POINT('',#8587);
#2941=VERTEX_POINT('',#8589);
#2942=VERTEX_POINT('',#8593);
#2943=VERTEX_POINT('',#8597);
#2944=VERTEX_POINT('',#8603);
#2945=VERTEX_POINT('',#8607);
#2946=VERTEX_POINT('',#8617);
#2947=VERTEX_POINT('',#8619);
#2948=VERTEX_POINT('',#8622);
#2949=VERTEX_POINT('',#8623);
#2950=VERTEX_POINT('',#8625);
#2951=VERTEX_POINT('',#8627);
#2952=VERTEX_POINT('',#8631);
#2953=VERTEX_POINT('',#8633);
#2954=VERTEX_POINT('',#8637);
#2955=VERTEX_POINT('',#8638);
#2956=VERTEX_POINT('',#8640);
#2957=VERTEX_POINT('',#8642);
#2958=VERTEX_POINT('',#8646);
#2959=VERTEX_POINT('',#8648);
#2960=VERTEX_POINT('',#8659);
#2961=VERTEX_POINT('',#8661);
#2962=VERTEX_POINT('',#8663);
#2963=VERTEX_POINT('',#8664);
#2964=VERTEX_POINT('',#8666);
#2965=VERTEX_POINT('',#8668);
#2966=VERTEX_POINT('',#8670);
#2967=VERTEX_POINT('',#8672);
#2968=VERTEX_POINT('',#8674);
#2969=VERTEX_POINT('',#8676);
#2970=VERTEX_POINT('',#8679);
#2971=VERTEX_POINT('',#8681);
#2972=VERTEX_POINT('',#8683);
#2973=VERTEX_POINT('',#8685);
#2974=VERTEX_POINT('',#8687);
#2975=VERTEX_POINT('',#8689);
#2976=VERTEX_POINT('',#8690);
#2977=VERTEX_POINT('',#8692);
#2978=VERTEX_POINT('',#8694);
#2979=VERTEX_POINT('',#8696);
#2980=VERTEX_POINT('',#8698);
#2981=VERTEX_POINT('',#8700);
#2982=VERTEX_POINT('',#8702);
#2983=VERTEX_POINT('',#8704);
#2984=VERTEX_POINT('',#8706);
#2985=VERTEX_POINT('',#8708);
#2986=VERTEX_POINT('',#8710);
#2987=VERTEX_POINT('',#8712);
#2988=VERTEX_POINT('',#8714);
#2989=VERTEX_POINT('',#8716);
#2990=VERTEX_POINT('',#8718);
#2991=VERTEX_POINT('',#8720);
#2992=VERTEX_POINT('',#8722);
#2993=VERTEX_POINT('',#8724);
#2994=VERTEX_POINT('',#8726);
#2995=VERTEX_POINT('',#8728);
#2996=VERTEX_POINT('',#8730);
#2997=VERTEX_POINT('',#8732);
#2998=VERTEX_POINT('',#8734);
#2999=VERTEX_POINT('',#8736);
#3000=VERTEX_POINT('',#8738);
#3001=VERTEX_POINT('',#8740);
#3002=VERTEX_POINT('',#8742);
#3003=VERTEX_POINT('',#8745);
#3004=VERTEX_POINT('',#8747);
#3005=VERTEX_POINT('',#8749);
#3006=VERTEX_POINT('',#8751);
#3007=VERTEX_POINT('',#8753);
#3008=VERTEX_POINT('',#8755);
#3009=VERTEX_POINT('',#8757);
#3010=VERTEX_POINT('',#8759);
#3011=VERTEX_POINT('',#8761);
#3012=VERTEX_POINT('',#8763);
#3013=VERTEX_POINT('',#8765);
#3014=VERTEX_POINT('',#8767);
#3015=VERTEX_POINT('',#8769);
#3016=VERTEX_POINT('',#8771);
#3017=VERTEX_POINT('',#8773);
#3018=VERTEX_POINT('',#8775);
#3019=VERTEX_POINT('',#8777);
#3020=VERTEX_POINT('',#8779);
#3021=VERTEX_POINT('',#8780);
#3022=VERTEX_POINT('',#8782);
#3023=VERTEX_POINT('',#8784);
#3024=VERTEX_POINT('',#8786);
#3025=VERTEX_POINT('',#8788);
#3026=VERTEX_POINT('',#8792);
#3027=VERTEX_POINT('',#8793);
#3028=VERTEX_POINT('',#8795);
#3029=VERTEX_POINT('',#8797);
#3030=VERTEX_POINT('',#8799);
#3031=VERTEX_POINT('',#8801);
#3032=VERTEX_POINT('',#8805);
#3033=VERTEX_POINT('',#8807);
#3034=VERTEX_POINT('',#8811);
#3035=VERTEX_POINT('',#8813);
#3036=VERTEX_POINT('',#8815);
#3037=VERTEX_POINT('',#8817);
#3038=VERTEX_POINT('',#8820);
#3039=VERTEX_POINT('',#8822);
#3040=VERTEX_POINT('',#8826);
#3041=VERTEX_POINT('',#8828);
#3042=VERTEX_POINT('',#8830);
#3043=VERTEX_POINT('',#8834);
#3044=VERTEX_POINT('',#8835);
#3045=VERTEX_POINT('',#8837);
#3046=VERTEX_POINT('',#8839);
#3047=VERTEX_POINT('',#8841);
#3048=VERTEX_POINT('',#8843);
#3049=VERTEX_POINT('',#8847);
#3050=VERTEX_POINT('',#8848);
#3051=VERTEX_POINT('',#8850);
#3052=VERTEX_POINT('',#8852);
#3053=VERTEX_POINT('',#8854);
#3054=VERTEX_POINT('',#8856);
#3055=VERTEX_POINT('',#8860);
#3056=VERTEX_POINT('',#8862);
#3057=VERTEX_POINT('',#8864);
#3058=VERTEX_POINT('',#8866);
#3059=VERTEX_POINT('',#8870);
#3060=VERTEX_POINT('',#8871);
#3061=VERTEX_POINT('',#8873);
#3062=VERTEX_POINT('',#8875);
#3063=VERTEX_POINT('',#8877);
#3064=VERTEX_POINT('',#8879);
#3065=VERTEX_POINT('',#8883);
#3066=VERTEX_POINT('',#8886);
#3067=VERTEX_POINT('',#8888);
#3068=VERTEX_POINT('',#8890);
#3069=VERTEX_POINT('',#8892);
#3070=VERTEX_POINT('',#8896);
#3071=VERTEX_POINT('',#8899);
#3072=VERTEX_POINT('',#8901);
#3073=VERTEX_POINT('',#8903);
#3074=VERTEX_POINT('',#8905);
#3075=VERTEX_POINT('',#8909);
#3076=VERTEX_POINT('',#8911);
#3077=VERTEX_POINT('',#8915);
#3078=VERTEX_POINT('',#8916);
#3079=VERTEX_POINT('',#8921);
#3080=VERTEX_POINT('',#8923);
#3081=VERTEX_POINT('',#8927);
#3082=VERTEX_POINT('',#8928);
#3083=VERTEX_POINT('',#8934);
#3084=VERTEX_POINT('',#8945);
#3085=VERTEX_POINT('',#8949);
#3086=VERTEX_POINT('',#8951);
#3087=VERTEX_POINT('',#8953);
#3088=VERTEX_POINT('',#8955);
#3089=VERTEX_POINT('',#8957);
#3090=VERTEX_POINT('',#8959);
#3091=VERTEX_POINT('',#8971);
#3092=VERTEX_POINT('',#8972);
#3093=VERTEX_POINT('',#8975);
#3094=VERTEX_POINT('',#8982);
#3095=VERTEX_POINT('',#8984);
#3096=VERTEX_POINT('',#8986);
#3097=VERTEX_POINT('',#8990);
#3098=VERTEX_POINT('',#8992);
#3099=VERTEX_POINT('',#8994);
#3100=VERTEX_POINT('',#8996);
#3101=VERTEX_POINT('',#8998);
#3102=VERTEX_POINT('',#9000);
#3103=VERTEX_POINT('',#9005);
#3104=VERTEX_POINT('',#9020);
#3105=VERTEX_POINT('',#9025);
#3106=VERTEX_POINT('',#9029);
#3107=VERTEX_POINT('',#9031);
#3108=VERTEX_POINT('',#9033);
#3109=VERTEX_POINT('',#9035);
#3110=VERTEX_POINT('',#9037);
#3111=VERTEX_POINT('',#9039);
#3112=VERTEX_POINT('',#9051);
#3113=VERTEX_POINT('',#9053);
#3114=VERTEX_POINT('',#9055);
#3115=VERTEX_POINT('',#9059);
#3116=VERTEX_POINT('',#9060);
#3117=VERTEX_POINT('',#9063);
#3118=VERTEX_POINT('',#9067);
#3119=VERTEX_POINT('',#9069);
#3120=VERTEX_POINT('',#9071);
#3121=VERTEX_POINT('',#9073);
#3122=VERTEX_POINT('',#9075);
#3123=VERTEX_POINT('',#9077);
#3124=VERTEX_POINT('',#9082);
#3125=VERTEX_POINT('',#9096);
#3126=VERTEX_POINT('',#9099);
#3127=VERTEX_POINT('',#9104);
#3128=VERTEX_POINT('',#9109);
#3129=VERTEX_POINT('',#9113);
#3130=VERTEX_POINT('',#9114);
#3131=VERTEX_POINT('',#9121);
#3132=VERTEX_POINT('',#9124);
#3133=VERTEX_POINT('',#9127);
#3134=VERTEX_POINT('',#9130);
#3135=VERTEX_POINT('',#9154);
#3136=VERTEX_POINT('',#9156);
#3137=VERTEX_POINT('',#9160);
#3138=VERTEX_POINT('',#9164);
#3139=VERTEX_POINT('',#9168);
#3140=VERTEX_POINT('',#9172);
#3141=VERTEX_POINT('',#9178);
#3142=LINE('',#7283,#3602);
#3143=LINE('',#7298,#3603);
#3144=LINE('',#7302,#3604);
#3145=LINE('',#7305,#3605);
#3146=LINE('',#7307,#3606);
#3147=LINE('',#7309,#3607);
#3148=LINE('',#7311,#3608);
#3149=LINE('',#7314,#3609);
#3150=LINE('',#7316,#3610);
#3151=LINE('',#7318,#3611);
#3152=LINE('',#7335,#3612);
#3153=LINE('',#7352,#3613);
#3154=LINE('',#7354,#3614);
#3155=LINE('',#7356,#3615);
#3156=LINE('',#7358,#3616);
#3157=LINE('',#7387,#3617);
#3158=LINE('',#7406,#3618);
#3159=LINE('',#7410,#3619);
#3160=LINE('',#7429,#3620);
#3161=LINE('',#7432,#3621);
#3162=LINE('',#7434,#3622);
#3163=LINE('',#7436,#3623);
#3164=LINE('',#7438,#3624);
#3165=LINE('',#7453,#3625);
#3166=LINE('',#7457,#3626);
#3167=LINE('',#7460,#3627);
#3168=LINE('',#7462,#3628);
#3169=LINE('',#7464,#3629);
#3170=LINE('',#7491,#3630);
#3171=LINE('',#7494,#3631);
#3172=LINE('',#7496,#3632);
#3173=LINE('',#7498,#3633);
#3174=LINE('',#7500,#3634);
#3175=LINE('',#7505,#3635);
#3176=LINE('',#7518,#3636);
#3177=LINE('',#7522,#3637);
#3178=LINE('',#7539,#3638);
#3179=LINE('',#7546,#3639);
#3180=LINE('',#7548,#3640);
#3181=LINE('',#7549,#3641);
#3182=LINE('',#7802,#3642);
#3183=LINE('',#7805,#3643);
#3184=LINE('',#7807,#3644);
#3185=LINE('',#7809,#3645);
#3186=LINE('',#7811,#3646);
#3187=LINE('',#7814,#3647);
#3188=LINE('',#7818,#3648);
#3189=LINE('',#7822,#3649);
#3190=LINE('',#7826,#3650);
#3191=LINE('',#7830,#3651);
#3192=LINE('',#7832,#3652);
#3193=LINE('',#7834,#3653);
#3194=LINE('',#7836,#3654);
#3195=LINE('',#7838,#3655);
#3196=LINE('',#7840,#3656);
#3197=LINE('',#7842,#3657);
#3198=LINE('',#7844,#3658);
#3199=LINE('',#7849,#3659);
#3200=LINE('',#7853,#3660);
#3201=LINE('',#7855,#3661);
#3202=LINE('',#7859,#3662);
#3203=LINE('',#7863,#3663);
#3204=LINE('',#7865,#3664);
#3205=LINE('',#7867,#3665);
#3206=LINE('',#7869,#3666);
#3207=LINE('',#7871,#3667);
#3208=LINE('',#7873,#3668);
#3209=LINE('',#7875,#3669);
#3210=LINE('',#7877,#3670);
#3211=LINE('',#7879,#3671);
#3212=LINE('',#7883,#3672);
#3213=LINE('',#7887,#3673);
#3214=LINE('',#7888,#3674);
#3215=LINE('',#7893,#3675);
#3216=LINE('',#7897,#3676);
#3217=LINE('',#7901,#3677);
#3218=LINE('',#7905,#3678);
#3219=LINE('',#7907,#3679);
#3220=LINE('',#7909,#3680);
#3221=LINE('',#7911,#3681);
#3222=LINE('',#7914,#3682);
#3223=LINE('',#7916,#3683);
#3224=LINE('',#7918,#3684);
#3225=LINE('',#7920,#3685);
#3226=LINE('',#7923,#3686);
#3227=LINE('',#7925,#3687);
#3228=LINE('',#7927,#3688);
#3229=LINE('',#7929,#3689);
#3230=LINE('',#7933,#3690);
#3231=LINE('',#7937,#3691);
#3232=LINE('',#7939,#3692);
#3233=LINE('',#7941,#3693);
#3234=LINE('',#7943,#3694);
#3235=LINE('',#7945,#3695);
#3236=LINE('',#7949,#3696);
#3237=LINE('',#7953,#3697);
#3238=LINE('',#7954,#3698);
#3239=LINE('',#7956,#3699);
#3240=LINE('',#7958,#3700);
#3241=LINE('',#7961,#3701);
#3242=LINE('',#7963,#3702);
#3243=LINE('',#7965,#3703);
#3244=LINE('',#7967,#3704);
#3245=LINE('',#7970,#3705);
#3246=LINE('',#7972,#3706);
#3247=LINE('',#7974,#3707);
#3248=LINE('',#7976,#3708);
#3249=LINE('',#7977,#3709);
#3250=LINE('',#7979,#3710);
#3251=LINE('',#7982,#3711);
#3252=LINE('',#7984,#3712);
#3253=LINE('',#7986,#3713);
#3254=LINE('',#7988,#3714);
#3255=LINE('',#7991,#3715);
#3256=LINE('',#7993,#3716);
#3257=LINE('',#7995,#3717);
#3258=LINE('',#7997,#3718);
#3259=LINE('',#8000,#3719);
#3260=LINE('',#8002,#3720);
#3261=LINE('',#8004,#3721);
#3262=LINE('',#8010,#3722);
#3263=LINE('',#8011,#3723);
#3264=LINE('',#8012,#3724);
#3265=LINE('',#8013,#3725);
#3266=LINE('',#8015,#3726);
#3267=LINE('',#8018,#3727);
#3268=LINE('',#8020,#3728);
#3269=LINE('',#8022,#3729);
#3270=LINE('',#8024,#3730);
#3271=LINE('',#8027,#3731);
#3272=LINE('',#8028,#3732);
#3273=LINE('',#8029,#3733);
#3274=LINE('',#8034,#3734);
#3275=LINE('',#8035,#3735);
#3276=LINE('',#8036,#3736);
#3277=LINE('',#8037,#3737);
#3278=LINE('',#8041,#3738);
#3279=LINE('',#8042,#3739);
#3280=LINE('',#8043,#3740);
#3281=LINE('',#8045,#3741);
#3282=LINE('',#8048,#3742);
#3283=LINE('',#8049,#3743);
#3284=LINE('',#8051,#3744);
#3285=LINE('',#8052,#3745);
#3286=LINE('',#8054,#3746);
#3287=LINE('',#8055,#3747);
#3288=LINE('',#8063,#3748);
#3289=LINE('',#8065,#3749);
#3290=LINE('',#8067,#3750);
#3291=LINE('',#8069,#3751);
#3292=LINE('',#8072,#3752);
#3293=LINE('',#8073,#3753);
#3294=LINE('',#8079,#3754);
#3295=LINE('',#8080,#3755);
#3296=LINE('',#8082,#3756);
#3297=LINE('',#8084,#3757);
#3298=LINE('',#8086,#3758);
#3299=LINE('',#8088,#3759);
#3300=LINE('',#8089,#3760);
#3301=LINE('',#8091,#3761);
#3302=LINE('',#8092,#3762);
#3303=LINE('',#8142,#3763);
#3304=LINE('',#8144,#3764);
#3305=LINE('',#8146,#3765);
#3306=LINE('',#8148,#3766);
#3307=LINE('',#8150,#3767);
#3308=LINE('',#8152,#3768);
#3309=LINE('',#8154,#3769);
#3310=LINE('',#8156,#3770);
#3311=LINE('',#8158,#3771);
#3312=LINE('',#8160,#3772);
#3313=LINE('',#8163,#3773);
#3314=LINE('',#8164,#3774);
#3315=LINE('',#8167,#3775);
#3316=LINE('',#8169,#3776);
#3317=LINE('',#8171,#3777);
#3318=LINE('',#8192,#3778);
#3319=LINE('',#8197,#3779);
#3320=LINE('',#8201,#3780);
#3321=LINE('',#8205,#3781);
#3322=LINE('',#8208,#3782);
#3323=LINE('',#8211,#3783);
#3324=LINE('',#8213,#3784);
#3325=LINE('',#8215,#3785);
#3326=LINE('',#8217,#3786);
#3327=LINE('',#8219,#3787);
#3328=LINE('',#8221,#3788);
#3329=LINE('',#8223,#3789);
#3330=LINE('',#8225,#3790);
#3331=LINE('',#8227,#3791);
#3332=LINE('',#8229,#3792);
#3333=LINE('',#8231,#3793);
#3334=LINE('',#8233,#3794);
#3335=LINE('',#8236,#3795);
#3336=LINE('',#8238,#3796);
#3337=LINE('',#8240,#3797);
#3338=LINE('',#8244,#3798);
#3339=LINE('',#8248,#3799);
#3340=LINE('',#8250,#3800);
#3341=LINE('',#8253,#3801);
#3342=LINE('',#8255,#3802);
#3343=LINE('',#8257,#3803);
#3344=LINE('',#8258,#3804);
#3345=LINE('',#8260,#3805);
#3346=LINE('',#8262,#3806);
#3347=LINE('',#8264,#3807);
#3348=LINE('',#8267,#3808);
#3349=LINE('',#8269,#3809);
#3350=LINE('',#8271,#3810);
#3351=LINE('',#8273,#3811);
#3352=LINE('',#8275,#3812);
#3353=LINE('',#8277,#3813);
#3354=LINE('',#8279,#3814);
#3355=LINE('',#8282,#3815);
#3356=LINE('',#8284,#3816);
#3357=LINE('',#8286,#3817);
#3358=LINE('',#8288,#3818);
#3359=LINE('',#8291,#3819);
#3360=LINE('',#8292,#3820);
#3361=LINE('',#8294,#3821);
#3362=LINE('',#8297,#3822);
#3363=LINE('',#8298,#3823);
#3364=LINE('',#8300,#3824);
#3365=LINE('',#8302,#3825);
#3366=LINE('',#8304,#3826);
#3367=LINE('',#8306,#3827);
#3368=LINE('',#8307,#3828);
#3369=LINE('',#8309,#3829);
#3370=LINE('',#8311,#3830);
#3371=LINE('',#8313,#3831);
#3372=LINE('',#8315,#3832);
#3373=LINE('',#8317,#3833);
#3374=LINE('',#8350,#3834);
#3375=LINE('',#8352,#3835);
#3376=LINE('',#8385,#3836);
#3377=LINE('',#8415,#3837);
#3378=LINE('',#8499,#3838);
#3379=LINE('',#8501,#3839);
#3380=LINE('',#8503,#3840);
#3381=LINE('',#8505,#3841);
#3382=LINE('',#8507,#3842);
#3383=LINE('',#8509,#3843);
#3384=LINE('',#8511,#3844);
#3385=LINE('',#8513,#3845);
#3386=LINE('',#8516,#3846);
#3387=LINE('',#8518,#3847);
#3388=LINE('',#8520,#3848);
#3389=LINE('',#8522,#3849);
#3390=LINE('',#8524,#3850);
#3391=LINE('',#8526,#3851);
#3392=LINE('',#8528,#3852);
#3393=LINE('',#8530,#3853);
#3394=LINE('',#8532,#3854);
#3395=LINE('',#8534,#3855);
#3396=LINE('',#8536,#3856);
#3397=LINE('',#8538,#3857);
#3398=LINE('',#8540,#3858);
#3399=LINE('',#8542,#3859);
#3400=LINE('',#8544,#3860);
#3401=LINE('',#8546,#3861);
#3402=LINE('',#8548,#3862);
#3403=LINE('',#8550,#3863);
#3404=LINE('',#8552,#3864);
#3405=LINE('',#8554,#3865);
#3406=LINE('',#8556,#3866);
#3407=LINE('',#8558,#3867);
#3408=LINE('',#8560,#3868);
#3409=LINE('',#8562,#3869);
#3410=LINE('',#8564,#3870);
#3411=LINE('',#8566,#3871);
#3412=LINE('',#8568,#3872);
#3413=LINE('',#8570,#3873);
#3414=LINE('',#8572,#3874);
#3415=LINE('',#8574,#3875);
#3416=LINE('',#8576,#3876);
#3417=LINE('',#8578,#3877);
#3418=LINE('',#8580,#3878);
#3419=LINE('',#8582,#3879);
#3420=LINE('',#8584,#3880);
#3421=LINE('',#8586,#3881);
#3422=LINE('',#8588,#3882);
#3423=LINE('',#8590,#3883);
#3424=LINE('',#8592,#3884);
#3425=LINE('',#8594,#3885);
#3426=LINE('',#8596,#3886);
#3427=LINE('',#8598,#3887);
#3428=LINE('',#8600,#3888);
#3429=LINE('',#8602,#3889);
#3430=LINE('',#8604,#3890);
#3431=LINE('',#8606,#3891);
#3432=LINE('',#8608,#3892);
#3433=LINE('',#8610,#3893);
#3434=LINE('',#8621,#3894);
#3435=LINE('',#8624,#3895);
#3436=LINE('',#8626,#3896);
#3437=LINE('',#8628,#3897);
#3438=LINE('',#8630,#3898);
#3439=LINE('',#8632,#3899);
#3440=LINE('',#8634,#3900);
#3441=LINE('',#8636,#3901);
#3442=LINE('',#8639,#3902);
#3443=LINE('',#8641,#3903);
#3444=LINE('',#8643,#3904);
#3445=LINE('',#8645,#3905);
#3446=LINE('',#8647,#3906);
#3447=LINE('',#8649,#3907);
#3448=LINE('',#8651,#3908);
#3449=LINE('',#8652,#3909);
#3450=LINE('',#8654,#3910);
#3451=LINE('',#8655,#3911);
#3452=LINE('',#8665,#3912);
#3453=LINE('',#8669,#3913);
#3454=LINE('',#8673,#3914);
#3455=LINE('',#8677,#3915);
#3456=LINE('',#8688,#3916);
#3457=LINE('',#8693,#3917);
#3458=LINE('',#8699,#3918);
#3459=LINE('',#8703,#3919);
#3460=LINE('',#8707,#3920);
#3461=LINE('',#8713,#3921);
#3462=LINE('',#8717,#3922);
#3463=LINE('',#8721,#3923);
#3464=LINE('',#8727,#3924);
#3465=LINE('',#8731,#3925);
#3466=LINE('',#8735,#3926);
#3467=LINE('',#8741,#3927);
#3468=LINE('',#8778,#3928);
#3469=LINE('',#8781,#3929);
#3470=LINE('',#8783,#3930);
#3471=LINE('',#8785,#3931);
#3472=LINE('',#8787,#3932);
#3473=LINE('',#8789,#3933);
#3474=LINE('',#8791,#3934);
#3475=LINE('',#8794,#3935);
#3476=LINE('',#8796,#3936);
#3477=LINE('',#8798,#3937);
#3478=LINE('',#8800,#3938);
#3479=LINE('',#8802,#3939);
#3480=LINE('',#8804,#3940);
#3481=LINE('',#8806,#3941);
#3482=LINE('',#8808,#3942);
#3483=LINE('',#8810,#3943);
#3484=LINE('',#8812,#3944);
#3485=LINE('',#8814,#3945);
#3486=LINE('',#8816,#3946);
#3487=LINE('',#8818,#3947);
#3488=LINE('',#8819,#3948);
#3489=LINE('',#8821,#3949);
#3490=LINE('',#8823,#3950);
#3491=LINE('',#8825,#3951);
#3492=LINE('',#8827,#3952);
#3493=LINE('',#8829,#3953);
#3494=LINE('',#8833,#3954);
#3495=LINE('',#8836,#3955);
#3496=LINE('',#8838,#3956);
#3497=LINE('',#8842,#3957);
#3498=LINE('',#8846,#3958);
#3499=LINE('',#8849,#3959);
#3500=LINE('',#8853,#3960);
#3501=LINE('',#8857,#3961);
#3502=LINE('',#8861,#3962);
#3503=LINE('',#8865,#3963);
#3504=LINE('',#8867,#3964);
#3505=LINE('',#8869,#3965);
#3506=LINE('',#8872,#3966);
#3507=LINE('',#8876,#3967);
#3508=LINE('',#8880,#3968);
#3509=LINE('',#8882,#3969);
#3510=LINE('',#8884,#3970);
#3511=LINE('',#8887,#3971);
#3512=LINE('',#8889,#3972);
#3513=LINE('',#8891,#3973);
#3514=LINE('',#8895,#3974);
#3515=LINE('',#8897,#3975);
#3516=LINE('',#8900,#3976);
#3517=LINE('',#8902,#3977);
#3518=LINE('',#8904,#3978);
#3519=LINE('',#8908,#3979);
#3520=LINE('',#8912,#3980);
#3521=LINE('',#8917,#3981);
#3522=LINE('',#8918,#3982);
#3523=LINE('',#8920,#3983);
#3524=LINE('',#8924,#3984);
#3525=LINE('',#8929,#3985);
#3526=LINE('',#8930,#3986);
#3527=LINE('',#8932,#3987);
#3528=LINE('',#8933,#3988);
#3529=LINE('',#8935,#3989);
#3530=LINE('',#8937,#3990);
#3531=LINE('',#8938,#3991);
#3532=LINE('',#8940,#3992);
#3533=LINE('',#8941,#3993);
#3534=LINE('',#8943,#3994);
#3535=LINE('',#8944,#3995);
#3536=LINE('',#8946,#3996);
#3537=LINE('',#8967,#3997);
#3538=LINE('',#8970,#3998);
#3539=LINE('',#8973,#3999);
#3540=LINE('',#8974,#4000);
#3541=LINE('',#8976,#4001);
#3542=LINE('',#8978,#4002);
#3543=LINE('',#8979,#4003);
#3544=LINE('',#8981,#4004);
#3545=LINE('',#8983,#4005);
#3546=LINE('',#8985,#4006);
#3547=LINE('',#8987,#4007);
#3548=LINE('',#9001,#4008);
#3549=LINE('',#9004,#4009);
#3550=LINE('',#9006,#4010);
#3551=LINE('',#9015,#4011);
#3552=LINE('',#9018,#4012);
#3553=LINE('',#9019,#4013);
#3554=LINE('',#9021,#4014);
#3555=LINE('',#9023,#4015);
#3556=LINE('',#9024,#4016);
#3557=LINE('',#9026,#4017);
#3558=LINE('',#9047,#4018);
#3559=LINE('',#9050,#4019);
#3560=LINE('',#9052,#4020);
#3561=LINE('',#9054,#4021);
#3562=LINE('',#9056,#4022);
#3563=LINE('',#9058,#4023);
#3564=LINE('',#9061,#4024);
#3565=LINE('',#9062,#4025);
#3566=LINE('',#9064,#4026);
#3567=LINE('',#9079,#4027);
#3568=LINE('',#9081,#4028);
#3569=LINE('',#9083,#4029);
#3570=LINE('',#9092,#4030);
#3571=LINE('',#9095,#4031);
#3572=LINE('',#9097,#4032);
#3573=LINE('',#9098,#4033);
#3574=LINE('',#9100,#4034);
#3575=LINE('',#9102,#4035);
#3576=LINE('',#9103,#4036);
#3577=LINE('',#9105,#4037);
#3578=LINE('',#9107,#4038);
#3579=LINE('',#9108,#4039);
#3580=LINE('',#9110,#4040);
#3581=LINE('',#9112,#4041);
#3582=LINE('',#9115,#4042);
#3583=LINE('',#9116,#4043);
#3584=LINE('',#9117,#4044);
#3585=LINE('',#9118,#4045);
#3586=LINE('',#9144,#4046);
#3587=LINE('',#9145,#4047);
#3588=LINE('',#9147,#4048);
#3589=LINE('',#9150,#4049);
#3590=LINE('',#9153,#4050);
#3591=LINE('',#9155,#4051);
#3592=LINE('',#9157,#4052);
#3593=LINE('',#9159,#4053);
#3594=LINE('',#9161,#4054);
#3595=LINE('',#9163,#4055);
#3596=LINE('',#9165,#4056);
#3597=LINE('',#9167,#4057);
#3598=LINE('',#9169,#4058);
#3599=LINE('',#9171,#4059);
#3600=LINE('',#9173,#4060);
#3601=LINE('',#9175,#4061);
#3602=VECTOR('',#5813,1.);
#3603=VECTOR('',#5816,1.);
#3604=VECTOR('',#5821,1.);
#3605=VECTOR('',#5822,1.);
#3606=VECTOR('',#5823,1.);
#3607=VECTOR('',#5824,1.);
#3608=VECTOR('',#5827,1.);
#3609=VECTOR('',#5828,1.);
#3610=VECTOR('',#5829,1.);
#3611=VECTOR('',#5830,1.);
#3612=VECTOR('',#5835,1.);
#3613=VECTOR('',#5840,1.);
#3614=VECTOR('',#5841,1.);
#3615=VECTOR('',#5842,1.);
#3616=VECTOR('',#5845,1.);
#3617=VECTOR('',#5848,1.);
#3618=VECTOR('',#5851,1.);
#3619=VECTOR('',#5854,1.);
#3620=VECTOR('',#5859,1.);
#3621=VECTOR('',#5860,1.);
#3622=VECTOR('',#5861,1.);
#3623=VECTOR('',#5862,1.);
#3624=VECTOR('',#5865,1.);
#3625=VECTOR('',#5868,1.);
#3626=VECTOR('',#5873,1.);
#3627=VECTOR('',#5874,1.);
#3628=VECTOR('',#5875,1.);
#3629=VECTOR('',#5876,1.);
#3630=VECTOR('',#5909,1.);
#3631=VECTOR('',#5910,1.);
#3632=VECTOR('',#5911,1.);
#3633=VECTOR('',#5912,1.);
#3634=VECTOR('',#5915,1.);
#3635=VECTOR('',#5918,1.);
#3636=VECTOR('',#5919,1.);
#3637=VECTOR('',#5922,1.);
#3638=VECTOR('',#5933,1.);
#3639=VECTOR('',#5942,1.);
#3640=VECTOR('',#5945,1.);
#3641=VECTOR('',#5946,1.);
#3642=VECTOR('',#6011,1.);
#3643=VECTOR('',#6012,1.);
#3644=VECTOR('',#6013,1.);
#3645=VECTOR('',#6014,1.);
#3646=VECTOR('',#6017,1.);
#3647=VECTOR('',#6018,1.);
#3648=VECTOR('',#6021,1.);
#3649=VECTOR('',#6024,1.);
#3650=VECTOR('',#6027,1.);
#3651=VECTOR('',#6030,1.);
#3652=VECTOR('',#6031,1.);
#3653=VECTOR('',#6032,1.);
#3654=VECTOR('',#6033,1.);
#3655=VECTOR('',#6034,1.);
#3656=VECTOR('',#6035,1.);
#3657=VECTOR('',#6036,1.);
#3658=VECTOR('',#6039,1.);
#3659=VECTOR('',#6042,1.);
#3660=VECTOR('',#6045,1.);
#3661=VECTOR('',#6046,1.);
#3662=VECTOR('',#6049,1.);
#3663=VECTOR('',#6052,1.);
#3664=VECTOR('',#6053,1.);
#3665=VECTOR('',#6054,1.);
#3666=VECTOR('',#6055,1.);
#3667=VECTOR('',#6056,1.);
#3668=VECTOR('',#6057,1.);
#3669=VECTOR('',#6058,1.);
#3670=VECTOR('',#6059,1.);
#3671=VECTOR('',#6060,1.);
#3672=VECTOR('',#6063,1.);
#3673=VECTOR('',#6066,1.);
#3674=VECTOR('',#6067,1.);
#3675=VECTOR('',#6070,1.);
#3676=VECTOR('',#6073,1.);
#3677=VECTOR('',#6076,1.);
#3678=VECTOR('',#6081,1.);
#3679=VECTOR('',#6082,1.);
#3680=VECTOR('',#6083,1.);
#3681=VECTOR('',#6086,1.);
#3682=VECTOR('',#6087,1.);
#3683=VECTOR('',#6088,1.);
#3684=VECTOR('',#6089,1.);
#3685=VECTOR('',#6092,1.);
#3686=VECTOR('',#6093,1.);
#3687=VECTOR('',#6094,1.);
#3688=VECTOR('',#6095,1.);
#3689=VECTOR('',#6096,1.);
#3690=VECTOR('',#6099,1.);
#3691=VECTOR('',#6102,1.);
#3692=VECTOR('',#6103,1.);
#3693=VECTOR('',#6104,1.);
#3694=VECTOR('',#6105,1.);
#3695=VECTOR('',#6106,1.);
#3696=VECTOR('',#6109,1.);
#3697=VECTOR('',#6112,1.);
#3698=VECTOR('',#6113,1.);
#3699=VECTOR('',#6114,1.);
#3700=VECTOR('',#6117,1.);
#3701=VECTOR('',#6118,1.);
#3702=VECTOR('',#6119,1.);
#3703=VECTOR('',#6120,1.);
#3704=VECTOR('',#6123,1.);
#3705=VECTOR('',#6124,1.);
#3706=VECTOR('',#6125,1.);
#3707=VECTOR('',#6126,1.);
#3708=VECTOR('',#6129,1.);
#3709=VECTOR('',#6130,1.);
#3710=VECTOR('',#6133,1.);
#3711=VECTOR('',#6134,1.);
#3712=VECTOR('',#6135,1.);
#3713=VECTOR('',#6136,1.);
#3714=VECTOR('',#6139,1.);
#3715=VECTOR('',#6140,1.);
#3716=VECTOR('',#6141,1.);
#3717=VECTOR('',#6142,1.);
#3718=VECTOR('',#6145,1.);
#3719=VECTOR('',#6146,1.);
#3720=VECTOR('',#6147,1.);
#3721=VECTOR('',#6148,1.);
#3722=VECTOR('',#6159,1.);
#3723=VECTOR('',#6160,1.);
#3724=VECTOR('',#6161,1.);
#3725=VECTOR('',#6162,1.);
#3726=VECTOR('',#6165,1.);
#3727=VECTOR('',#6166,1.);
#3728=VECTOR('',#6167,1.);
#3729=VECTOR('',#6168,1.);
#3730=VECTOR('',#6171,1.);
#3731=VECTOR('',#6172,1.);
#3732=VECTOR('',#6173,1.);
#3733=VECTOR('',#6174,1.);
#3734=VECTOR('',#6177,1.);
#3735=VECTOR('',#6178,1.);
#3736=VECTOR('',#6179,1.);
#3737=VECTOR('',#6180,1.);
#3738=VECTOR('',#6185,1.);
#3739=VECTOR('',#6186,1.);
#3740=VECTOR('',#6187,1.);
#3741=VECTOR('',#6190,1.);
#3742=VECTOR('',#6195,1.);
#3743=VECTOR('',#6196,1.);
#3744=VECTOR('',#6199,1.);
#3745=VECTOR('',#6200,1.);
#3746=VECTOR('',#6203,1.);
#3747=VECTOR('',#6204,1.);
#3748=VECTOR('',#6219,1.);
#3749=VECTOR('',#6220,1.);
#3750=VECTOR('',#6221,1.);
#3751=VECTOR('',#6224,1.);
#3752=VECTOR('',#6225,1.);
#3753=VECTOR('',#6226,1.);
#3754=VECTOR('',#6237,1.);
#3755=VECTOR('',#6238,1.);
#3756=VECTOR('',#6241,1.);
#3757=VECTOR('',#6242,1.);
#3758=VECTOR('',#6243,1.);
#3759=VECTOR('',#6246,1.);
#3760=VECTOR('',#6247,1.);
#3761=VECTOR('',#6250,1.);
#3762=VECTOR('',#6251,1.);
#3763=VECTOR('',#6334,1.);
#3764=VECTOR('',#6335,1.);
#3765=VECTOR('',#6338,1.);
#3766=VECTOR('',#6339,1.);
#3767=VECTOR('',#6342,1.);
#3768=VECTOR('',#6345,1.);
#3769=VECTOR('',#6346,1.);
#3770=VECTOR('',#6349,1.);
#3771=VECTOR('',#6350,1.);
#3772=VECTOR('',#6353,1.);
#3773=VECTOR('',#6354,1.);
#3774=VECTOR('',#6355,1.);
#3775=VECTOR('',#6360,1.);
#3776=VECTOR('',#6361,1.);
#3777=VECTOR('',#6362,1.);
#3778=VECTOR('',#6403,1.);
#3779=VECTOR('',#6406,1.);
#3780=VECTOR('',#6409,1.);
#3781=VECTOR('',#6412,1.);
#3782=VECTOR('',#6415,1.);
#3783=VECTOR('',#6416,1.);
#3784=VECTOR('',#6417,1.);
#3785=VECTOR('',#6418,1.);
#3786=VECTOR('',#6419,1.);
#3787=VECTOR('',#6420,1.);
#3788=VECTOR('',#6421,1.);
#3789=VECTOR('',#6422,1.);
#3790=VECTOR('',#6423,1.);
#3791=VECTOR('',#6424,1.);
#3792=VECTOR('',#6425,1.);
#3793=VECTOR('',#6426,1.);
#3794=VECTOR('',#6429,1.);
#3795=VECTOR('',#6430,1.);
#3796=VECTOR('',#6431,1.);
#3797=VECTOR('',#6432,1.);
#3798=VECTOR('',#6435,1.);
#3799=VECTOR('',#6438,1.);
#3800=VECTOR('',#6441,1.);
#3801=VECTOR('',#6442,1.);
#3802=VECTOR('',#6443,1.);
#3803=VECTOR('',#6444,1.);
#3804=VECTOR('',#6445,1.);
#3805=VECTOR('',#6446,1.);
#3806=VECTOR('',#6447,1.);
#3807=VECTOR('',#6450,1.);
#3808=VECTOR('',#6451,1.);
#3809=VECTOR('',#6452,1.);
#3810=VECTOR('',#6453,1.);
#3811=VECTOR('',#6456,1.);
#3812=VECTOR('',#6457,1.);
#3813=VECTOR('',#6458,1.);
#3814=VECTOR('',#6461,1.);
#3815=VECTOR('',#6462,1.);
#3816=VECTOR('',#6463,1.);
#3817=VECTOR('',#6464,1.);
#3818=VECTOR('',#6467,1.);
#3819=VECTOR('',#6468,1.);
#3820=VECTOR('',#6469,1.);
#3821=VECTOR('',#6472,1.);
#3822=VECTOR('',#6473,1.);
#3823=VECTOR('',#6474,1.);
#3824=VECTOR('',#6477,1.);
#3825=VECTOR('',#6478,1.);
#3826=VECTOR('',#6481,1.);
#3827=VECTOR('',#6482,1.);
#3828=VECTOR('',#6483,1.);
#3829=VECTOR('',#6484,1.);
#3830=VECTOR('',#6485,1.);
#3831=VECTOR('',#6486,1.);
#3832=VECTOR('',#6487,1.);
#3833=VECTOR('',#6490,1.);
#3834=VECTOR('',#6491,1.);
#3835=VECTOR('',#6494,1.);
#3836=VECTOR('',#6495,1.);
#3837=VECTOR('',#6508,1.);
#3838=VECTOR('',#6597,1.);
#3839=VECTOR('',#6598,1.);
#3840=VECTOR('',#6599,1.);
#3841=VECTOR('',#6602,1.);
#3842=VECTOR('',#6603,1.);
#3843=VECTOR('',#6606,1.);
#3844=VECTOR('',#6607,1.);
#3845=VECTOR('',#6610,1.);
#3846=VECTOR('',#6615,1.);
#3847=VECTOR('',#6616,1.);
#3848=VECTOR('',#6617,1.);
#3849=VECTOR('',#6620,1.);
#3850=VECTOR('',#6621,1.);
#3851=VECTOR('',#6622,1.);
#3852=VECTOR('',#6623,1.);
#3853=VECTOR('',#6626,1.);
#3854=VECTOR('',#6627,1.);
#3855=VECTOR('',#6630,1.);
#3856=VECTOR('',#6631,1.);
#3857=VECTOR('',#6634,1.);
#3858=VECTOR('',#6635,1.);
#3859=VECTOR('',#6638,1.);
#3860=VECTOR('',#6639,1.);
#3861=VECTOR('',#6640,1.);
#3862=VECTOR('',#6641,1.);
#3863=VECTOR('',#6644,1.);
#3864=VECTOR('',#6645,1.);
#3865=VECTOR('',#6648,1.);
#3866=VECTOR('',#6649,1.);
#3867=VECTOR('',#6650,1.);
#3868=VECTOR('',#6651,1.);
#3869=VECTOR('',#6654,1.);
#3870=VECTOR('',#6655,1.);
#3871=VECTOR('',#6658,1.);
#3872=VECTOR('',#6659,1.);
#3873=VECTOR('',#6662,1.);
#3874=VECTOR('',#6663,1.);
#3875=VECTOR('',#6666,1.);
#3876=VECTOR('',#6667,1.);
#3877=VECTOR('',#6668,1.);
#3878=VECTOR('',#6671,1.);
#3879=VECTOR('',#6672,1.);
#3880=VECTOR('',#6673,1.);
#3881=VECTOR('',#6676,1.);
#3882=VECTOR('',#6677,1.);
#3883=VECTOR('',#6678,1.);
#3884=VECTOR('',#6681,1.);
#3885=VECTOR('',#6682,1.);
#3886=VECTOR('',#6685,1.);
#3887=VECTOR('',#6686,1.);
#3888=VECTOR('',#6689,1.);
#3889=VECTOR('',#6692,1.);
#3890=VECTOR('',#6693,1.);
#3891=VECTOR('',#6696,1.);
#3892=VECTOR('',#6697,1.);
#3893=VECTOR('',#6700,1.);
#3894=VECTOR('',#6717,1.);
#3895=VECTOR('',#6718,1.);
#3896=VECTOR('',#6719,1.);
#3897=VECTOR('',#6720,1.);
#3898=VECTOR('',#6723,1.);
#3899=VECTOR('',#6724,1.);
#3900=VECTOR('',#6725,1.);
#3901=VECTOR('',#6728,1.);
#3902=VECTOR('',#6729,1.);
#3903=VECTOR('',#6730,1.);
#3904=VECTOR('',#6731,1.);
#3905=VECTOR('',#6734,1.);
#3906=VECTOR('',#6735,1.);
#3907=VECTOR('',#6736,1.);
#3908=VECTOR('',#6739,1.);
#3909=VECTOR('',#6740,1.);
#3910=VECTOR('',#6743,1.);
#3911=VECTOR('',#6744,1.);
#3912=VECTOR('',#6755,1.);
#3913=VECTOR('',#6758,1.);
#3914=VECTOR('',#6761,1.);
#3915=VECTOR('',#6764,1.);
#3916=VECTOR('',#6775,1.);
#3917=VECTOR('',#6778,1.);
#3918=VECTOR('',#6783,1.);
#3919=VECTOR('',#6786,1.);
#3920=VECTOR('',#6789,1.);
#3921=VECTOR('',#6794,1.);
#3922=VECTOR('',#6797,1.);
#3923=VECTOR('',#6800,1.);
#3924=VECTOR('',#6805,1.);
#3925=VECTOR('',#6808,1.);
#3926=VECTOR('',#6811,1.);
#3927=VECTOR('',#6816,1.);
#3928=VECTOR('',#6853,1.);
#3929=VECTOR('',#6854,1.);
#3930=VECTOR('',#6855,1.);
#3931=VECTOR('',#6856,1.);
#3932=VECTOR('',#6857,1.);
#3933=VECTOR('',#6858,1.);
#3934=VECTOR('',#6861,1.);
#3935=VECTOR('',#6862,1.);
#3936=VECTOR('',#6863,1.);
#3937=VECTOR('',#6864,1.);
#3938=VECTOR('',#6865,1.);
#3939=VECTOR('',#6866,1.);
#3940=VECTOR('',#6869,1.);
#3941=VECTOR('',#6870,1.);
#3942=VECTOR('',#6871,1.);
#3943=VECTOR('',#6874,1.);
#3944=VECTOR('',#6875,1.);
#3945=VECTOR('',#6876,1.);
#3946=VECTOR('',#6877,1.);
#3947=VECTOR('',#6878,1.);
#3948=VECTOR('',#6879,1.);
#3949=VECTOR('',#6880,1.);
#3950=VECTOR('',#6881,1.);
#3951=VECTOR('',#6884,1.);
#3952=VECTOR('',#6885,1.);
#3953=VECTOR('',#6886,1.);
#3954=VECTOR('',#6891,1.);
#3955=VECTOR('',#6892,1.);
#3956=VECTOR('',#6893,1.);
#3957=VECTOR('',#6896,1.);
#3958=VECTOR('',#6901,1.);
#3959=VECTOR('',#6902,1.);
#3960=VECTOR('',#6905,1.);
#3961=VECTOR('',#6908,1.);
#3962=VECTOR('',#6913,1.);
#3963=VECTOR('',#6916,1.);
#3964=VECTOR('',#6917,1.);
#3965=VECTOR('',#6920,1.);
#3966=VECTOR('',#6921,1.);
#3967=VECTOR('',#6924,1.);
#3968=VECTOR('',#6927,1.);
#3969=VECTOR('',#6930,1.);
#3970=VECTOR('',#6931,1.);
#3971=VECTOR('',#6934,1.);
#3972=VECTOR('',#6935,1.);
#3973=VECTOR('',#6936,1.);
#3974=VECTOR('',#6941,1.);
#3975=VECTOR('',#6942,1.);
#3976=VECTOR('',#6945,1.);
#3977=VECTOR('',#6946,1.);
#3978=VECTOR('',#6947,1.);
#3979=VECTOR('',#6952,1.);
#3980=VECTOR('',#6955,1.);
#3981=VECTOR('',#6960,1.);
#3982=VECTOR('',#6961,1.);
#3983=VECTOR('',#6964,1.);
#3984=VECTOR('',#6967,1.);
#3985=VECTOR('',#6972,1.);
#3986=VECTOR('',#6973,1.);
#3987=VECTOR('',#6976,1.);
#3988=VECTOR('',#6977,1.);
#3989=VECTOR('',#6978,1.);
#3990=VECTOR('',#6981,1.);
#3991=VECTOR('',#6982,1.);
#3992=VECTOR('',#6985,1.);
#3993=VECTOR('',#6986,1.);
#3994=VECTOR('',#6989,1.);
#3995=VECTOR('',#6990,1.);
#3996=VECTOR('',#6991,1.);
#3997=VECTOR('',#7020,1.);
#3998=VECTOR('',#7025,1.);
#3999=VECTOR('',#7026,1.);
#4000=VECTOR('',#7027,1.);
#4001=VECTOR('',#7028,1.);
#4002=VECTOR('',#7031,1.);
#4003=VECTOR('',#7032,1.);
#4004=VECTOR('',#7035,1.);
#4005=VECTOR('',#7036,1.);
#4006=VECTOR('',#7037,1.);
#4007=VECTOR('',#7038,1.);
#4008=VECTOR('',#7053,1.);
#4009=VECTOR('',#7058,1.);
#4010=VECTOR('',#7059,1.);
#4011=VECTOR('',#7076,1.);
#4012=VECTOR('',#7081,1.);
#4013=VECTOR('',#7082,1.);
#4014=VECTOR('',#7083,1.);
#4015=VECTOR('',#7086,1.);
#4016=VECTOR('',#7087,1.);
#4017=VECTOR('',#7088,1.);
#4018=VECTOR('',#7117,1.);
#4019=VECTOR('',#7122,1.);
#4020=VECTOR('',#7123,1.);
#4021=VECTOR('',#7124,1.);
#4022=VECTOR('',#7125,1.);
#4023=VECTOR('',#7128,1.);
#4024=VECTOR('',#7129,1.);
#4025=VECTOR('',#7130,1.);
#4026=VECTOR('',#7131,1.);
#4027=VECTOR('',#7148,1.);
#4028=VECTOR('',#7151,1.);
#4029=VECTOR('',#7152,1.);
#4030=VECTOR('',#7169,1.);
#4031=VECTOR('',#7174,1.);
#4032=VECTOR('',#7175,1.);
#4033=VECTOR('',#7176,1.);
#4034=VECTOR('',#7177,1.);
#4035=VECTOR('',#7180,1.);
#4036=VECTOR('',#7181,1.);
#4037=VECTOR('',#7182,1.);
#4038=VECTOR('',#7185,1.);
#4039=VECTOR('',#7186,1.);
#4040=VECTOR('',#7187,1.);
#4041=VECTOR('',#7190,1.);
#4042=VECTOR('',#7191,1.);
#4043=VECTOR('',#7192,1.);
#4044=VECTOR('',#7193,1.);
#4045=VECTOR('',#7194,1.);
#4046=VECTOR('',#7237,1.);
#4047=VECTOR('',#7238,1.);
#4048=VECTOR('',#7241,1.);
#4049=VECTOR('',#7246,1.);
#4050=VECTOR('',#7251,1.);
#4051=VECTOR('',#7252,1.);
#4052=VECTOR('',#7253,1.);
#4053=VECTOR('',#7256,1.);
#4054=VECTOR('',#7257,1.);
#4055=VECTOR('',#7260,1.);
#4056=VECTOR('',#7261,1.);
#4057=VECTOR('',#7264,1.);
#4058=VECTOR('',#7265,1.);
#4059=VECTOR('',#7268,1.);
#4060=VECTOR('',#7269,1.);
#4061=VECTOR('',#7272,1.);
#4062=EDGE_LOOP('',(#482,#483,#484,#485,#486,#487));
#4063=EDGE_LOOP('',(#488,#489,#490,#491));
#4064=EDGE_LOOP('',(#492,#493,#494,#495));
#4065=EDGE_LOOP('',(#496,#497,#498,#499,#500,#501,#502,#503));
#4066=EDGE_LOOP('',(#504,#505,#506,#507));
#4067=EDGE_LOOP('',(#508,#509,#510,#511,#512,#513,#514,#515,#516,#517,#518,
#519,#520,#521,#522,#523,#524,#525));
#4068=EDGE_LOOP('',(#526,#527,#528,#529));
#4069=EDGE_LOOP('',(#530,#531,#532,#533,#534,#535));
#4070=EDGE_LOOP('',(#536,#537,#538,#539));
#4071=EDGE_LOOP('',(#540));
#4072=EDGE_LOOP('',(#541));
#4073=EDGE_LOOP('',(#542));
#4074=EDGE_LOOP('',(#543));
#4075=EDGE_LOOP('',(#544));
#4076=EDGE_LOOP('',(#545));
#4077=EDGE_LOOP('',(#546));
#4078=EDGE_LOOP('',(#547));
#4079=EDGE_LOOP('',(#548));
#4080=EDGE_LOOP('',(#549));
#4081=EDGE_LOOP('',(#550,#551,#552,#553));
#4082=EDGE_LOOP('',(#554,#555,#556,#557,#558,#559,#560,#561,#562,#563,#564,
#565));
#4083=EDGE_LOOP('',(#566));
#4084=EDGE_LOOP('',(#567));
#4085=EDGE_LOOP('',(#568));
#4086=EDGE_LOOP('',(#569));
#4087=EDGE_LOOP('',(#570));
#4088=EDGE_LOOP('',(#571,#572,#573,#574,#575,#576,#577,#578));
#4089=EDGE_LOOP('',(#579,#580,#581,#582,#583,#584,#585,#586,#587,#588));
#4090=EDGE_LOOP('',(#589));
#4091=EDGE_LOOP('',(#590));
#4092=EDGE_LOOP('',(#591));
#4093=EDGE_LOOP('',(#592));
#4094=EDGE_LOOP('',(#593));
#4095=EDGE_LOOP('',(#594,#595,#596,#597));
#4096=EDGE_LOOP('',(#598,#599,#600,#601));
#4097=EDGE_LOOP('',(#602,#603,#604,#605));
#4098=EDGE_LOOP('',(#606,#607,#608,#609));
#4099=EDGE_LOOP('',(#610,#611,#612,#613));
#4100=EDGE_LOOP('',(#614,#615,#616,#617));
#4101=EDGE_LOOP('',(#618,#619,#620,#621));
#4102=EDGE_LOOP('',(#622,#623,#624,#625));
#4103=EDGE_LOOP('',(#626,#627,#628,#629));
#4104=EDGE_LOOP('',(#630,#631,#632,#633));
#4105=EDGE_LOOP('',(#634,#635,#636,#637));
#4106=EDGE_LOOP('',(#638,#639,#640,#641));
#4107=EDGE_LOOP('',(#642,#643,#644,#645));
#4108=EDGE_LOOP('',(#646,#647,#648,#649));
#4109=EDGE_LOOP('',(#650,#651,#652,#653));
#4110=EDGE_LOOP('',(#654,#655,#656,#657));
#4111=EDGE_LOOP('',(#658,#659,#660,#661));
#4112=EDGE_LOOP('',(#662,#663,#664,#665,#666));
#4113=EDGE_LOOP('',(#667,#668,#669,#670,#671));
#4114=EDGE_LOOP('',(#672,#673,#674,#675));
#4115=EDGE_LOOP('',(#676,#677,#678,#679));
#4116=EDGE_LOOP('',(#680,#681,#682,#683));
#4117=EDGE_LOOP('',(#684,#685,#686,#687));
#4118=EDGE_LOOP('',(#688,#689,#690,#691,#692));
#4119=EDGE_LOOP('',(#693,#694,#695,#696));
#4120=EDGE_LOOP('',(#697,#698,#699,#700,#701));
#4121=EDGE_LOOP('',(#702,#703,#704,#705));
#4122=EDGE_LOOP('',(#706,#707,#708,#709));
#4123=EDGE_LOOP('',(#710,#711,#712,#713,#714,#715,#716,#717,#718,#719,#720,
#721,#722,#723,#724,#725));
#4124=EDGE_LOOP('',(#726,#727,#728,#729,#730,#731,#732,#733,#734,#735,#736,
#737,#738,#739,#740,#741,#742,#743,#744,#745,#746,#747));
#4125=EDGE_LOOP('',(#748,#749,#750,#751,#752,#753,#754,#755));
#4126=EDGE_LOOP('',(#756,#757,#758,#759));
#4127=EDGE_LOOP('',(#760,#761,#762,#763));
#4128=EDGE_LOOP('',(#764,#765,#766,#767,#768,#769,#770,#771,#772,#773,#774,
#775,#776,#777,#778,#779,#780,#781,#782,#783));
#4129=EDGE_LOOP('',(#784,#785,#786,#787));
#4130=EDGE_LOOP('',(#788,#789,#790,#791));
#4131=EDGE_LOOP('',(#792,#793,#794,#795));
#4132=EDGE_LOOP('',(#796,#797,#798,#799));
#4133=EDGE_LOOP('',(#800,#801,#802,#803));
#4134=EDGE_LOOP('',(#804,#805,#806,#807));
#4135=EDGE_LOOP('',(#808,#809,#810,#811,#812,#813,#814,#815,#816,#817,#818,
#819,#820,#821,#822,#823));
#4136=EDGE_LOOP('',(#824,#825,#826,#827));
#4137=EDGE_LOOP('',(#828,#829,#830,#831));
#4138=EDGE_LOOP('',(#832,#833,#834,#835,#836,#837,#838,#839,#840,#841,#842,
#843,#844,#845));
#4139=EDGE_LOOP('',(#846,#847,#848,#849,#850,#851));
#4140=EDGE_LOOP('',(#852,#853,#854,#855));
#4141=EDGE_LOOP('',(#856,#857,#858,#859));
#4142=EDGE_LOOP('',(#860,#861,#862,#863));
#4143=EDGE_LOOP('',(#864,#865,#866,#867));
#4144=EDGE_LOOP('',(#868,#869,#870,#871,#872,#873));
#4145=EDGE_LOOP('',(#874,#875,#876,#877));
#4146=EDGE_LOOP('',(#878,#879,#880,#881));
#4147=EDGE_LOOP('',(#882,#883,#884,#885));
#4148=EDGE_LOOP('',(#886,#887,#888,#889));
#4149=EDGE_LOOP('',(#890,#891,#892,#893));
#4150=EDGE_LOOP('',(#894,#895,#896,#897));
#4151=EDGE_LOOP('',(#898,#899,#900,#901));
#4152=EDGE_LOOP('',(#902,#903,#904,#905));
#4153=EDGE_LOOP('',(#906,#907,#908,#909,#910));
#4154=EDGE_LOOP('',(#911,#912,#913,#914,#915));
#4155=EDGE_LOOP('',(#916,#917,#918,#919));
#4156=EDGE_LOOP('',(#920,#921,#922,#923));
#4157=EDGE_LOOP('',(#924,#925,#926,#927));
#4158=EDGE_LOOP('',(#928,#929,#930,#931));
#4159=EDGE_LOOP('',(#932,#933,#934,#935));
#4160=EDGE_LOOP('',(#936,#937,#938,#939));
#4161=EDGE_LOOP('',(#940,#941,#942,#943));
#4162=EDGE_LOOP('',(#944,#945,#946));
#4163=EDGE_LOOP('',(#947,#948,#949));
#4164=EDGE_LOOP('',(#950,#951,#952,#953));
#4165=EDGE_LOOP('',(#954,#955,#956,#957));
#4166=EDGE_LOOP('',(#958,#959,#960,#961));
#4167=EDGE_LOOP('',(#962,#963,#964,#965));
#4168=EDGE_LOOP('',(#966,#967,#968));
#4169=EDGE_LOOP('',(#969,#970,#971));
#4170=EDGE_LOOP('',(#972,#973,#974,#975));
#4171=EDGE_LOOP('',(#976,#977,#978,#979));
#4172=EDGE_LOOP('',(#980,#981,#982,#983));
#4173=EDGE_LOOP('',(#984,#985,#986,#987));
#4174=EDGE_LOOP('',(#988,#989,#990));
#4175=EDGE_LOOP('',(#991,#992,#993));
#4176=EDGE_LOOP('',(#994,#995,#996,#997));
#4177=EDGE_LOOP('',(#998,#999,#1000,#1001));
#4178=EDGE_LOOP('',(#1002,#1003,#1004,#1005,#1006,#1007,#1008,#1009));
#4179=EDGE_LOOP('',(#1010,#1011,#1012,#1013));
#4180=EDGE_LOOP('',(#1014,#1015,#1016,#1017));
#4181=EDGE_LOOP('',(#1018,#1019,#1020,#1021));
#4182=EDGE_LOOP('',(#1022,#1023,#1024,#1025));
#4183=EDGE_LOOP('',(#1026,#1027,#1028,#1029));
#4184=EDGE_LOOP('',(#1030,#1031,#1032,#1033));
#4185=EDGE_LOOP('',(#1034,#1035,#1036,#1037));
#4186=EDGE_LOOP('',(#1038,#1039,#1040,#1041));
#4187=EDGE_LOOP('',(#1042,#1043,#1044,#1045));
#4188=EDGE_LOOP('',(#1046,#1047,#1048,#1049));
#4189=EDGE_LOOP('',(#1050,#1051,#1052));
#4190=EDGE_LOOP('',(#1053,#1054,#1055,#1056));
#4191=EDGE_LOOP('',(#1057,#1058,#1059,#1060));
#4192=EDGE_LOOP('',(#1061,#1062,#1063));
#4193=EDGE_LOOP('',(#1064,#1065,#1066,#1067));
#4194=EDGE_LOOP('',(#1068,#1069,#1070,#1071,#1072));
#4195=EDGE_LOOP('',(#1073,#1074,#1075,#1076,#1077));
#4196=EDGE_LOOP('',(#1078,#1079,#1080,#1081));
#4197=EDGE_LOOP('',(#1082,#1083,#1084,#1085));
#4198=EDGE_LOOP('',(#1086,#1087,#1088,#1089,#1090,#1091,#1092,#1093));
#4199=EDGE_LOOP('',(#1094,#1095,#1096,#1097,#1098,#1099,#1100,#1101,#1102,
#1103,#1104,#1105));
#4200=EDGE_LOOP('',(#1106,#1107,#1108,#1109,#1110,#1111,#1112,#1113));
#4201=EDGE_LOOP('',(#1114,#1115,#1116,#1117,#1118,#1119,#1120,#1121));
#4202=EDGE_LOOP('',(#1122,#1123,#1124,#1125));
#4203=EDGE_LOOP('',(#1126,#1127,#1128,#1129));
#4204=EDGE_LOOP('',(#1130,#1131,#1132,#1133));
#4205=EDGE_LOOP('',(#1134,#1135,#1136,#1137));
#4206=EDGE_LOOP('',(#1138,#1139,#1140,#1141));
#4207=EDGE_LOOP('',(#1142,#1143,#1144,#1145));
#4208=EDGE_LOOP('',(#1146,#1147,#1148,#1149,#1150,#1151,#1152,#1153,#1154,
#1155));
#4209=EDGE_LOOP('',(#1156,#1157,#1158,#1159,#1160,#1161));
#4210=EDGE_LOOP('',(#1162,#1163,#1164,#1165,#1166,#1167));
#4211=EDGE_LOOP('',(#1168,#1169,#1170,#1171,#1172,#1173,#1174,#1175,#1176,
#1177,#1178,#1179,#1180,#1181,#1182,#1183,#1184,#1185));
#4212=EDGE_LOOP('',(#1186,#1187,#1188,#1189,#1190,#1191,#1192,#1193));
#4213=EDGE_LOOP('',(#1194,#1195,#1196,#1197,#1198,#1199));
#4214=EDGE_LOOP('',(#1200));
#4215=EDGE_LOOP('',(#1201));
#4216=EDGE_LOOP('',(#1202));
#4217=EDGE_LOOP('',(#1203));
#4218=EDGE_LOOP('',(#1204));
#4219=EDGE_LOOP('',(#1205));
#4220=EDGE_LOOP('',(#1206));
#4221=EDGE_LOOP('',(#1207));
#4222=EDGE_LOOP('',(#1208));
#4223=EDGE_LOOP('',(#1209));
#4224=EDGE_LOOP('',(#1210));
#4225=EDGE_LOOP('',(#1211));
#4226=EDGE_LOOP('',(#1212));
#4227=EDGE_LOOP('',(#1213));
#4228=EDGE_LOOP('',(#1214));
#4229=EDGE_LOOP('',(#1215));
#4230=EDGE_LOOP('',(#1216));
#4231=EDGE_LOOP('',(#1217));
#4232=EDGE_LOOP('',(#1218));
#4233=EDGE_LOOP('',(#1219));
#4234=EDGE_LOOP('',(#1220));
#4235=EDGE_LOOP('',(#1221));
#4236=EDGE_LOOP('',(#1222));
#4237=EDGE_LOOP('',(#1223));
#4238=EDGE_LOOP('',(#1224));
#4239=EDGE_LOOP('',(#1225));
#4240=EDGE_LOOP('',(#1226));
#4241=EDGE_LOOP('',(#1227));
#4242=EDGE_LOOP('',(#1228,#1229,#1230));
#4243=EDGE_LOOP('',(#1231));
#4244=EDGE_LOOP('',(#1232,#1233,#1234));
#4245=EDGE_LOOP('',(#1235));
#4246=EDGE_LOOP('',(#1236,#1237,#1238));
#4247=EDGE_LOOP('',(#1239));
#4248=EDGE_LOOP('',(#1240,#1241,#1242));
#4249=EDGE_LOOP('',(#1243));
#4250=EDGE_LOOP('',(#1244,#1245,#1246,#1247));
#4251=EDGE_LOOP('',(#1248,#1249,#1250,#1251));
#4252=EDGE_LOOP('',(#1252,#1253,#1254,#1255));
#4253=EDGE_LOOP('',(#1256,#1257,#1258,#1259));
#4254=EDGE_LOOP('',(#1260,#1261,#1262,#1263));
#4255=EDGE_LOOP('',(#1264,#1265,#1266,#1267,#1268));
#4256=EDGE_LOOP('',(#1269,#1270,#1271,#1272,#1273));
#4257=EDGE_LOOP('',(#1274,#1275,#1276,#1277));
#4258=EDGE_LOOP('',(#1278,#1279,#1280,#1281));
#4259=EDGE_LOOP('',(#1282,#1283,#1284,#1285));
#4260=EDGE_LOOP('',(#1286,#1287,#1288,#1289,#1290,#1291));
#4261=EDGE_LOOP('',(#1292,#1293,#1294,#1295));
#4262=EDGE_LOOP('',(#1296,#1297,#1298,#1299));
#4263=EDGE_LOOP('',(#1300,#1301,#1302,#1303));
#4264=EDGE_LOOP('',(#1304,#1305,#1306,#1307,#1308,#1309));
#4265=EDGE_LOOP('',(#1310,#1311,#1312,#1313));
#4266=EDGE_LOOP('',(#1314,#1315,#1316,#1317,#1318,#1319));
#4267=EDGE_LOOP('',(#1320,#1321,#1322,#1323));
#4268=EDGE_LOOP('',(#1324,#1325,#1326,#1327));
#4269=EDGE_LOOP('',(#1328,#1329,#1330,#1331));
#4270=EDGE_LOOP('',(#1332,#1333,#1334,#1335,#1336,#1337));
#4271=EDGE_LOOP('',(#1338,#1339,#1340,#1341,#1342,#1343,#1344,#1345));
#4272=EDGE_LOOP('',(#1346,#1347,#1348,#1349,#1350,#1351,#1352,#1353));
#4273=EDGE_LOOP('',(#1354,#1355,#1356,#1357));
#4274=EDGE_LOOP('',(#1358,#1359,#1360,#1361));
#4275=EDGE_LOOP('',(#1362,#1363,#1364,#1365));
#4276=EDGE_LOOP('',(#1366,#1367,#1368,#1369));
#4277=EDGE_LOOP('',(#1370,#1371,#1372,#1373));
#4278=EDGE_LOOP('',(#1374,#1375,#1376,#1377));
#4279=EDGE_LOOP('',(#1378,#1379,#1380,#1381,#1382,#1383,#1384,#1385,#1386,
#1387,#1388,#1389));
#4280=EDGE_LOOP('',(#1390));
#4281=EDGE_LOOP('',(#1391));
#4282=EDGE_LOOP('',(#1392,#1393,#1394,#1395));
#4283=EDGE_LOOP('',(#1396,#1397,#1398,#1399));
#4284=EDGE_LOOP('',(#1400,#1401,#1402,#1403));
#4285=EDGE_LOOP('',(#1404,#1405,#1406,#1407));
#4286=EDGE_LOOP('',(#1408,#1409,#1410,#1411));
#4287=EDGE_LOOP('',(#1412,#1413,#1414,#1415));
#4288=EDGE_LOOP('',(#1416,#1417,#1418,#1419,#1420,#1421));
#4289=EDGE_LOOP('',(#1422));
#4290=EDGE_LOOP('',(#1423,#1424,#1425,#1426,#1427,#1428));
#4291=EDGE_LOOP('',(#1429));
#4292=EDGE_LOOP('',(#1430));
#4293=EDGE_LOOP('',(#1431,#1432,#1433,#1434,#1435,#1436,#1437,#1438));
#4294=EDGE_LOOP('',(#1439));
#4295=EDGE_LOOP('',(#1440));
#4296=EDGE_LOOP('',(#1441));
#4297=EDGE_LOOP('',(#1442));
#4298=EDGE_LOOP('',(#1443));
#4299=EDGE_LOOP('',(#1444,#1445,#1446,#1447,#1448,#1449,#1450,#1451,#1452,
#1453,#1454,#1455,#1456,#1457,#1458,#1459,#1460,#1461,#1462,#1463,#1464,
#1465,#1466,#1467,#1468,#1469,#1470,#1471));
#4300=EDGE_LOOP('',(#1472));
#4301=EDGE_LOOP('',(#1473));
#4302=EDGE_LOOP('',(#1474));
#4303=EDGE_LOOP('',(#1475));
#4304=EDGE_LOOP('',(#1476));
#4305=EDGE_LOOP('',(#1477));
#4306=EDGE_LOOP('',(#1478));
#4307=EDGE_LOOP('',(#1479));
#4308=EDGE_LOOP('',(#1480));
#4309=EDGE_LOOP('',(#1481));
#4310=EDGE_LOOP('',(#1482));
#4311=EDGE_LOOP('',(#1483));
#4312=EDGE_LOOP('',(#1484));
#4313=EDGE_LOOP('',(#1485));
#4314=EDGE_LOOP('',(#1486));
#4315=EDGE_LOOP('',(#1487));
#4316=EDGE_LOOP('',(#1488));
#4317=EDGE_LOOP('',(#1489,#1490,#1491,#1492,#1493,#1494));
#4318=EDGE_LOOP('',(#1495,#1496,#1497,#1498,#1499,#1500));
#4319=EDGE_LOOP('',(#1501,#1502,#1503,#1504));
#4320=EDGE_LOOP('',(#1505,#1506,#1507,#1508,#1509,#1510,#1511,#1512,#1513,
#1514));
#4321=EDGE_LOOP('',(#1515));
#4322=EDGE_LOOP('',(#1516,#1517,#1518,#1519,#1520));
#4323=EDGE_LOOP('',(#1521,#1522,#1523,#1524,#1525,#1526));
#4324=EDGE_LOOP('',(#1527,#1528,#1529,#1530,#1531,#1532));
#4325=EDGE_LOOP('',(#1533));
#4326=EDGE_LOOP('',(#1534,#1535,#1536,#1537,#1538));
#4327=EDGE_LOOP('',(#1539,#1540,#1541,#1542,#1543,#1544));
#4328=EDGE_LOOP('',(#1545,#1546,#1547,#1548,#1549,#1550,#1551,#1552,#1553));
#4329=EDGE_LOOP('',(#1554,#1555,#1556,#1557,#1558,#1559,#1560,#1561,#1562));
#4330=EDGE_LOOP('',(#1563,#1564,#1565,#1566));
#4331=EDGE_LOOP('',(#1567,#1568,#1569,#1570));
#4332=EDGE_LOOP('',(#1571,#1572,#1573,#1574));
#4333=EDGE_LOOP('',(#1575,#1576,#1577,#1578));
#4334=EDGE_LOOP('',(#1579,#1580,#1581,#1582,#1583));
#4335=EDGE_LOOP('',(#1584,#1585,#1586,#1587));
#4336=EDGE_LOOP('',(#1588,#1589,#1590,#1591));
#4337=EDGE_LOOP('',(#1592,#1593,#1594,#1595,#1596));
#4338=EDGE_LOOP('',(#1597));
#4339=EDGE_LOOP('',(#1598));
#4340=EDGE_LOOP('',(#1599));
#4341=EDGE_LOOP('',(#1600));
#4342=EDGE_LOOP('',(#1601));
#4343=EDGE_LOOP('',(#1602,#1603,#1604,#1605,#1606));
#4344=EDGE_LOOP('',(#1607));
#4345=EDGE_LOOP('',(#1608));
#4346=EDGE_LOOP('',(#1609));
#4347=EDGE_LOOP('',(#1610));
#4348=EDGE_LOOP('',(#1611));
#4349=EDGE_LOOP('',(#1612));
#4350=EDGE_LOOP('',(#1613));
#4351=EDGE_LOOP('',(#1614));
#4352=EDGE_LOOP('',(#1615));
#4353=EDGE_LOOP('',(#1616));
#4354=EDGE_LOOP('',(#1617,#1618,#1619,#1620));
#4355=EDGE_LOOP('',(#1621,#1622,#1623,#1624));
#4356=EDGE_LOOP('',(#1625,#1626,#1627,#1628,#1629));
#4357=EDGE_LOOP('',(#1630,#1631,#1632,#1633));
#4358=EDGE_LOOP('',(#1634,#1635,#1636,#1637,#1638));
#4359=EDGE_LOOP('',(#1639));
#4360=EDGE_LOOP('',(#1640));
#4361=EDGE_LOOP('',(#1641));
#4362=EDGE_LOOP('',(#1642));
#4363=EDGE_LOOP('',(#1643));
#4364=EDGE_LOOP('',(#1644,#1645,#1646,#1647,#1648));
#4365=EDGE_LOOP('',(#1649,#1650,#1651,#1652,#1653,#1654,#1655,#1656,#1657));
#4366=EDGE_LOOP('',(#1658));
#4367=EDGE_LOOP('',(#1659));
#4368=EDGE_LOOP('',(#1660));
#4369=EDGE_LOOP('',(#1661));
#4370=EDGE_LOOP('',(#1662));
#4371=EDGE_LOOP('',(#1663));
#4372=EDGE_LOOP('',(#1664));
#4373=EDGE_LOOP('',(#1665));
#4374=EDGE_LOOP('',(#1666));
#4375=EDGE_LOOP('',(#1667));
#4376=EDGE_LOOP('',(#1668,#1669,#1670,#1671));
#4377=EDGE_LOOP('',(#1672,#1673,#1674,#1675));
#4378=EDGE_LOOP('',(#1676,#1677,#1678,#1679,#1680));
#4379=EDGE_LOOP('',(#1681,#1682,#1683,#1684,#1685));
#4380=EDGE_LOOP('',(#1686));
#4381=EDGE_LOOP('',(#1687));
#4382=EDGE_LOOP('',(#1688));
#4383=EDGE_LOOP('',(#1689));
#4384=EDGE_LOOP('',(#1690));
#4385=EDGE_LOOP('',(#1691,#1692,#1693,#1694,#1695));
#4386=EDGE_LOOP('',(#1696));
#4387=EDGE_LOOP('',(#1697));
#4388=EDGE_LOOP('',(#1698));
#4389=EDGE_LOOP('',(#1699));
#4390=EDGE_LOOP('',(#1700));
#4391=EDGE_LOOP('',(#1701));
#4392=EDGE_LOOP('',(#1702));
#4393=EDGE_LOOP('',(#1703));
#4394=EDGE_LOOP('',(#1704));
#4395=EDGE_LOOP('',(#1705));
#4396=EDGE_LOOP('',(#1706,#1707,#1708,#1709));
#4397=EDGE_LOOP('',(#1710,#1711,#1712,#1713));
#4398=EDGE_LOOP('',(#1714,#1715,#1716,#1717,#1718));
#4399=EDGE_LOOP('',(#1719,#1720,#1721,#1722,#1723));
#4400=EDGE_LOOP('',(#1724));
#4401=EDGE_LOOP('',(#1725));
#4402=EDGE_LOOP('',(#1726));
#4403=EDGE_LOOP('',(#1727));
#4404=EDGE_LOOP('',(#1728));
#4405=EDGE_LOOP('',(#1729,#1730,#1731,#1732,#1733));
#4406=EDGE_LOOP('',(#1734,#1735,#1736,#1737,#1738,#1739,#1740,#1741,#1742));
#4407=EDGE_LOOP('',(#1743));
#4408=EDGE_LOOP('',(#1744));
#4409=EDGE_LOOP('',(#1745));
#4410=EDGE_LOOP('',(#1746));
#4411=EDGE_LOOP('',(#1747));
#4412=EDGE_LOOP('',(#1748));
#4413=EDGE_LOOP('',(#1749));
#4414=EDGE_LOOP('',(#1750));
#4415=EDGE_LOOP('',(#1751));
#4416=EDGE_LOOP('',(#1752));
#4417=EDGE_LOOP('',(#1753,#1754,#1755,#1756));
#4418=EDGE_LOOP('',(#1757,#1758,#1759,#1760));
#4419=EDGE_LOOP('',(#1761,#1762,#1763,#1764,#1765,#1766,#1767,#1768,#1769,
#1770));
#4420=EDGE_LOOP('',(#1771,#1772,#1773,#1774,#1775,#1776,#1777,#1778,#1779,
#1780));
#4421=EDGE_LOOP('',(#1781,#1782,#1783,#1784,#1785,#1786,#1787,#1788,#1789,
#1790));
#4422=EDGE_LOOP('',(#1791,#1792,#1793,#1794,#1795,#1796,#1797,#1798,#1799,
#1800,#1801,#1802,#1803,#1804));
#4423=EDGE_LOOP('',(#1805));
#4424=EDGE_LOOP('',(#1806));
#4425=EDGE_LOOP('',(#1807));
#4426=EDGE_LOOP('',(#1808));
#4427=EDGE_LOOP('',(#1809));
#4428=EDGE_LOOP('',(#1810));
#4429=EDGE_LOOP('',(#1811));
#4430=EDGE_LOOP('',(#1812));
#4431=EDGE_LOOP('',(#1813));
#4432=EDGE_LOOP('',(#1814,#1815,#1816));
#4433=EDGE_LOOP('',(#1817,#1818,#1819));
#4434=EDGE_LOOP('',(#1820));
#4435=EDGE_LOOP('',(#1821,#1822,#1823));
#4436=EDGE_LOOP('',(#1824));
#4437=EDGE_LOOP('',(#1825));
#4438=EDGE_LOOP('',(#1826,#1827,#1828));
#4439=EDGE_LOOP('',(#1829,#1830,#1831,#1832,#1833));
#4440=EDGE_LOOP('',(#1834,#1835,#1836,#1837,#1838));
#4441=EDGE_LOOP('',(#1839,#1840,#1841,#1842,#1843));
#4442=EDGE_LOOP('',(#1844,#1845,#1846,#1847,#1848));
#4443=EDGE_LOOP('',(#1849,#1850,#1851,#1852,#1853));
#4444=EDGE_LOOP('',(#1854,#1855,#1856,#1857,#1858));
#4445=EDGE_LOOP('',(#1859,#1860,#1861,#1862,#1863));
#4446=EDGE_LOOP('',(#1864,#1865,#1866,#1867,#1868));
#4447=EDGE_LOOP('',(#1869,#1870,#1871,#1872,#1873,#1874));
#4448=EDGE_LOOP('',(#1875,#1876,#1877,#1878,#1879,#1880));
#4449=EDGE_LOOP('',(#1881,#1882,#1883,#1884));
#4450=EDGE_LOOP('',(#1885,#1886,#1887,#1888));
#4451=EDGE_LOOP('',(#1889,#1890,#1891,#1892));
#4452=EDGE_LOOP('',(#1893,#1894,#1895,#1896));
#4453=EDGE_LOOP('',(#1897,#1898,#1899,#1900));
#4454=EDGE_LOOP('',(#1901,#1902,#1903,#1904));
#4455=EDGE_LOOP('',(#1905,#1906,#1907,#1908));
#4456=EDGE_LOOP('',(#1909,#1910,#1911,#1912));
#4457=EDGE_LOOP('',(#1913,#1914,#1915,#1916));
#4458=EDGE_LOOP('',(#1917,#1918,#1919,#1920,#1921,#1922));
#4459=EDGE_LOOP('',(#1923));
#4460=EDGE_LOOP('',(#1924));
#4461=EDGE_LOOP('',(#1925));
#4462=FACE_BOUND('',#4062,.T.);
#4463=FACE_BOUND('',#4063,.T.);
#4464=FACE_BOUND('',#4064,.T.);
#4465=FACE_BOUND('',#4065,.T.);
#4466=FACE_BOUND('',#4066,.T.);
#4467=FACE_BOUND('',#4067,.T.);
#4468=FACE_BOUND('',#4068,.T.);
#4469=FACE_BOUND('',#4069,.T.);
#4470=FACE_BOUND('',#4070,.T.);
#4471=FACE_BOUND('',#4071,.T.);
#4472=FACE_BOUND('',#4072,.T.);
#4473=FACE_BOUND('',#4073,.T.);
#4474=FACE_BOUND('',#4074,.T.);
#4475=FACE_BOUND('',#4075,.T.);
#4476=FACE_BOUND('',#4076,.T.);
#4477=FACE_BOUND('',#4077,.T.);
#4478=FACE_BOUND('',#4078,.T.);
#4479=FACE_BOUND('',#4079,.T.);
#4480=FACE_BOUND('',#4080,.T.);
#4481=FACE_BOUND('',#4081,.T.);
#4482=FACE_BOUND('',#4082,.T.);
#4483=FACE_BOUND('',#4083,.T.);
#4484=FACE_BOUND('',#4084,.T.);
#4485=FACE_BOUND('',#4085,.T.);
#4486=FACE_BOUND('',#4086,.T.);
#4487=FACE_BOUND('',#4087,.T.);
#4488=FACE_BOUND('',#4088,.T.);
#4489=FACE_BOUND('',#4089,.T.);
#4490=FACE_BOUND('',#4090,.T.);
#4491=FACE_BOUND('',#4091,.T.);
#4492=FACE_BOUND('',#4092,.T.);
#4493=FACE_BOUND('',#4093,.T.);
#4494=FACE_BOUND('',#4094,.T.);
#4495=FACE_BOUND('',#4095,.T.);
#4496=FACE_BOUND('',#4096,.T.);
#4497=FACE_BOUND('',#4097,.T.);
#4498=FACE_BOUND('',#4098,.T.);
#4499=FACE_BOUND('',#4099,.T.);
#4500=FACE_BOUND('',#4100,.T.);
#4501=FACE_BOUND('',#4101,.T.);
#4502=FACE_BOUND('',#4102,.T.);
#4503=FACE_BOUND('',#4103,.T.);
#4504=FACE_BOUND('',#4104,.T.);
#4505=FACE_BOUND('',#4105,.T.);
#4506=FACE_BOUND('',#4106,.T.);
#4507=FACE_BOUND('',#4107,.T.);
#4508=FACE_BOUND('',#4108,.T.);
#4509=FACE_BOUND('',#4109,.T.);
#4510=FACE_BOUND('',#4110,.T.);
#4511=FACE_BOUND('',#4111,.T.);
#4512=FACE_BOUND('',#4112,.T.);
#4513=FACE_BOUND('',#4113,.T.);
#4514=FACE_BOUND('',#4114,.T.);
#4515=FACE_BOUND('',#4115,.T.);
#4516=FACE_BOUND('',#4116,.T.);
#4517=FACE_BOUND('',#4117,.T.);
#4518=FACE_BOUND('',#4118,.T.);
#4519=FACE_BOUND('',#4119,.T.);
#4520=FACE_BOUND('',#4120,.T.);
#4521=FACE_BOUND('',#4121,.T.);
#4522=FACE_BOUND('',#4122,.T.);
#4523=FACE_BOUND('',#4123,.T.);
#4524=FACE_BOUND('',#4124,.T.);
#4525=FACE_BOUND('',#4125,.T.);
#4526=FACE_BOUND('',#4126,.T.);
#4527=FACE_BOUND('',#4127,.T.);
#4528=FACE_BOUND('',#4128,.T.);
#4529=FACE_BOUND('',#4129,.T.);
#4530=FACE_BOUND('',#4130,.T.);
#4531=FACE_BOUND('',#4131,.T.);
#4532=FACE_BOUND('',#4132,.T.);
#4533=FACE_BOUND('',#4133,.T.);
#4534=FACE_BOUND('',#4134,.T.);
#4535=FACE_BOUND('',#4135,.T.);
#4536=FACE_BOUND('',#4136,.T.);
#4537=FACE_BOUND('',#4137,.T.);
#4538=FACE_BOUND('',#4138,.T.);
#4539=FACE_BOUND('',#4139,.T.);
#4540=FACE_BOUND('',#4140,.T.);
#4541=FACE_BOUND('',#4141,.T.);
#4542=FACE_BOUND('',#4142,.T.);
#4543=FACE_BOUND('',#4143,.T.);
#4544=FACE_BOUND('',#4144,.T.);
#4545=FACE_BOUND('',#4145,.T.);
#4546=FACE_BOUND('',#4146,.T.);
#4547=FACE_BOUND('',#4147,.T.);
#4548=FACE_BOUND('',#4148,.T.);
#4549=FACE_BOUND('',#4149,.T.);
#4550=FACE_BOUND('',#4150,.T.);
#4551=FACE_BOUND('',#4151,.T.);
#4552=FACE_BOUND('',#4152,.T.);
#4553=FACE_BOUND('',#4153,.T.);
#4554=FACE_BOUND('',#4154,.T.);
#4555=FACE_BOUND('',#4155,.T.);
#4556=FACE_BOUND('',#4156,.T.);
#4557=FACE_BOUND('',#4157,.T.);
#4558=FACE_BOUND('',#4158,.T.);
#4559=FACE_BOUND('',#4159,.T.);
#4560=FACE_BOUND('',#4160,.T.);
#4561=FACE_BOUND('',#4161,.T.);
#4562=FACE_BOUND('',#4162,.T.);
#4563=FACE_BOUND('',#4163,.T.);
#4564=FACE_BOUND('',#4164,.T.);
#4565=FACE_BOUND('',#4165,.T.);
#4566=FACE_BOUND('',#4166,.T.);
#4567=FACE_BOUND('',#4167,.T.);
#4568=FACE_BOUND('',#4168,.T.);
#4569=FACE_BOUND('',#4169,.T.);
#4570=FACE_BOUND('',#4170,.T.);
#4571=FACE_BOUND('',#4171,.T.);
#4572=FACE_BOUND('',#4172,.T.);
#4573=FACE_BOUND('',#4173,.T.);
#4574=FACE_BOUND('',#4174,.T.);
#4575=FACE_BOUND('',#4175,.T.);
#4576=FACE_BOUND('',#4176,.T.);
#4577=FACE_BOUND('',#4177,.T.);
#4578=FACE_BOUND('',#4178,.T.);
#4579=FACE_BOUND('',#4179,.T.);
#4580=FACE_BOUND('',#4180,.T.);
#4581=FACE_BOUND('',#4181,.T.);
#4582=FACE_BOUND('',#4182,.T.);
#4583=FACE_BOUND('',#4183,.T.);
#4584=FACE_BOUND('',#4184,.T.);
#4585=FACE_BOUND('',#4185,.T.);
#4586=FACE_BOUND('',#4186,.T.);
#4587=FACE_BOUND('',#4187,.T.);
#4588=FACE_BOUND('',#4188,.T.);
#4589=FACE_BOUND('',#4189,.T.);
#4590=FACE_BOUND('',#4190,.T.);
#4591=FACE_BOUND('',#4191,.T.);
#4592=FACE_BOUND('',#4192,.T.);
#4593=FACE_BOUND('',#4193,.T.);
#4594=FACE_BOUND('',#4194,.T.);
#4595=FACE_BOUND('',#4195,.T.);
#4596=FACE_BOUND('',#4196,.T.);
#4597=FACE_BOUND('',#4197,.T.);
#4598=FACE_BOUND('',#4198,.T.);
#4599=FACE_BOUND('',#4199,.T.);
#4600=FACE_BOUND('',#4200,.T.);
#4601=FACE_BOUND('',#4201,.T.);
#4602=FACE_BOUND('',#4202,.T.);
#4603=FACE_BOUND('',#4203,.T.);
#4604=FACE_BOUND('',#4204,.T.);
#4605=FACE_BOUND('',#4205,.T.);
#4606=FACE_BOUND('',#4206,.T.);
#4607=FACE_BOUND('',#4207,.T.);
#4608=FACE_BOUND('',#4208,.T.);
#4609=FACE_BOUND('',#4209,.T.);
#4610=FACE_BOUND('',#4210,.T.);
#4611=FACE_BOUND('',#4211,.T.);
#4612=FACE_BOUND('',#4212,.T.);
#4613=FACE_BOUND('',#4213,.T.);
#4614=FACE_BOUND('',#4214,.T.);
#4615=FACE_BOUND('',#4215,.T.);
#4616=FACE_BOUND('',#4216,.T.);
#4617=FACE_BOUND('',#4217,.T.);
#4618=FACE_BOUND('',#4218,.T.);
#4619=FACE_BOUND('',#4219,.T.);
#4620=FACE_BOUND('',#4220,.T.);
#4621=FACE_BOUND('',#4221,.T.);
#4622=FACE_BOUND('',#4222,.T.);
#4623=FACE_BOUND('',#4223,.T.);
#4624=FACE_BOUND('',#4224,.T.);
#4625=FACE_BOUND('',#4225,.T.);
#4626=FACE_BOUND('',#4226,.T.);
#4627=FACE_BOUND('',#4227,.T.);
#4628=FACE_BOUND('',#4228,.T.);
#4629=FACE_BOUND('',#4229,.T.);
#4630=FACE_BOUND('',#4230,.T.);
#4631=FACE_BOUND('',#4231,.T.);
#4632=FACE_BOUND('',#4232,.T.);
#4633=FACE_BOUND('',#4233,.T.);
#4634=FACE_BOUND('',#4234,.T.);
#4635=FACE_BOUND('',#4235,.T.);
#4636=FACE_BOUND('',#4236,.T.);
#4637=FACE_BOUND('',#4237,.T.);
#4638=FACE_BOUND('',#4238,.T.);
#4639=FACE_BOUND('',#4239,.T.);
#4640=FACE_BOUND('',#4240,.T.);
#4641=FACE_BOUND('',#4241,.T.);
#4642=FACE_BOUND('',#4242,.T.);
#4643=FACE_BOUND('',#4243,.T.);
#4644=FACE_BOUND('',#4244,.T.);
#4645=FACE_BOUND('',#4245,.T.);
#4646=FACE_BOUND('',#4246,.T.);
#4647=FACE_BOUND('',#4247,.T.);
#4648=FACE_BOUND('',#4248,.T.);
#4649=FACE_BOUND('',#4249,.T.);
#4650=FACE_BOUND('',#4250,.T.);
#4651=FACE_BOUND('',#4251,.T.);
#4652=FACE_BOUND('',#4252,.T.);
#4653=FACE_BOUND('',#4253,.T.);
#4654=FACE_BOUND('',#4254,.T.);
#4655=FACE_BOUND('',#4255,.T.);
#4656=FACE_BOUND('',#4256,.T.);
#4657=FACE_BOUND('',#4257,.T.);
#4658=FACE_BOUND('',#4258,.T.);
#4659=FACE_BOUND('',#4259,.T.);
#4660=FACE_BOUND('',#4260,.T.);
#4661=FACE_BOUND('',#4261,.T.);
#4662=FACE_BOUND('',#4262,.T.);
#4663=FACE_BOUND('',#4263,.T.);
#4664=FACE_BOUND('',#4264,.T.);
#4665=FACE_BOUND('',#4265,.T.);
#4666=FACE_BOUND('',#4266,.T.);
#4667=FACE_BOUND('',#4267,.T.);
#4668=FACE_BOUND('',#4268,.T.);
#4669=FACE_BOUND('',#4269,.T.);
#4670=FACE_BOUND('',#4270,.T.);
#4671=FACE_BOUND('',#4271,.T.);
#4672=FACE_BOUND('',#4272,.T.);
#4673=FACE_BOUND('',#4273,.T.);
#4674=FACE_BOUND('',#4274,.T.);
#4675=FACE_BOUND('',#4275,.T.);
#4676=FACE_BOUND('',#4276,.T.);
#4677=FACE_BOUND('',#4277,.T.);
#4678=FACE_BOUND('',#4278,.T.);
#4679=FACE_BOUND('',#4279,.T.);
#4680=FACE_BOUND('',#4280,.T.);
#4681=FACE_BOUND('',#4281,.T.);
#4682=FACE_BOUND('',#4282,.T.);
#4683=FACE_BOUND('',#4283,.T.);
#4684=FACE_BOUND('',#4284,.T.);
#4685=FACE_BOUND('',#4285,.T.);
#4686=FACE_BOUND('',#4286,.T.);
#4687=FACE_BOUND('',#4287,.T.);
#4688=FACE_BOUND('',#4288,.T.);
#4689=FACE_BOUND('',#4289,.T.);
#4690=FACE_BOUND('',#4290,.T.);
#4691=FACE_BOUND('',#4291,.T.);
#4692=FACE_BOUND('',#4292,.T.);
#4693=FACE_BOUND('',#4293,.T.);
#4694=FACE_BOUND('',#4294,.T.);
#4695=FACE_BOUND('',#4295,.T.);
#4696=FACE_BOUND('',#4296,.T.);
#4697=FACE_BOUND('',#4297,.T.);
#4698=FACE_BOUND('',#4298,.T.);
#4699=FACE_BOUND('',#4299,.T.);
#4700=FACE_BOUND('',#4300,.T.);
#4701=FACE_BOUND('',#4301,.T.);
#4702=FACE_BOUND('',#4302,.T.);
#4703=FACE_BOUND('',#4303,.T.);
#4704=FACE_BOUND('',#4304,.T.);
#4705=FACE_BOUND('',#4305,.T.);
#4706=FACE_BOUND('',#4306,.T.);
#4707=FACE_BOUND('',#4307,.T.);
#4708=FACE_BOUND('',#4308,.T.);
#4709=FACE_BOUND('',#4309,.T.);
#4710=FACE_BOUND('',#4310,.T.);
#4711=FACE_BOUND('',#4311,.T.);
#4712=FACE_BOUND('',#4312,.T.);
#4713=FACE_BOUND('',#4313,.T.);
#4714=FACE_BOUND('',#4314,.T.);
#4715=FACE_BOUND('',#4315,.T.);
#4716=FACE_BOUND('',#4316,.T.);
#4717=FACE_BOUND('',#4317,.T.);
#4718=FACE_BOUND('',#4318,.T.);
#4719=FACE_BOUND('',#4319,.T.);
#4720=FACE_BOUND('',#4320,.T.);
#4721=FACE_BOUND('',#4321,.T.);
#4722=FACE_BOUND('',#4322,.T.);
#4723=FACE_BOUND('',#4323,.T.);
#4724=FACE_BOUND('',#4324,.T.);
#4725=FACE_BOUND('',#4325,.T.);
#4726=FACE_BOUND('',#4326,.T.);
#4727=FACE_BOUND('',#4327,.T.);
#4728=FACE_BOUND('',#4328,.T.);
#4729=FACE_BOUND('',#4329,.T.);
#4730=FACE_BOUND('',#4330,.T.);
#4731=FACE_BOUND('',#4331,.T.);
#4732=FACE_BOUND('',#4332,.T.);
#4733=FACE_BOUND('',#4333,.T.);
#4734=FACE_BOUND('',#4334,.T.);
#4735=FACE_BOUND('',#4335,.T.);
#4736=FACE_BOUND('',#4336,.T.);
#4737=FACE_BOUND('',#4337,.T.);
#4738=FACE_BOUND('',#4338,.T.);
#4739=FACE_BOUND('',#4339,.T.);
#4740=FACE_BOUND('',#4340,.T.);
#4741=FACE_BOUND('',#4341,.T.);
#4742=FACE_BOUND('',#4342,.T.);
#4743=FACE_BOUND('',#4343,.T.);
#4744=FACE_BOUND('',#4344,.T.);
#4745=FACE_BOUND('',#4345,.T.);
#4746=FACE_BOUND('',#4346,.T.);
#4747=FACE_BOUND('',#4347,.T.);
#4748=FACE_BOUND('',#4348,.T.);
#4749=FACE_BOUND('',#4349,.T.);
#4750=FACE_BOUND('',#4350,.T.);
#4751=FACE_BOUND('',#4351,.T.);
#4752=FACE_BOUND('',#4352,.T.);
#4753=FACE_BOUND('',#4353,.T.);
#4754=FACE_BOUND('',#4354,.T.);
#4755=FACE_BOUND('',#4355,.T.);
#4756=FACE_BOUND('',#4356,.T.);
#4757=FACE_BOUND('',#4357,.T.);
#4758=FACE_BOUND('',#4358,.T.);
#4759=FACE_BOUND('',#4359,.T.);
#4760=FACE_BOUND('',#4360,.T.);
#4761=FACE_BOUND('',#4361,.T.);
#4762=FACE_BOUND('',#4362,.T.);
#4763=FACE_BOUND('',#4363,.T.);
#4764=FACE_BOUND('',#4364,.T.);
#4765=FACE_BOUND('',#4365,.T.);
#4766=FACE_BOUND('',#4366,.T.);
#4767=FACE_BOUND('',#4367,.T.);
#4768=FACE_BOUND('',#4368,.T.);
#4769=FACE_BOUND('',#4369,.T.);
#4770=FACE_BOUND('',#4370,.T.);
#4771=FACE_BOUND('',#4371,.T.);
#4772=FACE_BOUND('',#4372,.T.);
#4773=FACE_BOUND('',#4373,.T.);
#4774=FACE_BOUND('',#4374,.T.);
#4775=FACE_BOUND('',#4375,.T.);
#4776=FACE_BOUND('',#4376,.T.);
#4777=FACE_BOUND('',#4377,.T.);
#4778=FACE_BOUND('',#4378,.T.);
#4779=FACE_BOUND('',#4379,.T.);
#4780=FACE_BOUND('',#4380,.T.);
#4781=FACE_BOUND('',#4381,.T.);
#4782=FACE_BOUND('',#4382,.T.);
#4783=FACE_BOUND('',#4383,.T.);
#4784=FACE_BOUND('',#4384,.T.);
#4785=FACE_BOUND('',#4385,.T.);
#4786=FACE_BOUND('',#4386,.T.);
#4787=FACE_BOUND('',#4387,.T.);
#4788=FACE_BOUND('',#4388,.T.);
#4789=FACE_BOUND('',#4389,.T.);
#4790=FACE_BOUND('',#4390,.T.);
#4791=FACE_BOUND('',#4391,.T.);
#4792=FACE_BOUND('',#4392,.T.);
#4793=FACE_BOUND('',#4393,.T.);
#4794=FACE_BOUND('',#4394,.T.);
#4795=FACE_BOUND('',#4395,.T.);
#4796=FACE_BOUND('',#4396,.T.);
#4797=FACE_BOUND('',#4397,.T.);
#4798=FACE_BOUND('',#4398,.T.);
#4799=FACE_BOUND('',#4399,.T.);
#4800=FACE_BOUND('',#4400,.T.);
#4801=FACE_BOUND('',#4401,.T.);
#4802=FACE_BOUND('',#4402,.T.);
#4803=FACE_BOUND('',#4403,.T.);
#4804=FACE_BOUND('',#4404,.T.);
#4805=FACE_BOUND('',#4405,.T.);
#4806=FACE_BOUND('',#4406,.T.);
#4807=FACE_BOUND('',#4407,.T.);
#4808=FACE_BOUND('',#4408,.T.);
#4809=FACE_BOUND('',#4409,.T.);
#4810=FACE_BOUND('',#4410,.T.);
#4811=FACE_BOUND('',#4411,.T.);
#4812=FACE_BOUND('',#4412,.T.);
#4813=FACE_BOUND('',#4413,.T.);
#4814=FACE_BOUND('',#4414,.T.);
#4815=FACE_BOUND('',#4415,.T.);
#4816=FACE_BOUND('',#4416,.T.);
#4817=FACE_BOUND('',#4417,.T.);
#4818=FACE_BOUND('',#4418,.T.);
#4819=FACE_BOUND('',#4419,.T.);
#4820=FACE_BOUND('',#4420,.T.);
#4821=FACE_BOUND('',#4421,.T.);
#4822=FACE_BOUND('',#4422,.T.);
#4823=FACE_BOUND('',#4423,.T.);
#4824=FACE_BOUND('',#4424,.T.);
#4825=FACE_BOUND('',#4425,.T.);
#4826=FACE_BOUND('',#4426,.T.);
#4827=FACE_BOUND('',#4427,.T.);
#4828=FACE_BOUND('',#4428,.T.);
#4829=FACE_BOUND('',#4429,.T.);
#4830=FACE_BOUND('',#4430,.T.);
#4831=FACE_BOUND('',#4431,.T.);
#4832=FACE_BOUND('',#4432,.T.);
#4833=FACE_BOUND('',#4433,.T.);
#4834=FACE_BOUND('',#4434,.T.);
#4835=FACE_BOUND('',#4435,.T.);
#4836=FACE_BOUND('',#4436,.T.);
#4837=FACE_BOUND('',#4437,.T.);
#4838=FACE_BOUND('',#4438,.T.);
#4839=FACE_BOUND('',#4439,.T.);
#4840=FACE_BOUND('',#4440,.T.);
#4841=FACE_BOUND('',#4441,.T.);
#4842=FACE_BOUND('',#4442,.T.);
#4843=FACE_BOUND('',#4443,.T.);
#4844=FACE_BOUND('',#4444,.T.);
#4845=FACE_BOUND('',#4445,.T.);
#4846=FACE_BOUND('',#4446,.T.);
#4847=FACE_BOUND('',#4447,.T.);
#4848=FACE_BOUND('',#4448,.T.);
#4849=FACE_BOUND('',#4449,.T.);
#4850=FACE_BOUND('',#4450,.T.);
#4851=FACE_BOUND('',#4451,.T.);
#4852=FACE_BOUND('',#4452,.T.);
#4853=FACE_BOUND('',#4453,.T.);
#4854=FACE_BOUND('',#4454,.T.);
#4855=FACE_BOUND('',#4455,.T.);
#4856=FACE_BOUND('',#4456,.T.);
#4857=FACE_BOUND('',#4457,.T.);
#4858=FACE_BOUND('',#4458,.T.);
#4859=FACE_BOUND('',#4459,.T.);
#4860=FACE_BOUND('',#4460,.T.);
#4861=FACE_BOUND('',#4461,.T.);
#4862=CYLINDRICAL_SURFACE('',#5304,0.008);
#4863=CYLINDRICAL_SURFACE('',#5309,0.0415);
#4864=CYLINDRICAL_SURFACE('',#5313,0.04025);
#4865=CYLINDRICAL_SURFACE('',#5319,0.008);
#4866=CYLINDRICAL_SURFACE('',#5323,0.003);
#4867=CYLINDRICAL_SURFACE('',#5326,0.0011);
#4868=CYLINDRICAL_SURFACE('',#5329,0.0011);
#4869=CYLINDRICAL_SURFACE('',#5332,0.0011);
#4870=CYLINDRICAL_SURFACE('',#5335,0.0011);
#4871=CYLINDRICAL_SURFACE('',#5352,0.001);
#4872=CYLINDRICAL_SURFACE('',#5353,0.001);
#4873=CYLINDRICAL_SURFACE('',#5354,0.001);
#4874=CYLINDRICAL_SURFACE('',#5355,0.001);
#4875=CYLINDRICAL_SURFACE('',#5356,0.004);
#4876=CYLINDRICAL_SURFACE('',#5358,0.004);
#4877=CYLINDRICAL_SURFACE('',#5360,0.004);
#4878=CYLINDRICAL_SURFACE('',#5362,0.004);
#4879=CYLINDRICAL_SURFACE('',#5364,0.004);
#4880=CYLINDRICAL_SURFACE('',#5370,0.004);
#4881=CYLINDRICAL_SURFACE('',#5371,0.004);
#4882=CYLINDRICAL_SURFACE('',#5377,0.004);
#4883=CYLINDRICAL_SURFACE('',#5378,0.006);
#4884=CYLINDRICAL_SURFACE('',#5379,0.006);
#4885=CYLINDRICAL_SURFACE('',#5380,0.006);
#4886=CYLINDRICAL_SURFACE('',#5381,0.006);
#4887=CYLINDRICAL_SURFACE('',#5428,0.0008);
#4888=CYLINDRICAL_SURFACE('',#5429,0.0008);
#4889=CYLINDRICAL_SURFACE('',#5430,0.0008);
#4890=CYLINDRICAL_SURFACE('',#5431,0.0008);
#4891=CYLINDRICAL_SURFACE('',#5444,0.0015);
#4892=CYLINDRICAL_SURFACE('',#5446,0.0015);
#4893=CYLINDRICAL_SURFACE('',#5449,0.0015);
#4894=CYLINDRICAL_SURFACE('',#5455,0.0015);
#4895=CYLINDRICAL_SURFACE('',#5457,0.0015);
#4896=CYLINDRICAL_SURFACE('',#5459,0.0015);
#4897=CYLINDRICAL_SURFACE('',#5461,0.0015);
#4898=CYLINDRICAL_SURFACE('',#5467,0.0015);
#4899=CYLINDRICAL_SURFACE('',#5468,0.0015);
#4900=CYLINDRICAL_SURFACE('',#5470,0.0015);
#4901=CYLINDRICAL_SURFACE('',#5472,0.0015);
#4902=CYLINDRICAL_SURFACE('',#5479,0.0015);
#4903=CYLINDRICAL_SURFACE('',#5481,0.0015);
#4904=CYLINDRICAL_SURFACE('',#5483,0.0015);
#4905=CYLINDRICAL_SURFACE('',#5492,0.0015);
#4906=CYLINDRICAL_SURFACE('',#5494,0.0015);
#4907=CYLINDRICAL_SURFACE('',#5498,0.0015);
#4908=CYLINDRICAL_SURFACE('',#5500,0.0015);
#4909=CYLINDRICAL_SURFACE('',#5504,0.0015);
#4910=CYLINDRICAL_SURFACE('',#5505,0.0015);
#4911=CYLINDRICAL_SURFACE('',#5506,0.0015);
#4912=CYLINDRICAL_SURFACE('',#5507,0.0015);
#4913=CYLINDRICAL_SURFACE('',#5508,0.0015);
#4914=CYLINDRICAL_SURFACE('',#5538,0.00324999999999339);
#4915=CYLINDRICAL_SURFACE('',#5541,0.00130000000000005);
#4916=CYLINDRICAL_SURFACE('',#5545,0.0013);
#4917=CYLINDRICAL_SURFACE('',#5548,0.00325);
#4918=CYLINDRICAL_SURFACE('',#5553,0.00325);
#4919=CYLINDRICAL_SURFACE('',#5556,0.0013);
#4920=CYLINDRICAL_SURFACE('',#5560,0.00325);
#4921=CYLINDRICAL_SURFACE('',#5563,0.0013);
#4922=CYLINDRICAL_SURFACE('',#5574,0.0008);
#4923=CYLINDRICAL_SURFACE('',#5575,0.0008);
#4924=CYLINDRICAL_SURFACE('',#5576,0.0008);
#4925=CYLINDRICAL_SURFACE('',#5577,0.0008);
#4926=CYLINDRICAL_SURFACE('',#5607,0.0013);
#4927=CYLINDRICAL_SURFACE('',#5685,0.011);
#4928=CYLINDRICAL_SURFACE('',#5687,0.011);
#4929=CYLINDRICAL_SURFACE('',#5689,0.011);
#4930=CYLINDRICAL_SURFACE('',#5691,0.011);
#4931=CYLINDRICAL_SURFACE('',#5705,0.0011);
#4932=CYLINDRICAL_SURFACE('',#5706,0.00275);
#4933=CYLINDRICAL_SURFACE('',#5707,0.0011);
#4934=CYLINDRICAL_SURFACE('',#5708,0.0011);
#4935=CYLINDRICAL_SURFACE('',#5709,0.0011);
#4936=CYLINDRICAL_SURFACE('',#5710,0.01);
#4937=CYLINDRICAL_SURFACE('',#5711,0.01);
#4938=CYLINDRICAL_SURFACE('',#5726,0.0011);
#4939=CYLINDRICAL_SURFACE('',#5727,0.00275);
#4940=CYLINDRICAL_SURFACE('',#5728,0.0011);
#4941=CYLINDRICAL_SURFACE('',#5729,0.0011);
#4942=CYLINDRICAL_SURFACE('',#5730,0.0011);
#4943=CYLINDRICAL_SURFACE('',#5731,0.01);
#4944=CYLINDRICAL_SURFACE('',#5732,0.01);
#4945=CYLINDRICAL_SURFACE('',#5743,0.0011);
#4946=CYLINDRICAL_SURFACE('',#5744,0.00275);
#4947=CYLINDRICAL_SURFACE('',#5745,0.0011);
#4948=CYLINDRICAL_SURFACE('',#5746,0.0011);
#4949=CYLINDRICAL_SURFACE('',#5747,0.0011);
#4950=CYLINDRICAL_SURFACE('',#5748,0.01);
#4951=CYLINDRICAL_SURFACE('',#5749,0.01);
#4952=CYLINDRICAL_SURFACE('',#5763,0.0011);
#4953=CYLINDRICAL_SURFACE('',#5764,0.00275);
#4954=CYLINDRICAL_SURFACE('',#5765,0.0011);
#4955=CYLINDRICAL_SURFACE('',#5766,0.0011);
#4956=CYLINDRICAL_SURFACE('',#5767,0.0011);
#4957=CYLINDRICAL_SURFACE('',#5768,0.01);
#4958=CYLINDRICAL_SURFACE('',#5769,0.01);
#4959=CYLINDRICAL_SURFACE('',#5774,0.00135);
#4960=CYLINDRICAL_SURFACE('',#5776,0.00135);
#4961=CYLINDRICAL_SURFACE('',#5778,0.00135);
#4962=CYLINDRICAL_SURFACE('',#5780,0.00135);
#4963=CYLINDRICAL_SURFACE('',#5786,0.04);
#4964=CYLINDRICAL_SURFACE('',#5787,0.04);
#4965=CYLINDRICAL_SURFACE('',#5788,0.04);
#4966=CYLINDRICAL_SURFACE('',#5789,0.04);
#4967=CYLINDRICAL_SURFACE('',#5790,0.04);
#4968=CYLINDRICAL_SURFACE('',#5791,0.04);
#4969=CYLINDRICAL_SURFACE('',#5792,0.04);
#4970=CYLINDRICAL_SURFACE('',#5793,0.04);
#4971=CYLINDRICAL_SURFACE('',#5807,0.0013);
#4972=ADVANCED_FACE('',(#4462),#4862,.T.);
#4973=ADVANCED_FACE('',(#4463),#82,.F.);
#4974=ADVANCED_FACE('',(#4464),#83,.F.);
#4975=ADVANCED_FACE('',(#4465),#4863,.T.);
#4976=ADVANCED_FACE('',(#4466),#84,.T.);
#4977=ADVANCED_FACE('',(#4467),#4864,.F.);
#4978=ADVANCED_FACE('',(#4468),#85,.T.);
#4979=ADVANCED_FACE('',(#4469),#4865,.T.);
#4980=ADVANCED_FACE('',(#4470),#86,.F.);
#4981=ADVANCED_FACE('',(#4471,#4472),#4866,.F.);
#4982=ADVANCED_FACE('',(#4473,#4474),#4867,.F.);
#4983=ADVANCED_FACE('',(#4475,#4476),#4868,.F.);
#4984=ADVANCED_FACE('',(#4477,#4478),#4869,.F.);
#4985=ADVANCED_FACE('',(#4479,#4480),#4870,.F.);
#4986=ADVANCED_FACE('',(#4481),#87,.T.);
#4987=ADVANCED_FACE('',(#4482,#4483,#4484,#4485,#4486,#4487),#88,.T.);
#4988=ADVANCED_FACE('',(#4488,#4489,#4490,#4491,#4492,#4493,#4494),#89,
 .F.);
#4989=ADVANCED_FACE('',(#4495),#90,.T.);
#4990=ADVANCED_FACE('',(#4496),#4871,.T.);
#4991=ADVANCED_FACE('',(#4497),#4872,.T.);
#4992=ADVANCED_FACE('',(#4498),#4873,.T.);
#4993=ADVANCED_FACE('',(#4499),#4874,.T.);
#4994=ADVANCED_FACE('',(#4500),#4875,.F.);
#4995=ADVANCED_FACE('',(#4501),#74,.F.);
#4996=ADVANCED_FACE('',(#4502),#4876,.F.);
#4997=ADVANCED_FACE('',(#4503),#75,.F.);
#4998=ADVANCED_FACE('',(#4504),#4877,.F.);
#4999=ADVANCED_FACE('',(#4505),#76,.F.);
#5000=ADVANCED_FACE('',(#4506),#4878,.F.);
#5001=ADVANCED_FACE('',(#4507),#77,.F.);
#5002=ADVANCED_FACE('',(#4508),#4879,.F.);
#5003=ADVANCED_FACE('',(#4509),#78,.F.);
#5004=ADVANCED_FACE('',(#4510),#68,.F.);
#5005=ADVANCED_FACE('',(#4511),#79,.F.);
#5006=ADVANCED_FACE('',(#4512),#4880,.F.);
#5007=ADVANCED_FACE('',(#4513),#4881,.F.);
#5008=ADVANCED_FACE('',(#4514),#80,.F.);
#5009=ADVANCED_FACE('',(#4515),#69,.F.);
#5010=ADVANCED_FACE('',(#4516),#81,.F.);
#5011=ADVANCED_FACE('',(#4517),#4882,.F.);
#5012=ADVANCED_FACE('',(#4518),#4883,.T.);
#5013=ADVANCED_FACE('',(#4519),#4884,.T.);
#5014=ADVANCED_FACE('',(#4520),#4885,.T.);
#5015=ADVANCED_FACE('',(#4521),#4886,.T.);
#5016=ADVANCED_FACE('',(#4522),#91,.T.);
#5017=ADVANCED_FACE('',(#4523),#92,.F.);
#5018=ADVANCED_FACE('',(#4524,#4525),#93,.T.);
#5019=ADVANCED_FACE('',(#4526),#94,.T.);
#5020=ADVANCED_FACE('',(#4527),#95,.F.);
#5021=ADVANCED_FACE('',(#4528),#96,.T.);
#5022=ADVANCED_FACE('',(#4529),#97,.F.);
#5023=ADVANCED_FACE('',(#4530),#98,.F.);
#5024=ADVANCED_FACE('',(#4531),#99,.F.);
#5025=ADVANCED_FACE('',(#4532),#100,.T.);
#5026=ADVANCED_FACE('',(#4533),#101,.F.);
#5027=ADVANCED_FACE('',(#4534),#102,.F.);
#5028=ADVANCED_FACE('',(#4535),#103,.T.);
#5029=ADVANCED_FACE('',(#4536),#104,.T.);
#5030=ADVANCED_FACE('',(#4537,#4538),#105,.F.);
#5031=ADVANCED_FACE('',(#4539),#106,.T.);
#5032=ADVANCED_FACE('',(#4540),#107,.F.);
#5033=ADVANCED_FACE('',(#4541),#108,.T.);
#5034=ADVANCED_FACE('',(#4542),#109,.F.);
#5035=ADVANCED_FACE('',(#4543),#110,.T.);
#5036=ADVANCED_FACE('',(#4544),#111,.F.);
#5037=ADVANCED_FACE('',(#4545),#4887,.F.);
#5038=ADVANCED_FACE('',(#4546),#4888,.F.);
#5039=ADVANCED_FACE('',(#4547),#4889,.F.);
#5040=ADVANCED_FACE('',(#4548),#4890,.F.);
#5041=ADVANCED_FACE('',(#4549),#112,.F.);
#5042=ADVANCED_FACE('',(#4550),#113,.T.);
#5043=ADVANCED_FACE('',(#4551),#114,.T.);
#5044=ADVANCED_FACE('',(#4552),#115,.T.);
#5045=ADVANCED_FACE('',(#4553),#116,.T.);
#5046=ADVANCED_FACE('',(#4554),#117,.T.);
#5047=ADVANCED_FACE('',(#4555),#118,.T.);
#5048=ADVANCED_FACE('',(#4556),#119,.F.);
#5049=ADVANCED_FACE('',(#4557),#120,.F.);
#5050=ADVANCED_FACE('',(#4558),#121,.T.);
#5051=ADVANCED_FACE('',(#4559),#4891,.T.);
#5052=ADVANCED_FACE('',(#4560),#4892,.T.);
#5053=ADVANCED_FACE('',(#4561),#4893,.T.);
#5054=ADVANCED_FACE('',(#4562),#10,.T.);
#5055=ADVANCED_FACE('',(#4563),#11,.T.);
#5056=ADVANCED_FACE('',(#4564),#4894,.T.);
#5057=ADVANCED_FACE('',(#4565),#4895,.T.);
#5058=ADVANCED_FACE('',(#4566),#4896,.T.);
#5059=ADVANCED_FACE('',(#4567),#4897,.T.);
#5060=ADVANCED_FACE('',(#4568),#12,.T.);
#5061=ADVANCED_FACE('',(#4569),#13,.T.);
#5062=ADVANCED_FACE('',(#4570),#4898,.T.);
#5063=ADVANCED_FACE('',(#4571),#4899,.F.);
#5064=ADVANCED_FACE('',(#4572),#4900,.F.);
#5065=ADVANCED_FACE('',(#4573),#4901,.F.);
#5066=ADVANCED_FACE('',(#4574),#14,.F.);
#5067=ADVANCED_FACE('',(#4575),#15,.F.);
#5068=ADVANCED_FACE('',(#4576),#4902,.F.);
#5069=ADVANCED_FACE('',(#4577),#4903,.F.);
#5070=ADVANCED_FACE('',(#4578),#4904,.F.);
#5071=ADVANCED_FACE('',(#4579),#122,.T.);
#5072=ADVANCED_FACE('',(#4580),#123,.T.);
#5073=ADVANCED_FACE('',(#4581),#124,.T.);
#5074=ADVANCED_FACE('',(#4582),#125,.F.);
#5075=ADVANCED_FACE('',(#4583),#126,.F.);
#5076=ADVANCED_FACE('',(#4584),#127,.T.);
#5077=ADVANCED_FACE('',(#4585),#128,.F.);
#5078=ADVANCED_FACE('',(#4586),#129,.F.);
#5079=ADVANCED_FACE('',(#4587),#4905,.T.);
#5080=ADVANCED_FACE('',(#4588),#4906,.T.);
#5081=ADVANCED_FACE('',(#4589),#16,.T.);
#5082=ADVANCED_FACE('',(#4590),#4907,.T.);
#5083=ADVANCED_FACE('',(#4591),#4908,.T.);
#5084=ADVANCED_FACE('',(#4592),#17,.T.);
#5085=ADVANCED_FACE('',(#4593),#4909,.T.);
#5086=ADVANCED_FACE('',(#4594),#4910,.F.);
#5087=ADVANCED_FACE('',(#4595),#4911,.F.);
#5088=ADVANCED_FACE('',(#4596),#4912,.F.);
#5089=ADVANCED_FACE('',(#4597),#4913,.F.);
#5090=ADVANCED_FACE('',(#4598,#4599),#130,.F.);
#5091=ADVANCED_FACE('',(#4600),#131,.F.);
#5092=ADVANCED_FACE('',(#4601),#132,.T.);
#5093=ADVANCED_FACE('',(#4602),#133,.F.);
#5094=ADVANCED_FACE('',(#4603),#134,.F.);
#5095=ADVANCED_FACE('',(#4604),#135,.T.);
#5096=ADVANCED_FACE('',(#4605),#136,.F.);
#5097=ADVANCED_FACE('',(#4606),#137,.T.);
#5098=ADVANCED_FACE('',(#4607),#138,.T.);
#5099=ADVANCED_FACE('',(#4608),#139,.F.);
#5100=ADVANCED_FACE('',(#4609),#140,.T.);
#5101=ADVANCED_FACE('',(#4610),#141,.F.);
#5102=ADVANCED_FACE('',(#4611),#142,.T.);
#5103=ADVANCED_FACE('',(#4612),#143,.F.);
#5104=ADVANCED_FACE('',(#4613),#144,.T.);
#5105=ADVANCED_FACE('',(#4614,#4615),#4914,.T.);
#5106=ADVANCED_FACE('',(#4616,#4617),#4915,.F.);
#5107=ADVANCED_FACE('',(#4618,#4619),#145,.T.);
#5108=ADVANCED_FACE('',(#4620,#4621),#4916,.F.);
#5109=ADVANCED_FACE('',(#4622,#4623),#4917,.T.);
#5110=ADVANCED_FACE('',(#4624,#4625),#146,.T.);
#5111=ADVANCED_FACE('',(#4626),#147,.F.);
#5112=ADVANCED_FACE('',(#4627,#4628),#4918,.T.);
#5113=ADVANCED_FACE('',(#4629,#4630),#4919,.F.);
#5114=ADVANCED_FACE('',(#4631,#4632),#148,.T.);
#5115=ADVANCED_FACE('',(#4633,#4634),#4920,.T.);
#5116=ADVANCED_FACE('',(#4635,#4636),#4921,.F.);
#5117=ADVANCED_FACE('',(#4637,#4638),#149,.T.);
#5118=ADVANCED_FACE('',(#4639),#150,.F.);
#5119=ADVANCED_FACE('',(#4640),#151,.F.);
#5120=ADVANCED_FACE('',(#4641),#152,.F.);
#5121=ADVANCED_FACE('',(#4642,#4643),#70,.F.);
#5122=ADVANCED_FACE('',(#4644,#4645),#71,.F.);
#5123=ADVANCED_FACE('',(#4646,#4647),#72,.F.);
#5124=ADVANCED_FACE('',(#4648,#4649),#73,.F.);
#5125=ADVANCED_FACE('',(#4650),#4922,.T.);
#5126=ADVANCED_FACE('',(#4651),#4923,.T.);
#5127=ADVANCED_FACE('',(#4652),#4924,.T.);
#5128=ADVANCED_FACE('',(#4653),#4925,.T.);
#5129=ADVANCED_FACE('',(#4654),#153,.T.);
#5130=ADVANCED_FACE('',(#4655),#154,.T.);
#5131=ADVANCED_FACE('',(#4656),#155,.F.);
#5132=ADVANCED_FACE('',(#4657),#156,.T.);
#5133=ADVANCED_FACE('',(#4658),#157,.T.);
#5134=ADVANCED_FACE('',(#4659),#158,.F.);
#5135=ADVANCED_FACE('',(#4660),#159,.F.);
#5136=ADVANCED_FACE('',(#4661),#160,.F.);
#5137=ADVANCED_FACE('',(#4662),#161,.F.);
#5138=ADVANCED_FACE('',(#4663),#162,.T.);
#5139=ADVANCED_FACE('',(#4664),#163,.F.);
#5140=ADVANCED_FACE('',(#4665),#164,.T.);
#5141=ADVANCED_FACE('',(#4666),#165,.T.);
#5142=ADVANCED_FACE('',(#4667),#166,.F.);
#5143=ADVANCED_FACE('',(#4668),#167,.T.);
#5144=ADVANCED_FACE('',(#4669),#168,.T.);
#5145=ADVANCED_FACE('',(#4670),#169,.T.);
#5146=ADVANCED_FACE('',(#4671),#170,.F.);
#5147=ADVANCED_FACE('',(#4672),#171,.F.);
#5148=ADVANCED_FACE('',(#4673),#172,.F.);
#5149=ADVANCED_FACE('',(#4674),#173,.F.);
#5150=ADVANCED_FACE('',(#4675),#174,.F.);
#5151=ADVANCED_FACE('',(#4676),#175,.F.);
#5152=ADVANCED_FACE('',(#4677),#176,.F.);
#5153=ADVANCED_FACE('',(#4678),#177,.F.);
#5154=ADVANCED_FACE('',(#4679),#178,.T.);
#5155=ADVANCED_FACE('',(#4680,#4681),#4926,.F.);
#5156=ADVANCED_FACE('',(#4682),#179,.T.);
#5157=ADVANCED_FACE('',(#4683),#180,.T.);
#5158=ADVANCED_FACE('',(#4684),#181,.F.);
#5159=ADVANCED_FACE('',(#4685),#182,.F.);
#5160=ADVANCED_FACE('',(#4686),#183,.T.);
#5161=ADVANCED_FACE('',(#4687),#184,.F.);
#5162=ADVANCED_FACE('',(#4688,#4689),#185,.T.);
#5163=ADVANCED_FACE('',(#4690,#4691,#4692,#4693,#4694,#4695,#4696,#4697,
#4698,#4699,#4700,#4701,#4702,#4703,#4704,#4705,#4706,#4707,#4708,#4709,
#4710,#4711,#4712,#4713,#4714,#4715,#4716,#4717),#186,.F.);
#5164=ADVANCED_FACE('',(#4718),#187,.F.);
#5165=ADVANCED_FACE('',(#4719),#188,.T.);
#5166=ADVANCED_FACE('',(#4720),#189,.T.);
#5167=ADVANCED_FACE('',(#4721,#4722),#190,.T.);
#5168=ADVANCED_FACE('',(#4723),#191,.T.);
#5169=ADVANCED_FACE('',(#4724),#192,.T.);
#5170=ADVANCED_FACE('',(#4725,#4726),#193,.T.);
#5171=ADVANCED_FACE('',(#4727),#194,.T.);
#5172=ADVANCED_FACE('',(#4728),#195,.F.);
#5173=ADVANCED_FACE('',(#4729),#196,.F.);
#5174=ADVANCED_FACE('',(#4730),#4927,.T.);
#5175=ADVANCED_FACE('',(#4731),#4928,.T.);
#5176=ADVANCED_FACE('',(#4732),#4929,.T.);
#5177=ADVANCED_FACE('',(#4733),#4930,.T.);
#5178=ADVANCED_FACE('',(#4734),#197,.T.);
#5179=ADVANCED_FACE('',(#4735),#198,.T.);
#5180=ADVANCED_FACE('',(#4736),#199,.F.);
#5181=ADVANCED_FACE('',(#4737),#200,.F.);
#5182=ADVANCED_FACE('',(#4738,#4739,#4740,#4741,#4742,#4743),#201,.T.);
#5183=ADVANCED_FACE('',(#4744,#4745),#4931,.F.);
#5184=ADVANCED_FACE('',(#4746,#4747),#4932,.F.);
#5185=ADVANCED_FACE('',(#4748,#4749),#4933,.F.);
#5186=ADVANCED_FACE('',(#4750,#4751),#4934,.F.);
#5187=ADVANCED_FACE('',(#4752,#4753),#4935,.F.);
#5188=ADVANCED_FACE('',(#4754),#4936,.T.);
#5189=ADVANCED_FACE('',(#4755),#4937,.T.);
#5190=ADVANCED_FACE('',(#4756),#202,.T.);
#5191=ADVANCED_FACE('',(#4757),#203,.F.);
#5192=ADVANCED_FACE('',(#4758),#204,.F.);
#5193=ADVANCED_FACE('',(#4759,#4760,#4761,#4762,#4763,#4764),#205,.T.);
#5194=ADVANCED_FACE('',(#4765),#206,.F.);
#5195=ADVANCED_FACE('',(#4766,#4767),#4938,.F.);
#5196=ADVANCED_FACE('',(#4768,#4769),#4939,.F.);
#5197=ADVANCED_FACE('',(#4770,#4771),#4940,.F.);
#5198=ADVANCED_FACE('',(#4772,#4773),#4941,.F.);
#5199=ADVANCED_FACE('',(#4774,#4775),#4942,.F.);
#5200=ADVANCED_FACE('',(#4776),#4943,.T.);
#5201=ADVANCED_FACE('',(#4777),#4944,.T.);
#5202=ADVANCED_FACE('',(#4778),#207,.T.);
#5203=ADVANCED_FACE('',(#4779),#208,.F.);
#5204=ADVANCED_FACE('',(#4780,#4781,#4782,#4783,#4784,#4785),#209,.T.);
#5205=ADVANCED_FACE('',(#4786,#4787),#4945,.F.);
#5206=ADVANCED_FACE('',(#4788,#4789),#4946,.F.);
#5207=ADVANCED_FACE('',(#4790,#4791),#4947,.F.);
#5208=ADVANCED_FACE('',(#4792,#4793),#4948,.F.);
#5209=ADVANCED_FACE('',(#4794,#4795),#4949,.F.);
#5210=ADVANCED_FACE('',(#4796),#4950,.T.);
#5211=ADVANCED_FACE('',(#4797),#4951,.T.);
#5212=ADVANCED_FACE('',(#4798),#210,.T.);
#5213=ADVANCED_FACE('',(#4799),#211,.F.);
#5214=ADVANCED_FACE('',(#4800,#4801,#4802,#4803,#4804,#4805),#212,.T.);
#5215=ADVANCED_FACE('',(#4806),#213,.F.);
#5216=ADVANCED_FACE('',(#4807,#4808),#4952,.F.);
#5217=ADVANCED_FACE('',(#4809,#4810),#4953,.F.);
#5218=ADVANCED_FACE('',(#4811,#4812),#4954,.F.);
#5219=ADVANCED_FACE('',(#4813,#4814),#4955,.F.);
#5220=ADVANCED_FACE('',(#4815,#4816),#4956,.F.);
#5221=ADVANCED_FACE('',(#4817),#4957,.T.);
#5222=ADVANCED_FACE('',(#4818),#4958,.T.);
#5223=ADVANCED_FACE('',(#4819),#214,.F.);
#5224=ADVANCED_FACE('',(#4820),#215,.T.);
#5225=ADVANCED_FACE('',(#4821),#216,.T.);
#5226=ADVANCED_FACE('',(#4822),#217,.F.);
#5227=ADVANCED_FACE('',(#4823,#4824),#4959,.F.);
#5228=ADVANCED_FACE('',(#4825,#4826),#4960,.F.);
#5229=ADVANCED_FACE('',(#4827,#4828),#4961,.F.);
#5230=ADVANCED_FACE('',(#4829,#4830),#4962,.F.);
#5231=ADVANCED_FACE('',(#4831,#4832),#218,.F.);
#5232=ADVANCED_FACE('',(#4833,#4834),#219,.F.);
#5233=ADVANCED_FACE('',(#4835,#4836),#220,.F.);
#5234=ADVANCED_FACE('',(#4837,#4838),#221,.F.);
#5235=ADVANCED_FACE('',(#4839),#4963,.F.);
#5236=ADVANCED_FACE('',(#4840),#4964,.F.);
#5237=ADVANCED_FACE('',(#4841),#4965,.F.);
#5238=ADVANCED_FACE('',(#4842),#4966,.F.);
#5239=ADVANCED_FACE('',(#4843),#4967,.F.);
#5240=ADVANCED_FACE('',(#4844),#4968,.F.);
#5241=ADVANCED_FACE('',(#4845),#4969,.F.);
#5242=ADVANCED_FACE('',(#4846),#4970,.F.);
#5243=ADVANCED_FACE('',(#4847),#222,.T.);
#5244=ADVANCED_FACE('',(#4848),#223,.F.);
#5245=ADVANCED_FACE('',(#4849),#224,.T.);
#5246=ADVANCED_FACE('',(#4850),#225,.T.);
#5247=ADVANCED_FACE('',(#4851),#226,.T.);
#5248=ADVANCED_FACE('',(#4852),#227,.T.);
#5249=ADVANCED_FACE('',(#4853),#228,.T.);
#5250=ADVANCED_FACE('',(#4854),#229,.F.);
#5251=ADVANCED_FACE('',(#4855),#230,.F.);
#5252=ADVANCED_FACE('',(#4856),#231,.F.);
#5253=ADVANCED_FACE('',(#4857),#232,.T.);
#5254=ADVANCED_FACE('',(#4858,#4859),#233,.T.);
#5255=ADVANCED_FACE('',(#4860,#4861),#4971,.F.);
#5256=CLOSED_SHELL('',(#4972,#4973,#4974,#4975,#4976,#4977,#4978,#4979,
#4980,#4981,#4982,#4983,#4984,#4985,#4986,#4987,#4988,#4989,#4990,#4991,
#4992,#4993,#4994,#4995,#4996,#4997,#4998,#4999,#5000,#5001,#5002,#5003,
#5004,#5005,#5006,#5007,#5008,#5009,#5010,#5011,#5012,#5013,#5014,#5015));
#5257=CLOSED_SHELL('',(#5016,#5017,#5018,#5019,#5020,#5021,#5022,#5023,
#5024,#5025,#5026,#5027,#5028,#5029,#5030,#5031,#5032,#5033,#5034,#5035,
#5036,#5037,#5038,#5039,#5040,#5041,#5042,#5043,#5044,#5045,#5046,#5047,
#5048,#5049,#5050,#5051,#5052,#5053,#5054,#5055,#5056,#5057,#5058,#5059,
#5060,#5061,#5062,#5063,#5064,#5065,#5066,#5067,#5068,#5069,#5070,#5071,
#5072,#5073,#5074,#5075,#5076,#5077,#5078,#5079,#5080,#5081,#5082,#5083,
#5084,#5085,#5086,#5087,#5088,#5089));
#5258=CLOSED_SHELL('',(#5090,#5091,#5092,#5093,#5094,#5095,#5096,#5097,
#5098,#5099,#5100,#5101,#5102,#5103,#5104,#5105,#5106,#5107,#5108,#5109,
#5110,#5111,#5112,#5113,#5114,#5115,#5116,#5117,#5118,#5119,#5120,#5121,
#5122,#5123,#5124,#5125,#5126,#5127,#5128,#5129,#5130,#5131,#5132,#5133,
#5134,#5135,#5136,#5137,#5138,#5139,#5140,#5141,#5142,#5143,#5144,#5145,
#5146,#5147,#5148,#5149,#5150,#5151,#5152,#5153,#5154));
#5259=CLOSED_SHELL('',(#5155,#5156,#5157,#5158,#5159,#5160,#5161,#5162,
#5163,#5164,#5165,#5166,#5167,#5168,#5169,#5170,#5171,#5172,#5173,#5174,
#5175,#5176,#5177,#5178,#5179,#5180,#5181,#5182,#5183,#5184,#5185,#5186,
#5187,#5188,#5189,#5190,#5191,#5192,#5193,#5194,#5195,#5196,#5197,#5198,
#5199,#5200,#5201,#5202,#5203,#5204,#5205,#5206,#5207,#5208,#5209,#5210,
#5211,#5212,#5213,#5214,#5215,#5216,#5217,#5218,#5219,#5220,#5221,#5222,
#5223,#5224,#5225,#5226,#5227,#5228,#5229,#5230,#5231,#5232,#5233,#5234,
#5235,#5236,#5237,#5238,#5239,#5240,#5241,#5242,#5243,#5244,#5245,#5246,
#5247,#5248,#5249,#5250,#5251,#5252,#5253,#5254,#5255));
#5260=STYLED_ITEM('',(#5264),#5289);
#5261=STYLED_ITEM('',(#5265),#5290);
#5262=STYLED_ITEM('',(#5266),#5291);
#5263=STYLED_ITEM('',(#5267),#5292);
#5264=PRESENTATION_STYLE_ASSIGNMENT((#5268));
#5265=PRESENTATION_STYLE_ASSIGNMENT((#5269));
#5266=PRESENTATION_STYLE_ASSIGNMENT((#5270));
#5267=PRESENTATION_STYLE_ASSIGNMENT((#5271));
#5268=SURFACE_STYLE_USAGE(.BOTH.,#5272);
#5269=SURFACE_STYLE_USAGE(.BOTH.,#5273);
#5270=SURFACE_STYLE_USAGE(.BOTH.,#5274);
#5271=SURFACE_STYLE_USAGE(.BOTH.,#5275);
#5272=SURFACE_SIDE_STYLE('',(#5276));
#5273=SURFACE_SIDE_STYLE('',(#5277));
#5274=SURFACE_SIDE_STYLE('',(#5278));
#5275=SURFACE_SIDE_STYLE('',(#5279));
#5276=SURFACE_STYLE_FILL_AREA(#5280);
#5277=SURFACE_STYLE_FILL_AREA(#5281);
#5278=SURFACE_STYLE_FILL_AREA(#5282);
#5279=SURFACE_STYLE_FILL_AREA(#5283);
#5280=FILL_AREA_STYLE('',(#5284));
#5281=FILL_AREA_STYLE('',(#5285));
#5282=FILL_AREA_STYLE('',(#5286));
#5283=FILL_AREA_STYLE('',(#5287));
#5284=FILL_AREA_STYLE_COLOUR('',#5288);
#5285=FILL_AREA_STYLE_COLOUR('',#5288);
#5286=FILL_AREA_STYLE_COLOUR('',#5288);
#5287=FILL_AREA_STYLE_COLOUR('',#5288);
#5288=COLOUR_RGB('',0.647058823529412,0.647058823529412,0.647058823529412);
#5289=MANIFOLD_SOLID_BREP('propeller guard lw3',#5256);
#5290=MANIFOLD_SOLID_BREP('Box',#5257);
#5291=MANIFOLD_SOLID_BREP('Lid',#5258);
#5292=MANIFOLD_SOLID_BREP('Part 1',#5259);
#5293=SHAPE_DEFINITION_REPRESENTATION(#9195,#5298);
#5294=SHAPE_DEFINITION_REPRESENTATION(#9196,#5299);
#5295=SHAPE_DEFINITION_REPRESENTATION(#9198,#5300);
#5296=SHAPE_DEFINITION_REPRESENTATION(#9201,#5301);
#5297=SHAPE_DEFINITION_REPRESENTATION(#9205,#5302);
#5298=SHAPE_REPRESENTATION('Assy P2 LW',(#5303,#5382,#5509,#5510,#5604,
#5605,#5606,#5808),#9182);
#5299=SHAPE_REPRESENTATION('propeller guard lw3',(#5303),#9183);
#5300=SHAPE_REPRESENTATION('Box',(#5303),#9184);
#5301=SHAPE_REPRESENTATION('Lid',(#5303),#9185);
#5302=SHAPE_REPRESENTATION('Part 1',(#5303),#9186);
#5303=AXIS2_PLACEMENT_3D('',#7281,#5809,#5810);
#5304=AXIS2_PLACEMENT_3D('',#7282,#5811,#5812);
#5305=AXIS2_PLACEMENT_3D('',#7291,#5814,#5815);
#5306=AXIS2_PLACEMENT_3D('',#7300,#5817,#5818);
#5307=AXIS2_PLACEMENT_3D('',#7301,#5819,#5820);
#5308=AXIS2_PLACEMENT_3D('',#7310,#5825,#5826);
#5309=AXIS2_PLACEMENT_3D('',#7319,#5831,#5832);
#5310=AXIS2_PLACEMENT_3D('',#7326,#5833,#5834);
#5311=AXIS2_PLACEMENT_3D('',#7343,#5836,#5837);
#5312=AXIS2_PLACEMENT_3D('',#7351,#5838,#5839);
#5313=AXIS2_PLACEMENT_3D('',#7357,#5843,#5844);
#5314=AXIS2_PLACEMENT_3D('',#7373,#5846,#5847);
#5315=AXIS2_PLACEMENT_3D('',#7397,#5849,#5850);
#5316=AXIS2_PLACEMENT_3D('',#7408,#5852,#5853);
#5317=AXIS2_PLACEMENT_3D('',#7420,#5855,#5856);
#5318=AXIS2_PLACEMENT_3D('',#7428,#5857,#5858);
#5319=AXIS2_PLACEMENT_3D('',#7437,#5863,#5864);
#5320=AXIS2_PLACEMENT_3D('',#7446,#5866,#5867);
#5321=AXIS2_PLACEMENT_3D('',#7455,#5869,#5870);
#5322=AXIS2_PLACEMENT_3D('',#7456,#5871,#5872);
#5323=AXIS2_PLACEMENT_3D('',#7465,#5877,#5878);
#5324=AXIS2_PLACEMENT_3D('',#7466,#5879,#5880);
#5325=AXIS2_PLACEMENT_3D('',#7468,#5881,#5882);
#5326=AXIS2_PLACEMENT_3D('',#7470,#5883,#5884);
#5327=AXIS2_PLACEMENT_3D('',#7471,#5885,#5886);
#5328=AXIS2_PLACEMENT_3D('',#7473,#5887,#5888);
#5329=AXIS2_PLACEMENT_3D('',#7475,#5889,#5890);
#5330=AXIS2_PLACEMENT_3D('',#7476,#5891,#5892);
#5331=AXIS2_PLACEMENT_3D('',#7478,#5893,#5894);
#5332=AXIS2_PLACEMENT_3D('',#7480,#5895,#5896);
#5333=AXIS2_PLACEMENT_3D('',#7481,#5897,#5898);
#5334=AXIS2_PLACEMENT_3D('',#7483,#5899,#5900);
#5335=AXIS2_PLACEMENT_3D('',#7485,#5901,#5902);
#5336=AXIS2_PLACEMENT_3D('',#7486,#5903,#5904);
#5337=AXIS2_PLACEMENT_3D('',#7488,#5905,#5906);
#5338=AXIS2_PLACEMENT_3D('',#7490,#5907,#5908);
#5339=AXIS2_PLACEMENT_3D('',#7499,#5913,#5914);
#5340=AXIS2_PLACEMENT_3D('',#7503,#5916,#5917);
#5341=AXIS2_PLACEMENT_3D('',#7520,#5920,#5921);
#5342=AXIS2_PLACEMENT_3D('',#7534,#5923,#5924);
#5343=AXIS2_PLACEMENT_3D('',#7535,#5925,#5926);
#5344=AXIS2_PLACEMENT_3D('',#7536,#5927,#5928);
#5345=AXIS2_PLACEMENT_3D('',#7537,#5929,#5930);
#5346=AXIS2_PLACEMENT_3D('',#7538,#5931,#5932);
#5347=AXIS2_PLACEMENT_3D('',#7541,#5934,#5935);
#5348=AXIS2_PLACEMENT_3D('',#7542,#5936,#5937);
#5349=AXIS2_PLACEMENT_3D('',#7543,#5938,#5939);
#5350=AXIS2_PLACEMENT_3D('',#7544,#5940,#5941);
#5351=AXIS2_PLACEMENT_3D('',#7547,#5943,#5944);
#5352=AXIS2_PLACEMENT_3D('',#7550,#5947,#5948);
#5353=AXIS2_PLACEMENT_3D('',#7562,#5949,#5950);
#5354=AXIS2_PLACEMENT_3D('',#7574,#5951,#5952);
#5355=AXIS2_PLACEMENT_3D('',#7586,#5953,#5954);
#5356=AXIS2_PLACEMENT_3D('',#7598,#5955,#5956);
#5357=AXIS2_PLACEMENT_3D('',#7599,#5957,#5958);
#5358=AXIS2_PLACEMENT_3D('',#7621,#5959,#5960);
#5359=AXIS2_PLACEMENT_3D('',#7622,#5961,#5962);
#5360=AXIS2_PLACEMENT_3D('',#7644,#5963,#5964);
#5361=AXIS2_PLACEMENT_3D('',#7645,#5965,#5966);
#5362=AXIS2_PLACEMENT_3D('',#7667,#5967,#5968);
#5363=AXIS2_PLACEMENT_3D('',#7668,#5969,#5970);
#5364=AXIS2_PLACEMENT_3D('',#7690,#5971,#5972);
#5365=AXIS2_PLACEMENT_3D('',#7691,#5973,#5974);
#5366=AXIS2_PLACEMENT_3D('',#7713,#5975,#5976);
#5367=AXIS2_PLACEMENT_3D('',#7714,#5977,#5978);
#5368=AXIS2_PLACEMENT_3D('',#7715,#5979,#5980);
#5369=AXIS2_PLACEMENT_3D('',#7737,#5981,#5982);
#5370=AXIS2_PLACEMENT_3D('',#7738,#5983,#5984);
#5371=AXIS2_PLACEMENT_3D('',#7743,#5985,#5986);
#5372=AXIS2_PLACEMENT_3D('',#7748,#5987,#5988);
#5373=AXIS2_PLACEMENT_3D('',#7770,#5989,#5990);
#5374=AXIS2_PLACEMENT_3D('',#7771,#5991,#5992);
#5375=AXIS2_PLACEMENT_3D('',#7772,#5993,#5994);
#5376=AXIS2_PLACEMENT_3D('',#7794,#5995,#5996);
#5377=AXIS2_PLACEMENT_3D('',#7795,#5997,#5998);
#5378=AXIS2_PLACEMENT_3D('',#7796,#5999,#6000);
#5379=AXIS2_PLACEMENT_3D('',#7797,#6001,#6002);
#5380=AXIS2_PLACEMENT_3D('',#7798,#6003,#6004);
#5381=AXIS2_PLACEMENT_3D('',#7799,#6005,#6006);
#5382=AXIS2_PLACEMENT_3D('',#7800,#6007,#6008);
#5383=AXIS2_PLACEMENT_3D('',#7801,#6009,#6010);
#5384=AXIS2_PLACEMENT_3D('',#7810,#6015,#6016);
#5385=AXIS2_PLACEMENT_3D('',#7816,#6019,#6020);
#5386=AXIS2_PLACEMENT_3D('',#7820,#6022,#6023);
#5387=AXIS2_PLACEMENT_3D('',#7824,#6025,#6026);
#5388=AXIS2_PLACEMENT_3D('',#7828,#6028,#6029);
#5389=AXIS2_PLACEMENT_3D('',#7843,#6037,#6038);
#5390=AXIS2_PLACEMENT_3D('',#7847,#6040,#6041);
#5391=AXIS2_PLACEMENT_3D('',#7851,#6043,#6044);
#5392=AXIS2_PLACEMENT_3D('',#7857,#6047,#6048);
#5393=AXIS2_PLACEMENT_3D('',#7861,#6050,#6051);
#5394=AXIS2_PLACEMENT_3D('',#7881,#6061,#6062);
#5395=AXIS2_PLACEMENT_3D('',#7885,#6064,#6065);
#5396=AXIS2_PLACEMENT_3D('',#7891,#6068,#6069);
#5397=AXIS2_PLACEMENT_3D('',#7895,#6071,#6072);
#5398=AXIS2_PLACEMENT_3D('',#7899,#6074,#6075);
#5399=AXIS2_PLACEMENT_3D('',#7903,#6077,#6078);
#5400=AXIS2_PLACEMENT_3D('',#7904,#6079,#6080);
#5401=AXIS2_PLACEMENT_3D('',#7910,#6084,#6085);
#5402=AXIS2_PLACEMENT_3D('',#7919,#6090,#6091);
#5403=AXIS2_PLACEMENT_3D('',#7931,#6097,#6098);
#5404=AXIS2_PLACEMENT_3D('',#7935,#6100,#6101);
#5405=AXIS2_PLACEMENT_3D('',#7947,#6107,#6108);
#5406=AXIS2_PLACEMENT_3D('',#7951,#6110,#6111);
#5407=AXIS2_PLACEMENT_3D('',#7957,#6115,#6116);
#5408=AXIS2_PLACEMENT_3D('',#7966,#6121,#6122);
#5409=AXIS2_PLACEMENT_3D('',#7975,#6127,#6128);
#5410=AXIS2_PLACEMENT_3D('',#7978,#6131,#6132);
#5411=AXIS2_PLACEMENT_3D('',#7987,#6137,#6138);
#5412=AXIS2_PLACEMENT_3D('',#7996,#6143,#6144);
#5413=AXIS2_PLACEMENT_3D('',#8005,#6149,#6150);
#5414=AXIS2_PLACEMENT_3D('',#8006,#6151,#6152);
#5415=AXIS2_PLACEMENT_3D('',#8007,#6153,#6154);
#5416=AXIS2_PLACEMENT_3D('',#8008,#6155,#6156);
#5417=AXIS2_PLACEMENT_3D('',#8009,#6157,#6158);
#5418=AXIS2_PLACEMENT_3D('',#8014,#6163,#6164);
#5419=AXIS2_PLACEMENT_3D('',#8023,#6169,#6170);
#5420=AXIS2_PLACEMENT_3D('',#8032,#6175,#6176);
#5421=AXIS2_PLACEMENT_3D('',#8039,#6181,#6182);
#5422=AXIS2_PLACEMENT_3D('',#8040,#6183,#6184);
#5423=AXIS2_PLACEMENT_3D('',#8044,#6188,#6189);
#5424=AXIS2_PLACEMENT_3D('',#8046,#6191,#6192);
#5425=AXIS2_PLACEMENT_3D('',#8047,#6193,#6194);
#5426=AXIS2_PLACEMENT_3D('',#8050,#6197,#6198);
#5427=AXIS2_PLACEMENT_3D('',#8053,#6201,#6202);
#5428=AXIS2_PLACEMENT_3D('',#8056,#6205,#6206);
#5429=AXIS2_PLACEMENT_3D('',#8057,#6207,#6208);
#5430=AXIS2_PLACEMENT_3D('',#8058,#6209,#6210);
#5431=AXIS2_PLACEMENT_3D('',#8059,#6211,#6212);
#5432=AXIS2_PLACEMENT_3D('',#8060,#6213,#6214);
#5433=AXIS2_PLACEMENT_3D('',#8061,#6215,#6216);
#5434=AXIS2_PLACEMENT_3D('',#8062,#6217,#6218);
#5435=AXIS2_PLACEMENT_3D('',#8068,#6222,#6223);
#5436=AXIS2_PLACEMENT_3D('',#8074,#6227,#6228);
#5437=AXIS2_PLACEMENT_3D('',#8075,#6229,#6230);
#5438=AXIS2_PLACEMENT_3D('',#8076,#6231,#6232);
#5439=AXIS2_PLACEMENT_3D('',#8077,#6233,#6234);
#5440=AXIS2_PLACEMENT_3D('',#8078,#6235,#6236);
#5441=AXIS2_PLACEMENT_3D('',#8081,#6239,#6240);
#5442=AXIS2_PLACEMENT_3D('',#8087,#6244,#6245);
#5443=AXIS2_PLACEMENT_3D('',#8090,#6248,#6249);
#5444=AXIS2_PLACEMENT_3D('',#8093,#6252,#6253);
#5445=AXIS2_PLACEMENT_3D('',#8094,#6254,#6255);
#5446=AXIS2_PLACEMENT_3D('',#8095,#6256,#6257);
#5447=AXIS2_PLACEMENT_3D('',#8096,#6258,#6259);
#5448=AXIS2_PLACEMENT_3D('',#8097,#6260,#6261);
#5449=AXIS2_PLACEMENT_3D('',#8098,#6262,#6263);
#5450=AXIS2_PLACEMENT_3D('',#8099,#6264,#6265);
#5451=AXIS2_PLACEMENT_3D('',#8100,#6266,#6267);
#5452=AXIS2_PLACEMENT_3D('',#8101,#6268,#6269);
#5453=AXIS2_PLACEMENT_3D('',#8102,#6270,#6271);
#5454=AXIS2_PLACEMENT_3D('',#8103,#6272,#6273);
#5455=AXIS2_PLACEMENT_3D('',#8104,#6274,#6275);
#5456=AXIS2_PLACEMENT_3D('',#8105,#6276,#6277);
#5457=AXIS2_PLACEMENT_3D('',#8106,#6278,#6279);
#5458=AXIS2_PLACEMENT_3D('',#8107,#6280,#6281);
#5459=AXIS2_PLACEMENT_3D('',#8108,#6282,#6283);
#5460=AXIS2_PLACEMENT_3D('',#8109,#6284,#6285);
#5461=AXIS2_PLACEMENT_3D('',#8110,#6286,#6287);
#5462=AXIS2_PLACEMENT_3D('',#8111,#6288,#6289);
#5463=AXIS2_PLACEMENT_3D('',#8112,#6290,#6291);
#5464=AXIS2_PLACEMENT_3D('',#8113,#6292,#6293);
#5465=AXIS2_PLACEMENT_3D('',#8114,#6294,#6295);
#5466=AXIS2_PLACEMENT_3D('',#8115,#6296,#6297);
#5467=AXIS2_PLACEMENT_3D('',#8116,#6298,#6299);
#5468=AXIS2_PLACEMENT_3D('',#8117,#6300,#6301);
#5469=AXIS2_PLACEMENT_3D('',#8118,#6302,#6303);
#5470=AXIS2_PLACEMENT_3D('',#8119,#6304,#6305);
#5471=AXIS2_PLACEMENT_3D('',#8120,#6306,#6307);
#5472=AXIS2_PLACEMENT_3D('',#8121,#6308,#6309);
#5473=AXIS2_PLACEMENT_3D('',#8122,#6310,#6311);
#5474=AXIS2_PLACEMENT_3D('',#8123,#6312,#6313);
#5475=AXIS2_PLACEMENT_3D('',#8124,#6314,#6315);
#5476=AXIS2_PLACEMENT_3D('',#8125,#6316,#6317);
#5477=AXIS2_PLACEMENT_3D('',#8126,#6318,#6319);
#5478=AXIS2_PLACEMENT_3D('',#8127,#6320,#6321);
#5479=AXIS2_PLACEMENT_3D('',#8128,#6322,#6323);
#5480=AXIS2_PLACEMENT_3D('',#8129,#6324,#6325);
#5481=AXIS2_PLACEMENT_3D('',#8130,#6326,#6327);
#5482=AXIS2_PLACEMENT_3D('',#8131,#6328,#6329);
#5483=AXIS2_PLACEMENT_3D('',#8132,#6330,#6331);
#5484=AXIS2_PLACEMENT_3D('',#8141,#6332,#6333);
#5485=AXIS2_PLACEMENT_3D('',#8145,#6336,#6337);
#5486=AXIS2_PLACEMENT_3D('',#8149,#6340,#6341);
#5487=AXIS2_PLACEMENT_3D('',#8151,#6343,#6344);
#5488=AXIS2_PLACEMENT_3D('',#8155,#6347,#6348);
#5489=AXIS2_PLACEMENT_3D('',#8159,#6351,#6352);
#5490=AXIS2_PLACEMENT_3D('',#8165,#6356,#6357);
#5491=AXIS2_PLACEMENT_3D('',#8166,#6358,#6359);
#5492=AXIS2_PLACEMENT_3D('',#8172,#6363,#6364);
#5493=AXIS2_PLACEMENT_3D('',#8173,#6365,#6366);
#5494=AXIS2_PLACEMENT_3D('',#8174,#6367,#6368);
#5495=AXIS2_PLACEMENT_3D('',#8175,#6369,#6370);
#5496=AXIS2_PLACEMENT_3D('',#8176,#6371,#6372);
#5497=AXIS2_PLACEMENT_3D('',#8177,#6373,#6374);
#5498=AXIS2_PLACEMENT_3D('',#8178,#6375,#6376);
#5499=AXIS2_PLACEMENT_3D('',#8179,#6377,#6378);
#5500=AXIS2_PLACEMENT_3D('',#8180,#6379,#6380);
#5501=AXIS2_PLACEMENT_3D('',#8181,#6381,#6382);
#5502=AXIS2_PLACEMENT_3D('',#8182,#6383,#6384);
#5503=AXIS2_PLACEMENT_3D('',#8183,#6385,#6386);
#5504=AXIS2_PLACEMENT_3D('',#8184,#6387,#6388);
#5505=AXIS2_PLACEMENT_3D('',#8185,#6389,#6390);
#5506=AXIS2_PLACEMENT_3D('',#8186,#6391,#6392);
#5507=AXIS2_PLACEMENT_3D('',#8187,#6393,#6394);
#5508=AXIS2_PLACEMENT_3D('',#8188,#6395,#6396);
#5509=AXIS2_PLACEMENT_3D('',#8189,#6397,#6398);
#5510=AXIS2_PLACEMENT_3D('',#8190,#6399,#6400);
#5511=AXIS2_PLACEMENT_3D('',#8191,#6401,#6402);
#5512=AXIS2_PLACEMENT_3D('',#8195,#6404,#6405);
#5513=AXIS2_PLACEMENT_3D('',#8199,#6407,#6408);
#5514=AXIS2_PLACEMENT_3D('',#8203,#6410,#6411);
#5515=AXIS2_PLACEMENT_3D('',#8207,#6413,#6414);
#5516=AXIS2_PLACEMENT_3D('',#8232,#6427,#6428);
#5517=AXIS2_PLACEMENT_3D('',#8242,#6433,#6434);
#5518=AXIS2_PLACEMENT_3D('',#8246,#6436,#6437);
#5519=AXIS2_PLACEMENT_3D('',#8249,#6439,#6440);
#5520=AXIS2_PLACEMENT_3D('',#8263,#6448,#6449);
#5521=AXIS2_PLACEMENT_3D('',#8272,#6454,#6455);
#5522=AXIS2_PLACEMENT_3D('',#8278,#6459,#6460);
#5523=AXIS2_PLACEMENT_3D('',#8287,#6465,#6466);
#5524=AXIS2_PLACEMENT_3D('',#8293,#6470,#6471);
#5525=AXIS2_PLACEMENT_3D('',#8299,#6475,#6476);
#5526=AXIS2_PLACEMENT_3D('',#8303,#6479,#6480);
#5527=AXIS2_PLACEMENT_3D('',#8316,#6488,#6489);
#5528=AXIS2_PLACEMENT_3D('',#8351,#6492,#6493);
#5529=AXIS2_PLACEMENT_3D('',#8386,#6496,#6497);
#5530=AXIS2_PLACEMENT_3D('',#8387,#6498,#6499);
#5531=AXIS2_PLACEMENT_3D('',#8388,#6500,#6501);
#5532=AXIS2_PLACEMENT_3D('',#8389,#6502,#6503);
#5533=AXIS2_PLACEMENT_3D('',#8390,#6504,#6505);
#5534=AXIS2_PLACEMENT_3D('',#8414,#6506,#6507);
#5535=AXIS2_PLACEMENT_3D('',#8416,#6509,#6510);
#5536=AXIS2_PLACEMENT_3D('',#8417,#6511,#6512);
#5537=AXIS2_PLACEMENT_3D('',#8418,#6513,#6514);
#5538=AXIS2_PLACEMENT_3D('',#8442,#6515,#6516);
#5539=AXIS2_PLACEMENT_3D('',#8443,#6517,#6518);
#5540=AXIS2_PLACEMENT_3D('',#8445,#6519,#6520);
#5541=AXIS2_PLACEMENT_3D('',#8447,#6521,#6522);
#5542=AXIS2_PLACEMENT_3D('',#8448,#6523,#6524);
#5543=AXIS2_PLACEMENT_3D('',#8450,#6525,#6526);
#5544=AXIS2_PLACEMENT_3D('',#8452,#6527,#6528);
#5545=AXIS2_PLACEMENT_3D('',#8453,#6529,#6530);
#5546=AXIS2_PLACEMENT_3D('',#8454,#6531,#6532);
#5547=AXIS2_PLACEMENT_3D('',#8456,#6533,#6534);
#5548=AXIS2_PLACEMENT_3D('',#8458,#6535,#6536);
#5549=AXIS2_PLACEMENT_3D('',#8459,#6537,#6538);
#5550=AXIS2_PLACEMENT_3D('',#8461,#6539,#6540);
#5551=AXIS2_PLACEMENT_3D('',#8463,#6541,#6542);
#5552=AXIS2_PLACEMENT_3D('',#8464,#6543,#6544);
#5553=AXIS2_PLACEMENT_3D('',#8465,#6545,#6546);
#5554=AXIS2_PLACEMENT_3D('',#8466,#6547,#6548);
#5555=AXIS2_PLACEMENT_3D('',#8468,#6549,#6550);
#5556=AXIS2_PLACEMENT_3D('',#8470,#6551,#6552);
#5557=AXIS2_PLACEMENT_3D('',#8471,#6553,#6554);
#5558=AXIS2_PLACEMENT_3D('',#8473,#6555,#6556);
#5559=AXIS2_PLACEMENT_3D('',#8475,#6557,#6558);
#5560=AXIS2_PLACEMENT_3D('',#8476,#6559,#6560);
#5561=AXIS2_PLACEMENT_3D('',#8477,#6561,#6562);
#5562=AXIS2_PLACEMENT_3D('',#8479,#6563,#6564);
#5563=AXIS2_PLACEMENT_3D('',#8481,#6565,#6566);
#5564=AXIS2_PLACEMENT_3D('',#8482,#6567,#6568);
#5565=AXIS2_PLACEMENT_3D('',#8484,#6569,#6570);
#5566=AXIS2_PLACEMENT_3D('',#8486,#6571,#6572);
#5567=AXIS2_PLACEMENT_3D('',#8487,#6573,#6574);
#5568=AXIS2_PLACEMENT_3D('',#8488,#6575,#6576);
#5569=AXIS2_PLACEMENT_3D('',#8489,#6577,#6578);
#5570=AXIS2_PLACEMENT_3D('',#8490,#6579,#6580);
#5571=AXIS2_PLACEMENT_3D('',#8491,#6581,#6582);
#5572=AXIS2_PLACEMENT_3D('',#8492,#6583,#6584);
#5573=AXIS2_PLACEMENT_3D('',#8493,#6585,#6586);
#5574=AXIS2_PLACEMENT_3D('',#8494,#6587,#6588);
#5575=AXIS2_PLACEMENT_3D('',#8495,#6589,#6590);
#5576=AXIS2_PLACEMENT_3D('',#8496,#6591,#6592);
#5577=AXIS2_PLACEMENT_3D('',#8497,#6593,#6594);
#5578=AXIS2_PLACEMENT_3D('',#8498,#6595,#6596);
#5579=AXIS2_PLACEMENT_3D('',#8504,#6600,#6601);
#5580=AXIS2_PLACEMENT_3D('',#8508,#6604,#6605);
#5581=AXIS2_PLACEMENT_3D('',#8512,#6608,#6609);
#5582=AXIS2_PLACEMENT_3D('',#8514,#6611,#6612);
#5583=AXIS2_PLACEMENT_3D('',#8515,#6613,#6614);
#5584=AXIS2_PLACEMENT_3D('',#8521,#6618,#6619);
#5585=AXIS2_PLACEMENT_3D('',#8529,#6624,#6625);
#5586=AXIS2_PLACEMENT_3D('',#8533,#6628,#6629);
#5587=AXIS2_PLACEMENT_3D('',#8537,#6632,#6633);
#5588=AXIS2_PLACEMENT_3D('',#8541,#6636,#6637);
#5589=AXIS2_PLACEMENT_3D('',#8549,#6642,#6643);
#5590=AXIS2_PLACEMENT_3D('',#8553,#6646,#6647);
#5591=AXIS2_PLACEMENT_3D('',#8561,#6652,#6653);
#5592=AXIS2_PLACEMENT_3D('',#8565,#6656,#6657);
#5593=AXIS2_PLACEMENT_3D('',#8569,#6660,#6661);
#5594=AXIS2_PLACEMENT_3D('',#8573,#6664,#6665);
#5595=AXIS2_PLACEMENT_3D('',#8579,#6669,#6670);
#5596=AXIS2_PLACEMENT_3D('',#8585,#6674,#6675);
#5597=AXIS2_PLACEMENT_3D('',#8591,#6679,#6680);
#5598=AXIS2_PLACEMENT_3D('',#8595,#6683,#6684);
#5599=AXIS2_PLACEMENT_3D('',#8599,#6687,#6688);
#5600=AXIS2_PLACEMENT_3D('',#8601,#6690,#6691);
#5601=AXIS2_PLACEMENT_3D('',#8605,#6694,#6695);
#5602=AXIS2_PLACEMENT_3D('',#8609,#6698,#6699);
#5603=AXIS2_PLACEMENT_3D('',#8611,#6701,#6702);
#5604=AXIS2_PLACEMENT_3D('',#8612,#6703,#6704);
#5605=AXIS2_PLACEMENT_3D('',#8613,#6705,#6706);
#5606=AXIS2_PLACEMENT_3D('',#8614,#6707,#6708);
#5607=AXIS2_PLACEMENT_3D('',#8615,#6709,#6710);
#5608=AXIS2_PLACEMENT_3D('',#8616,#6711,#6712);
#5609=AXIS2_PLACEMENT_3D('',#8618,#6713,#6714);
#5610=AXIS2_PLACEMENT_3D('',#8620,#6715,#6716);
#5611=AXIS2_PLACEMENT_3D('',#8629,#6721,#6722);
#5612=AXIS2_PLACEMENT_3D('',#8635,#6726,#6727);
#5613=AXIS2_PLACEMENT_3D('',#8644,#6732,#6733);
#5614=AXIS2_PLACEMENT_3D('',#8650,#6737,#6738);
#5615=AXIS2_PLACEMENT_3D('',#8653,#6741,#6742);
#5616=AXIS2_PLACEMENT_3D('',#8656,#6745,#6746);
#5617=AXIS2_PLACEMENT_3D('',#8657,#6747,#6748);
#5618=AXIS2_PLACEMENT_3D('',#8658,#6749,#6750);
#5619=AXIS2_PLACEMENT_3D('',#8660,#6751,#6752);
#5620=AXIS2_PLACEMENT_3D('',#8662,#6753,#6754);
#5621=AXIS2_PLACEMENT_3D('',#8667,#6756,#6757);
#5622=AXIS2_PLACEMENT_3D('',#8671,#6759,#6760);
#5623=AXIS2_PLACEMENT_3D('',#8675,#6762,#6763);
#5624=AXIS2_PLACEMENT_3D('',#8678,#6765,#6766);
#5625=AXIS2_PLACEMENT_3D('',#8680,#6767,#6768);
#5626=AXIS2_PLACEMENT_3D('',#8682,#6769,#6770);
#5627=AXIS2_PLACEMENT_3D('',#8684,#6771,#6772);
#5628=AXIS2_PLACEMENT_3D('',#8686,#6773,#6774);
#5629=AXIS2_PLACEMENT_3D('',#8691,#6776,#6777);
#5630=AXIS2_PLACEMENT_3D('',#8695,#6779,#6780);
#5631=AXIS2_PLACEMENT_3D('',#8697,#6781,#6782);
#5632=AXIS2_PLACEMENT_3D('',#8701,#6784,#6785);
#5633=AXIS2_PLACEMENT_3D('',#8705,#6787,#6788);
#5634=AXIS2_PLACEMENT_3D('',#8709,#6790,#6791);
#5635=AXIS2_PLACEMENT_3D('',#8711,#6792,#6793);
#5636=AXIS2_PLACEMENT_3D('',#8715,#6795,#6796);
#5637=AXIS2_PLACEMENT_3D('',#8719,#6798,#6799);
#5638=AXIS2_PLACEMENT_3D('',#8723,#6801,#6802);
#5639=AXIS2_PLACEMENT_3D('',#8725,#6803,#6804);
#5640=AXIS2_PLACEMENT_3D('',#8729,#6806,#6807);
#5641=AXIS2_PLACEMENT_3D('',#8733,#6809,#6810);
#5642=AXIS2_PLACEMENT_3D('',#8737,#6812,#6813);
#5643=AXIS2_PLACEMENT_3D('',#8739,#6814,#6815);
#5644=AXIS2_PLACEMENT_3D('',#8743,#6817,#6818);
#5645=AXIS2_PLACEMENT_3D('',#8744,#6819,#6820);
#5646=AXIS2_PLACEMENT_3D('',#8746,#6821,#6822);
#5647=AXIS2_PLACEMENT_3D('',#8748,#6823,#6824);
#5648=AXIS2_PLACEMENT_3D('',#8750,#6825,#6826);
#5649=AXIS2_PLACEMENT_3D('',#8752,#6827,#6828);
#5650=AXIS2_PLACEMENT_3D('',#8754,#6829,#6830);
#5651=AXIS2_PLACEMENT_3D('',#8756,#6831,#6832);
#5652=AXIS2_PLACEMENT_3D('',#8758,#6833,#6834);
#5653=AXIS2_PLACEMENT_3D('',#8760,#6835,#6836);
#5654=AXIS2_PLACEMENT_3D('',#8762,#6837,#6838);
#5655=AXIS2_PLACEMENT_3D('',#8764,#6839,#6840);
#5656=AXIS2_PLACEMENT_3D('',#8766,#6841,#6842);
#5657=AXIS2_PLACEMENT_3D('',#8768,#6843,#6844);
#5658=AXIS2_PLACEMENT_3D('',#8770,#6845,#6846);
#5659=AXIS2_PLACEMENT_3D('',#8772,#6847,#6848);
#5660=AXIS2_PLACEMENT_3D('',#8774,#6849,#6850);
#5661=AXIS2_PLACEMENT_3D('',#8776,#6851,#6852);
#5662=AXIS2_PLACEMENT_3D('',#8790,#6859,#6860);
#5663=AXIS2_PLACEMENT_3D('',#8803,#6867,#6868);
#5664=AXIS2_PLACEMENT_3D('',#8809,#6872,#6873);
#5665=AXIS2_PLACEMENT_3D('',#8824,#6882,#6883);
#5666=AXIS2_PLACEMENT_3D('',#8831,#6887,#6888);
#5667=AXIS2_PLACEMENT_3D('',#8832,#6889,#6890);
#5668=AXIS2_PLACEMENT_3D('',#8840,#6894,#6895);
#5669=AXIS2_PLACEMENT_3D('',#8844,#6897,#6898);
#5670=AXIS2_PLACEMENT_3D('',#8845,#6899,#6900);
#5671=AXIS2_PLACEMENT_3D('',#8851,#6903,#6904);
#5672=AXIS2_PLACEMENT_3D('',#8855,#6906,#6907);
#5673=AXIS2_PLACEMENT_3D('',#8858,#6909,#6910);
#5674=AXIS2_PLACEMENT_3D('',#8859,#6911,#6912);
#5675=AXIS2_PLACEMENT_3D('',#8863,#6914,#6915);
#5676=AXIS2_PLACEMENT_3D('',#8868,#6918,#6919);
#5677=AXIS2_PLACEMENT_3D('',#8874,#6922,#6923);
#5678=AXIS2_PLACEMENT_3D('',#8878,#6925,#6926);
#5679=AXIS2_PLACEMENT_3D('',#8881,#6928,#6929);
#5680=AXIS2_PLACEMENT_3D('',#8885,#6932,#6933);
#5681=AXIS2_PLACEMENT_3D('',#8893,#6937,#6938);
#5682=AXIS2_PLACEMENT_3D('',#8894,#6939,#6940);
#5683=AXIS2_PLACEMENT_3D('',#8898,#6943,#6944);
#5684=AXIS2_PLACEMENT_3D('',#8906,#6948,#6949);
#5685=AXIS2_PLACEMENT_3D('',#8907,#6950,#6951);
#5686=AXIS2_PLACEMENT_3D('',#8910,#6953,#6954);
#5687=AXIS2_PLACEMENT_3D('',#8913,#6956,#6957);
#5688=AXIS2_PLACEMENT_3D('',#8914,#6958,#6959);
#5689=AXIS2_PLACEMENT_3D('',#8919,#6962,#6963);
#5690=AXIS2_PLACEMENT_3D('',#8922,#6965,#6966);
#5691=AXIS2_PLACEMENT_3D('',#8925,#6968,#6969);
#5692=AXIS2_PLACEMENT_3D('',#8926,#6970,#6971);
#5693=AXIS2_PLACEMENT_3D('',#8931,#6974,#6975);
#5694=AXIS2_PLACEMENT_3D('',#8936,#6979,#6980);
#5695=AXIS2_PLACEMENT_3D('',#8939,#6983,#6984);
#5696=AXIS2_PLACEMENT_3D('',#8942,#6987,#6988);
#5697=AXIS2_PLACEMENT_3D('',#8947,#6992,#6993);
#5698=AXIS2_PLACEMENT_3D('',#8948,#6994,#6995);
#5699=AXIS2_PLACEMENT_3D('',#8950,#6996,#6997);
#5700=AXIS2_PLACEMENT_3D('',#8952,#6998,#6999);
#5701=AXIS2_PLACEMENT_3D('',#8954,#7000,#7001);
#5702=AXIS2_PLACEMENT_3D('',#8956,#7002,#7003);
#5703=AXIS2_PLACEMENT_3D('',#8958,#7004,#7005);
#5704=AXIS2_PLACEMENT_3D('',#8960,#7006,#7007);
#5705=AXIS2_PLACEMENT_3D('',#8961,#7008,#7009);
#5706=AXIS2_PLACEMENT_3D('',#8962,#7010,#7011);
#5707=AXIS2_PLACEMENT_3D('',#8963,#7012,#7013);
#5708=AXIS2_PLACEMENT_3D('',#8964,#7014,#7015);
#5709=AXIS2_PLACEMENT_3D('',#8965,#7016,#7017);
#5710=AXIS2_PLACEMENT_3D('',#8966,#7018,#7019);
#5711=AXIS2_PLACEMENT_3D('',#8968,#7021,#7022);
#5712=AXIS2_PLACEMENT_3D('',#8969,#7023,#7024);
#5713=AXIS2_PLACEMENT_3D('',#8977,#7029,#7030);
#5714=AXIS2_PLACEMENT_3D('',#8980,#7033,#7034);
#5715=AXIS2_PLACEMENT_3D('',#8988,#7039,#7040);
#5716=AXIS2_PLACEMENT_3D('',#8989,#7041,#7042);
#5717=AXIS2_PLACEMENT_3D('',#8991,#7043,#7044);
#5718=AXIS2_PLACEMENT_3D('',#8993,#7045,#7046);
#5719=AXIS2_PLACEMENT_3D('',#8995,#7047,#7048);
#5720=AXIS2_PLACEMENT_3D('',#8997,#7049,#7050);
#5721=AXIS2_PLACEMENT_3D('',#8999,#7051,#7052);
#5722=AXIS2_PLACEMENT_3D('',#9002,#7054,#7055);
#5723=AXIS2_PLACEMENT_3D('',#9003,#7056,#7057);
#5724=AXIS2_PLACEMENT_3D('',#9007,#7060,#7061);
#5725=AXIS2_PLACEMENT_3D('',#9008,#7062,#7063);
#5726=AXIS2_PLACEMENT_3D('',#9009,#7064,#7065);
#5727=AXIS2_PLACEMENT_3D('',#9010,#7066,#7067);
#5728=AXIS2_PLACEMENT_3D('',#9011,#7068,#7069);
#5729=AXIS2_PLACEMENT_3D('',#9012,#7070,#7071);
#5730=AXIS2_PLACEMENT_3D('',#9013,#7072,#7073);
#5731=AXIS2_PLACEMENT_3D('',#9014,#7074,#7075);
#5732=AXIS2_PLACEMENT_3D('',#9016,#7077,#7078);
#5733=AXIS2_PLACEMENT_3D('',#9017,#7079,#7080);
#5734=AXIS2_PLACEMENT_3D('',#9022,#7084,#7085);
#5735=AXIS2_PLACEMENT_3D('',#9027,#7089,#7090);
#5736=AXIS2_PLACEMENT_3D('',#9028,#7091,#7092);
#5737=AXIS2_PLACEMENT_3D('',#9030,#7093,#7094);
#5738=AXIS2_PLACEMENT_3D('',#9032,#7095,#7096);
#5739=AXIS2_PLACEMENT_3D('',#9034,#7097,#7098);
#5740=AXIS2_PLACEMENT_3D('',#9036,#7099,#7100);
#5741=AXIS2_PLACEMENT_3D('',#9038,#7101,#7102);
#5742=AXIS2_PLACEMENT_3D('',#9040,#7103,#7104);
#5743=AXIS2_PLACEMENT_3D('',#9041,#7105,#7106);
#5744=AXIS2_PLACEMENT_3D('',#9042,#7107,#7108);
#5745=AXIS2_PLACEMENT_3D('',#9043,#7109,#7110);
#5746=AXIS2_PLACEMENT_3D('',#9044,#7111,#7112);
#5747=AXIS2_PLACEMENT_3D('',#9045,#7113,#7114);
#5748=AXIS2_PLACEMENT_3D('',#9046,#7115,#7116);
#5749=AXIS2_PLACEMENT_3D('',#9048,#7118,#7119);
#5750=AXIS2_PLACEMENT_3D('',#9049,#7120,#7121);
#5751=AXIS2_PLACEMENT_3D('',#9057,#7126,#7127);
#5752=AXIS2_PLACEMENT_3D('',#9065,#7132,#7133);
#5753=AXIS2_PLACEMENT_3D('',#9066,#7134,#7135);
#5754=AXIS2_PLACEMENT_3D('',#9068,#7136,#7137);
#5755=AXIS2_PLACEMENT_3D('',#9070,#7138,#7139);
#5756=AXIS2_PLACEMENT_3D('',#9072,#7140,#7141);
#5757=AXIS2_PLACEMENT_3D('',#9074,#7142,#7143);
#5758=AXIS2_PLACEMENT_3D('',#9076,#7144,#7145);
#5759=AXIS2_PLACEMENT_3D('',#9078,#7146,#7147);
#5760=AXIS2_PLACEMENT_3D('',#9080,#7149,#7150);
#5761=AXIS2_PLACEMENT_3D('',#9084,#7153,#7154);
#5762=AXIS2_PLACEMENT_3D('',#9085,#7155,#7156);
#5763=AXIS2_PLACEMENT_3D('',#9086,#7157,#7158);
#5764=AXIS2_PLACEMENT_3D('',#9087,#7159,#7160);
#5765=AXIS2_PLACEMENT_3D('',#9088,#7161,#7162);
#5766=AXIS2_PLACEMENT_3D('',#9089,#7163,#7164);
#5767=AXIS2_PLACEMENT_3D('',#9090,#7165,#7166);
#5768=AXIS2_PLACEMENT_3D('',#9091,#7167,#7168);
#5769=AXIS2_PLACEMENT_3D('',#9093,#7170,#7171);
#5770=AXIS2_PLACEMENT_3D('',#9094,#7172,#7173);
#5771=AXIS2_PLACEMENT_3D('',#9101,#7178,#7179);
#5772=AXIS2_PLACEMENT_3D('',#9106,#7183,#7184);
#5773=AXIS2_PLACEMENT_3D('',#9111,#7188,#7189);
#5774=AXIS2_PLACEMENT_3D('',#9119,#7195,#7196);
#5775=AXIS2_PLACEMENT_3D('',#9120,#7197,#7198);
#5776=AXIS2_PLACEMENT_3D('',#9122,#7199,#7200);
#5777=AXIS2_PLACEMENT_3D('',#9123,#7201,#7202);
#5778=AXIS2_PLACEMENT_3D('',#9125,#7203,#7204);
#5779=AXIS2_PLACEMENT_3D('',#9126,#7205,#7206);
#5780=AXIS2_PLACEMENT_3D('',#9128,#7207,#7208);
#5781=AXIS2_PLACEMENT_3D('',#9129,#7209,#7210);
#5782=AXIS2_PLACEMENT_3D('',#9131,#7211,#7212);
#5783=AXIS2_PLACEMENT_3D('',#9132,#7213,#7214);
#5784=AXIS2_PLACEMENT_3D('',#9133,#7215,#7216);
#5785=AXIS2_PLACEMENT_3D('',#9134,#7217,#7218);
#5786=AXIS2_PLACEMENT_3D('',#9135,#7219,#7220);
#5787=AXIS2_PLACEMENT_3D('',#9136,#7221,#7222);
#5788=AXIS2_PLACEMENT_3D('',#9137,#7223,#7224);
#5789=AXIS2_PLACEMENT_3D('',#9138,#7225,#7226);
#5790=AXIS2_PLACEMENT_3D('',#9139,#7227,#7228);
#5791=AXIS2_PLACEMENT_3D('',#9140,#7229,#7230);
#5792=AXIS2_PLACEMENT_3D('',#9141,#7231,#7232);
#5793=AXIS2_PLACEMENT_3D('',#9142,#7233,#7234);
#5794=AXIS2_PLACEMENT_3D('',#9143,#7235,#7236);
#5795=AXIS2_PLACEMENT_3D('',#9146,#7239,#7240);
#5796=AXIS2_PLACEMENT_3D('',#9148,#7242,#7243);
#5797=AXIS2_PLACEMENT_3D('',#9149,#7244,#7245);
#5798=AXIS2_PLACEMENT_3D('',#9151,#7247,#7248);
#5799=AXIS2_PLACEMENT_3D('',#9152,#7249,#7250);
#5800=AXIS2_PLACEMENT_3D('',#9158,#7254,#7255);
#5801=AXIS2_PLACEMENT_3D('',#9162,#7258,#7259);
#5802=AXIS2_PLACEMENT_3D('',#9166,#7262,#7263);
#5803=AXIS2_PLACEMENT_3D('',#9170,#7266,#7267);
#5804=AXIS2_PLACEMENT_3D('',#9174,#7270,#7271);
#5805=AXIS2_PLACEMENT_3D('',#9176,#7273,#7274);
#5806=AXIS2_PLACEMENT_3D('',#9177,#7275,#7276);
#5807=AXIS2_PLACEMENT_3D('',#9179,#7277,#7278);
#5808=AXIS2_PLACEMENT_3D('',#9180,#7279,#7280);
#5809=DIRECTION('',(0.,0.,1.));
#5810=DIRECTION('',(1.,0.,0.));
#5811=DIRECTION('',(0.,0.,-1.));
#5812=DIRECTION('',(-1.,0.,0.));
#5813=DIRECTION('',(0.,0.,-1.));
#5814=DIRECTION('',(0.,0.,1.));
#5815=DIRECTION('',(1.,0.,0.));
#5816=DIRECTION('',(0.,0.,-1.));
#5817=DIRECTION('',(0.,0.,1.));
#5818=DIRECTION('',(1.,0.,0.));
#5819=DIRECTION('',(-0.707106781186547,-0.707106781186548,0.));
#5820=DIRECTION('',(0.707106781186548,-0.707106781186547,0.));
#5821=DIRECTION('',(-0.707106781186548,0.707106781186547,0.));
#5822=DIRECTION('',(0.,0.,1.));
#5823=DIRECTION('',(-0.707106781186548,0.707106781186547,0.));
#5824=DIRECTION('',(0.,0.,-1.));
#5825=DIRECTION('',(-0.707106781186548,-0.707106781186548,0.));
#5826=DIRECTION('',(0.707106781186548,-0.707106781186548,0.));
#5827=DIRECTION('',(0.,0.,-1.));
#5828=DIRECTION('',(-0.707106781186548,0.707106781186548,0.));
#5829=DIRECTION('',(0.,0.,-1.));
#5830=DIRECTION('',(-0.707106781186548,0.707106781186548,0.));
#5831=DIRECTION('',(0.,0.,-1.));
#5832=DIRECTION('',(-1.,0.,0.));
#5833=DIRECTION('',(0.,0.,1.));
#5834=DIRECTION('',(1.,0.,0.));
#5835=DIRECTION('',(0.,0.,-1.));
#5836=DIRECTION('',(0.,0.,1.));
#5837=DIRECTION('',(1.,0.,0.));
#5838=DIRECTION('',(0.707106781186548,-0.707106781186548,0.));
#5839=DIRECTION('',(0.707106781186548,0.707106781186548,0.));
#5840=DIRECTION('',(-0.707106781186548,-0.707106781186548,0.));
#5841=DIRECTION('',(0.,0.,-1.));
#5842=DIRECTION('',(-0.707106781186548,-0.707106781186548,0.));
#5843=DIRECTION('',(0.,0.,-1.));
#5844=DIRECTION('',(-1.,0.,0.));
#5845=DIRECTION('',(0.,0.,-1.));
#5846=DIRECTION('',(0.,0.,1.));
#5847=DIRECTION('',(1.,0.,0.));
#5848=DIRECTION('',(0.,0.,-1.));
#5849=DIRECTION('',(0.,0.,1.));
#5850=DIRECTION('',(1.,0.,0.));
#5851=DIRECTION('',(0.,0.,-1.));
#5852=DIRECTION('',(0.,0.,1.));
#5853=DIRECTION('',(1.,0.,0.));
#5854=DIRECTION('',(0.,0.,-1.));
#5855=DIRECTION('',(0.,0.,1.));
#5856=DIRECTION('',(1.,0.,0.));
#5857=DIRECTION('',(-0.707106781186548,-0.707106781186548,0.));
#5858=DIRECTION('',(0.707106781186548,-0.707106781186548,0.));
#5859=DIRECTION('',(-0.707106781186548,0.707106781186548,0.));
#5860=DIRECTION('',(0.,0.,-1.));
#5861=DIRECTION('',(-0.707106781186548,0.707106781186548,0.));
#5862=DIRECTION('',(0.,0.,1.));
#5863=DIRECTION('',(0.,0.,-1.));
#5864=DIRECTION('',(-1.,0.,0.));
#5865=DIRECTION('',(0.,0.,-1.));
#5866=DIRECTION('',(0.,0.,1.));
#5867=DIRECTION('',(1.,0.,0.));
#5868=DIRECTION('',(0.,0.,-1.));
#5869=DIRECTION('',(0.,0.,1.));
#5870=DIRECTION('',(1.,0.,0.));
#5871=DIRECTION('',(0.707106781186548,-0.707106781186548,0.));
#5872=DIRECTION('',(0.707106781186548,0.707106781186548,0.));
#5873=DIRECTION('',(-0.707106781186548,-0.707106781186548,0.));
#5874=DIRECTION('',(0.,0.,1.));
#5875=DIRECTION('',(-0.707106781186548,-0.707106781186548,0.));
#5876=DIRECTION('',(0.,0.,-1.));
#5877=DIRECTION('',(0.,0.,-1.));
#5878=DIRECTION('',(-1.,0.,0.));
#5879=DIRECTION('',(0.,0.,1.));
#5880=DIRECTION('',(1.,0.,0.));
#5881=DIRECTION('',(0.,0.,1.));
#5882=DIRECTION('',(1.,0.,0.));
#5883=DIRECTION('',(0.,0.,-1.));
#5884=DIRECTION('',(-1.,0.,0.));
#5885=DIRECTION('',(0.,0.,1.));
#5886=DIRECTION('',(1.,0.,0.));
#5887=DIRECTION('',(0.,0.,1.));
#5888=DIRECTION('',(1.,0.,0.));
#5889=DIRECTION('',(0.,0.,-1.));
#5890=DIRECTION('',(-1.,0.,0.));
#5891=DIRECTION('',(0.,0.,1.));
#5892=DIRECTION('',(1.,0.,0.));
#5893=DIRECTION('',(0.,0.,1.));
#5894=DIRECTION('',(1.,0.,0.));
#5895=DIRECTION('',(0.,0.,-1.));
#5896=DIRECTION('',(-1.,0.,0.));
#5897=DIRECTION('',(0.,0.,1.));
#5898=DIRECTION('',(1.,0.,0.));
#5899=DIRECTION('',(0.,0.,1.));
#5900=DIRECTION('',(1.,0.,0.));
#5901=DIRECTION('',(0.,0.,-1.));
#5902=DIRECTION('',(-1.,0.,0.));
#5903=DIRECTION('',(0.,0.,1.));
#5904=DIRECTION('',(1.,0.,0.));
#5905=DIRECTION('',(0.,0.,1.));
#5906=DIRECTION('',(1.,0.,0.));
#5907=DIRECTION('',(0.707106781186547,-0.707106781186548,0.));
#5908=DIRECTION('',(0.707106781186548,0.707106781186547,0.));
#5909=DIRECTION('',(-0.707106781186548,-0.707106781186547,0.));
#5910=DIRECTION('',(0.,0.,-1.));
#5911=DIRECTION('',(-0.707106781186548,-0.707106781186547,0.));
#5912=DIRECTION('',(0.,0.,1.));
#5913=DIRECTION('',(0.,0.,1.));
#5914=DIRECTION('',(1.,0.,0.));
#5915=DIRECTION('',(-0.707106781186548,-0.707106781186548,0.));
#5916=DIRECTION('',(0.,0.,1.));
#5917=DIRECTION('',(1.,0.,0.));
#5918=DIRECTION('',(-0.707106781186548,-0.707106781186547,0.));
#5919=DIRECTION('',(-0.707106781186548,0.707106781186547,0.));
#5920=DIRECTION('',(0.,0.,1.));
#5921=DIRECTION('',(1.,0.,0.));
#5922=DIRECTION('',(-0.707106781186548,0.707106781186548,0.));
#5923=DIRECTION('',(0.,0.,1.));
#5924=DIRECTION('',(1.,0.,0.));
#5925=DIRECTION('',(0.,0.,1.));
#5926=DIRECTION('',(1.,0.,0.));
#5927=DIRECTION('',(0.,0.,1.));
#5928=DIRECTION('',(1.,0.,0.));
#5929=DIRECTION('',(0.,0.,1.));
#5930=DIRECTION('',(1.,0.,0.));
#5931=DIRECTION('',(0.,0.,1.));
#5932=DIRECTION('',(1.,0.,0.));
#5933=DIRECTION('',(-0.707106781186548,0.707106781186548,0.));
#5934=DIRECTION('',(0.,0.,1.));
#5935=DIRECTION('',(1.,0.,0.));
#5936=DIRECTION('',(0.,0.,1.));
#5937=DIRECTION('',(1.,0.,0.));
#5938=DIRECTION('',(0.,0.,1.));
#5939=DIRECTION('',(1.,0.,0.));
#5940=DIRECTION('',(0.,0.,1.));
#5941=DIRECTION('',(1.,0.,0.));
#5942=DIRECTION('',(-0.707106781186548,-0.707106781186548,0.));
#5943=DIRECTION('',(0.,0.,1.));
#5944=DIRECTION('',(1.,0.,0.));
#5945=DIRECTION('',(-0.707106781186548,0.707106781186548,0.));
#5946=DIRECTION('',(-0.707106781186548,-0.707106781186548,0.));
#5947=DIRECTION('',(-0.707106781186548,-0.707106781186547,0.));
#5948=DIRECTION('',(0.707106781186547,-0.707106781186548,0.));
#5949=DIRECTION('',(0.707106781186548,0.707106781186548,0.));
#5950=DIRECTION('',(-0.707106781186548,0.707106781186548,0.));
#5951=DIRECTION('',(0.707106781186548,-0.707106781186547,0.));
#5952=DIRECTION('',(0.707106781186547,0.707106781186548,0.));
#5953=DIRECTION('',(-0.707106781186548,0.707106781186548,0.));
#5954=DIRECTION('',(-0.707106781186548,-0.707106781186548,0.));
#5955=DIRECTION('',(0.,0.,-1.));
#5956=DIRECTION('',(-1.,0.,0.));
#5957=DIRECTION('',(0.,0.,-1.));
#5958=DIRECTION('',(-1.,0.,0.));
#5959=DIRECTION('',(0.,0.,-1.));
#5960=DIRECTION('',(-1.,0.,0.));
#5961=DIRECTION('',(0.,0.,-1.));
#5962=DIRECTION('',(-1.,0.,0.));
#5963=DIRECTION('',(0.,0.,-1.));
#5964=DIRECTION('',(-1.,0.,0.));
#5965=DIRECTION('',(0.,0.,-1.));
#5966=DIRECTION('',(-1.,0.,0.));
#5967=DIRECTION('',(0.,0.,-1.));
#5968=DIRECTION('',(-1.,0.,0.));
#5969=DIRECTION('',(0.,0.,-1.));
#5970=DIRECTION('',(-1.,0.,0.));
#5971=DIRECTION('',(0.,0.,-1.));
#5972=DIRECTION('',(-1.,0.,0.));
#5973=DIRECTION('',(0.,0.,-1.));
#5974=DIRECTION('',(-1.,0.,0.));
#5975=DIRECTION('',(-0.687331282306064,0.726344070233593,-5.04002444108304E-15));
#5976=DIRECTION('',(-0.726344070233593,-0.687331282306064,0.));
#5977=DIRECTION('',(0.,0.,1.));
#5978=DIRECTION('',(1.,0.,0.));
#5979=DIRECTION('',(-0.726344070233596,0.68733128230606,0.));
#5980=DIRECTION('',(-0.68733128230606,-0.726344070233596,0.));
#5981=DIRECTION('',(0.,0.,1.));
#5982=DIRECTION('',(1.,0.,0.));
#5983=DIRECTION('',(0.,0.,-1.));
#5984=DIRECTION('',(-1.,0.,0.));
#5985=DIRECTION('',(0.,0.,-1.));
#5986=DIRECTION('',(-1.,0.,0.));
#5987=DIRECTION('',(0.,0.,-1.));
#5988=DIRECTION('',(-1.,0.,0.));
#5989=DIRECTION('',(0.726344070233596,0.68733128230606,-2.52001222054153E-15));
#5990=DIRECTION('',(-0.68733128230606,0.726344070233596,0.));
#5991=DIRECTION('',(0.,0.,1.));
#5992=DIRECTION('',(1.,0.,0.));
#5993=DIRECTION('',(0.687331282306064,0.726344070233593,0.));
#5994=DIRECTION('',(-0.726344070233593,0.687331282306064,0.));
#5995=DIRECTION('',(0.,0.,1.));
#5996=DIRECTION('',(1.,0.,0.));
#5997=DIRECTION('',(0.,0.,-1.));
#5998=DIRECTION('',(-1.,0.,0.));
#5999=DIRECTION('',(-0.707106781186548,0.707106781186548,0.));
#6000=DIRECTION('',(-0.707106781186548,-0.707106781186548,0.));
#6001=DIRECTION('',(0.707106781186548,-0.707106781186548,0.));
#6002=DIRECTION('',(0.707106781186548,0.707106781186548,0.));
#6003=DIRECTION('',(0.707106781186548,0.707106781186548,0.));
#6004=DIRECTION('',(-0.707106781186548,0.707106781186548,0.));
#6005=DIRECTION('',(-0.707106781186548,-0.707106781186548,0.));
#6006=DIRECTION('',(0.707106781186548,-0.707106781186548,0.));
#6007=DIRECTION('',(2.04115242872844E-15,-3.04499787967283E-15,1.));
#6008=DIRECTION('',(-0.642787609686539,-0.766044443118978,-1.02057621436421E-15));
#6009=DIRECTION('',(0.,-1.,0.));
#6010=DIRECTION('',(0.,0.,-1.));
#6011=DIRECTION('',(1.,0.,0.));
#6012=DIRECTION('',(-1.84314369322535E-16,0.,1.));
#6013=DIRECTION('',(1.,0.,1.92747052886312E-16));
#6014=DIRECTION('',(3.46944695195361E-16,0.,-1.));
#6015=DIRECTION('',(0.,-1.,0.));
#6016=DIRECTION('',(0.,0.,-1.));
#6017=DIRECTION('',(0.,0.,-1.));
#6018=DIRECTION('',(-1.,0.,0.));
#6019=DIRECTION('',(0.,-1.,0.));
#6020=DIRECTION('',(0.,0.,-1.));
#6021=DIRECTION('',(0.,0.,1.));
#6022=DIRECTION('',(0.,-1.,0.));
#6023=DIRECTION('',(0.,0.,-1.));
#6024=DIRECTION('',(1.,0.,0.));
#6025=DIRECTION('',(0.,-1.,0.));
#6026=DIRECTION('',(0.,0.,-1.));
#6027=DIRECTION('',(0.,0.,1.));
#6028=DIRECTION('',(0.,-1.,0.));
#6029=DIRECTION('',(0.,0.,-1.));
#6030=DIRECTION('',(-1.,0.,0.));
#6031=DIRECTION('',(0.,0.,-1.));
#6032=DIRECTION('',(-0.707106781186548,0.,-0.707106781186548));
#6033=DIRECTION('',(0.,0.,-1.));
#6034=DIRECTION('',(1.,0.,1.92747052886312E-16));
#6035=DIRECTION('',(0.,0.,-1.));
#6036=DIRECTION('',(-0.707106781186548,0.,0.707106781186548));
#6037=DIRECTION('',(0.,-1.,0.));
#6038=DIRECTION('',(0.,0.,-1.));
#6039=DIRECTION('',(-1.84314369322535E-16,0.,1.));
#6040=DIRECTION('',(0.,-1.,0.));
#6041=DIRECTION('',(1.84314369322535E-16,0.,-1.));
#6042=DIRECTION('',(-1.,0.,0.));
#6043=DIRECTION('',(0.,-1.,0.));
#6044=DIRECTION('',(-3.1540426835942E-16,0.,1.));
#6045=DIRECTION('',(3.1540426835942E-16,0.,-1.));
#6046=DIRECTION('',(1.,0.,1.92747052886312E-16));
#6047=DIRECTION('',(0.,-1.,0.));
#6048=DIRECTION('',(0.,0.,-1.));
#6049=DIRECTION('',(0.,0.,1.));
#6050=DIRECTION('',(0.,-1.,0.));
#6051=DIRECTION('',(0.,0.,-1.));
#6052=DIRECTION('',(-1.,0.,0.));
#6053=DIRECTION('',(0.,0.,-1.));
#6054=DIRECTION('',(-1.,0.,0.));
#6055=DIRECTION('',(0.,0.,-1.));
#6056=DIRECTION('',(-1.,0.,0.));
#6057=DIRECTION('',(0.,0.,-1.));
#6058=DIRECTION('',(-1.,0.,0.));
#6059=DIRECTION('',(0.,0.,-1.));
#6060=DIRECTION('',(1.,0.,0.));
#6061=DIRECTION('',(0.,-1.,0.));
#6062=DIRECTION('',(0.,0.,-1.));
#6063=DIRECTION('',(-1.0842021724855E-16,0.,1.));
#6064=DIRECTION('',(0.,-1.,0.));
#6065=DIRECTION('',(0.,0.,-1.));
#6066=DIRECTION('',(-1.,0.,0.));
#6067=DIRECTION('',(1.,0.,0.));
#6068=DIRECTION('',(0.,-1.,0.));
#6069=DIRECTION('',(0.,0.,-1.));
#6070=DIRECTION('',(0.,0.,1.));
#6071=DIRECTION('',(0.,-1.,0.));
#6072=DIRECTION('',(0.,0.,-1.));
#6073=DIRECTION('',(1.,0.,0.));
#6074=DIRECTION('',(0.,-1.,0.));
#6075=DIRECTION('',(0.,0.,-1.));
#6076=DIRECTION('',(0.,0.,1.));
#6077=DIRECTION('',(0.,-1.,0.));
#6078=DIRECTION('',(0.,0.,-1.));
#6079=DIRECTION('',(1.,2.60208521396521E-16,0.));
#6080=DIRECTION('',(-2.60208521396521E-16,1.,0.));
#6081=DIRECTION('',(-2.60208521396521E-16,1.,0.));
#6082=DIRECTION('',(0.,0.,-1.));
#6083=DIRECTION('',(-2.60208521396521E-16,1.,-5.01544256350843E-32));
#6084=DIRECTION('',(0.,-1.,0.));
#6085=DIRECTION('',(0.,0.,-1.));
#6086=DIRECTION('',(0.,0.,-1.));
#6087=DIRECTION('',(-1.,0.,0.));
#6088=DIRECTION('',(0.,0.,-1.));
#6089=DIRECTION('',(-1.,0.,0.));
#6090=DIRECTION('',(0.,-1.,0.));
#6091=DIRECTION('',(0.,0.,-1.));
#6092=DIRECTION('',(-1.,0.,0.));
#6093=DIRECTION('',(0.,0.,-1.));
#6094=DIRECTION('',(0.707106781186548,0.,-0.707106781186548));
#6095=DIRECTION('',(0.,0.,-1.));
#6096=DIRECTION('',(-1.,0.,-1.92747052886312E-16));
#6097=DIRECTION('',(0.,-1.,0.));
#6098=DIRECTION('',(0.,0.,-1.));
#6099=DIRECTION('',(1.0842021724855E-16,0.,-1.));
#6100=DIRECTION('',(0.,-1.,0.));
#6101=DIRECTION('',(0.,0.,-1.));
#6102=DIRECTION('',(-1.,0.,0.));
#6103=DIRECTION('',(0.,0.,-1.));
#6104=DIRECTION('',(-1.,0.,0.));
#6105=DIRECTION('',(0.,0.,-1.));
#6106=DIRECTION('',(1.,0.,0.));
#6107=DIRECTION('',(0.,-1.,0.));
#6108=DIRECTION('',(0.,0.,-1.));
#6109=DIRECTION('',(0.,0.,-1.));
#6110=DIRECTION('',(0.,-1.,0.));
#6111=DIRECTION('',(0.,0.,-1.));
#6112=DIRECTION('',(-1.,0.,-1.92747052886312E-16));
#6113=DIRECTION('',(0.707106781186548,0.,0.707106781186548));
#6114=DIRECTION('',(0.,0.,-1.));
#6115=DIRECTION('',(0.,-1.,0.));
#6116=DIRECTION('',(0.,0.,-1.));
#6117=DIRECTION('',(-1.,0.,0.));
#6118=DIRECTION('',(0.,0.,-1.));
#6119=DIRECTION('',(1.,0.,0.));
#6120=DIRECTION('',(0.,0.,-1.));
#6121=DIRECTION('',(0.,0.,1.));
#6122=DIRECTION('',(1.,0.,0.));
#6123=DIRECTION('',(3.06749882947118E-16,-1.,0.));
#6124=DIRECTION('',(-1.,0.,0.));
#6125=DIRECTION('',(3.38482629458889E-16,-1.,0.));
#6126=DIRECTION('',(-1.,-1.22409922699976E-16,0.));
#6127=DIRECTION('',(1.,0.,0.));
#6128=DIRECTION('',(0.,0.,-1.));
#6129=DIRECTION('',(0.,-1.,0.));
#6130=DIRECTION('',(0.,1.,0.));
#6131=DIRECTION('',(1.,3.06749882947118E-16,0.));
#6132=DIRECTION('',(-3.06749882947118E-16,1.,0.));
#6133=DIRECTION('',(3.06749882947118E-16,-1.,0.));
#6134=DIRECTION('',(0.,0.,-1.));
#6135=DIRECTION('',(3.06749882947118E-16,-1.,0.));
#6136=DIRECTION('',(0.,0.,-1.));
#6137=DIRECTION('',(1.22409922699976E-16,-1.,0.));
#6138=DIRECTION('',(1.,1.22409922699976E-16,0.));
#6139=DIRECTION('',(-1.,-1.22409922699976E-16,0.));
#6140=DIRECTION('',(0.,0.,-1.));
#6141=DIRECTION('',(-1.,-1.22409922699976E-16,0.));
#6142=DIRECTION('',(0.,0.,-1.));
#6143=DIRECTION('',(1.,3.38482629458889E-16,0.));
#6144=DIRECTION('',(-3.38482629458889E-16,1.,0.));
#6145=DIRECTION('',(3.38482629458889E-16,-1.,0.));
#6146=DIRECTION('',(0.,0.,-1.));
#6147=DIRECTION('',(3.38482629458889E-16,-1.,0.));
#6148=DIRECTION('',(0.,0.,-1.));
#6149=DIRECTION('',(0.,0.,1.));
#6150=DIRECTION('',(1.,0.,0.));
#6151=DIRECTION('',(0.,0.,1.));
#6152=DIRECTION('',(1.,0.,0.));
#6153=DIRECTION('',(0.,0.,1.));
#6154=DIRECTION('',(1.,0.,0.));
#6155=DIRECTION('',(0.,0.,1.));
#6156=DIRECTION('',(1.,0.,0.));
#6157=DIRECTION('',(0.,0.,1.));
#6158=DIRECTION('',(1.,0.,0.));
#6159=DIRECTION('',(0.,-1.,0.));
#6160=DIRECTION('',(2.60208521396521E-16,-1.,0.));
#6161=DIRECTION('',(0.,-1.,0.));
#6162=DIRECTION('',(0.,-1.,0.));
#6163=DIRECTION('',(0.,0.,1.));
#6164=DIRECTION('',(1.,0.,0.));
#6165=DIRECTION('',(2.60208521396521E-16,-1.,0.));
#6166=DIRECTION('',(-1.,0.,0.));
#6167=DIRECTION('',(0.,-1.,0.));
#6168=DIRECTION('',(-1.,0.,0.));
#6169=DIRECTION('',(1.92747052886312E-16,0.,-1.));
#6170=DIRECTION('',(-1.,0.,-1.92747052886312E-16));
#6171=DIRECTION('',(1.,0.,1.92747052886312E-16));
#6172=DIRECTION('',(0.,1.,0.));
#6173=DIRECTION('',(0.,1.,0.));
#6174=DIRECTION('',(1.,0.,1.92747052886312E-16));
#6175=DIRECTION('',(1.92747052886312E-16,0.,-1.));
#6176=DIRECTION('',(-1.,0.,-1.92747052886312E-16));
#6177=DIRECTION('',(0.,1.,0.));
#6178=DIRECTION('',(0.,-1.,0.));
#6179=DIRECTION('',(0.,-1.,0.));
#6180=DIRECTION('',(0.,1.,0.));
#6181=DIRECTION('',(1.92747052886312E-16,0.,-1.));
#6182=DIRECTION('',(-1.,0.,-1.92747052886312E-16));
#6183=DIRECTION('',(0.,0.,-1.));
#6184=DIRECTION('',(-1.,0.,0.));
#6185=DIRECTION('',(0.,1.,0.));
#6186=DIRECTION('',(0.,-1.,0.));
#6187=DIRECTION('',(0.,-1.,0.));
#6188=DIRECTION('',(-1.,0.,0.));
#6189=DIRECTION('',(0.,0.,1.));
#6190=DIRECTION('',(0.,-1.,0.));
#6191=DIRECTION('',(-1.,0.,0.));
#6192=DIRECTION('',(0.,0.,1.));
#6193=DIRECTION('',(1.,0.,1.0842021724855E-16));
#6194=DIRECTION('',(1.0842021724855E-16,0.,-1.));
#6195=DIRECTION('',(0.,-1.,0.));
#6196=DIRECTION('',(0.,-1.,0.));
#6197=DIRECTION('',(1.,0.,0.));
#6198=DIRECTION('',(0.,0.,-1.));
#6199=DIRECTION('',(0.,-1.,0.));
#6200=DIRECTION('',(0.,-1.,0.));
#6201=DIRECTION('',(0.,0.,1.));
#6202=DIRECTION('',(1.,0.,0.));
#6203=DIRECTION('',(0.,-1.,0.));
#6204=DIRECTION('',(2.60208521396521E-16,-1.,0.));
#6205=DIRECTION('',(0.,-1.,0.));
#6206=DIRECTION('',(0.,0.,-1.));
#6207=DIRECTION('',(0.,-1.,0.));
#6208=DIRECTION('',(0.,0.,-1.));
#6209=DIRECTION('',(0.,-1.,0.));
#6210=DIRECTION('',(0.,0.,-1.));
#6211=DIRECTION('',(0.,1.,0.));
#6212=DIRECTION('',(0.,0.,1.));
#6213=DIRECTION('',(1.,0.,0.));
#6214=DIRECTION('',(0.,0.,-1.));
#6215=DIRECTION('',(1.,2.60208521396521E-16,0.));
#6216=DIRECTION('',(-2.60208521396521E-16,1.,0.));
#6217=DIRECTION('',(1.,2.60208521396521E-16,0.));
#6218=DIRECTION('',(-2.60208521396521E-16,1.,0.));
#6219=DIRECTION('',(2.60208521396521E-16,-1.,0.));
#6220=DIRECTION('',(0.,0.,-1.));
#6221=DIRECTION('',(2.60208521396521E-16,-1.,0.));
#6222=DIRECTION('',(-1.,0.,0.));
#6223=DIRECTION('',(0.,-1.,0.));
#6224=DIRECTION('',(0.,0.,-1.));
#6225=DIRECTION('',(0.,-1.,0.));
#6226=DIRECTION('',(0.,1.,0.));
#6227=DIRECTION('',(-0.707106781186548,0.,-0.707106781186548));
#6228=DIRECTION('',(0.,1.,0.));
#6229=DIRECTION('',(-0.707106781186548,0.,-0.707106781186548));
#6230=DIRECTION('',(-0.707106781186548,0.,0.707106781186548));
#6231=DIRECTION('',(0.707106781186548,1.83995210002005E-16,-0.707106781186548));
#6232=DIRECTION('',(2.60208521396521E-16,-1.,0.));
#6233=DIRECTION('',(0.707106781186548,1.83995210002005E-16,-0.707106781186548));
#6234=DIRECTION('',(0.707106781186548,1.83995210002005E-16,0.707106781186548));
#6235=DIRECTION('',(1.,0.,0.));
#6236=DIRECTION('',(0.,0.,-1.));
#6237=DIRECTION('',(0.,-1.,0.));
#6238=DIRECTION('',(0.,-1.,0.));
#6239=DIRECTION('',(0.,0.,-1.));
#6240=DIRECTION('',(-1.,0.,0.));
#6241=DIRECTION('',(0.,-1.,0.));
#6242=DIRECTION('',(-1.,0.,0.));
#6243=DIRECTION('',(0.,-1.,0.));
#6244=DIRECTION('',(1.,0.,0.));
#6245=DIRECTION('',(0.,0.,-1.));
#6246=DIRECTION('',(0.,-1.,0.));
#6247=DIRECTION('',(0.,-1.,0.));
#6248=DIRECTION('',(0.,0.,-1.));
#6249=DIRECTION('',(-1.,0.,0.));
#6250=DIRECTION('',(0.,-1.,0.));
#6251=DIRECTION('',(0.,-1.,0.));
#6252=DIRECTION('',(0.,0.,1.));
#6253=DIRECTION('',(1.,0.,0.));
#6254=DIRECTION('',(-8.67361737988404E-16,-1.25386064087711E-31,-1.));
#6255=DIRECTION('',(-1.,0.,8.67361737988404E-16));
#6256=DIRECTION('',(-1.,-1.22409922699976E-16,0.));
#6257=DIRECTION('',(1.22409922699976E-16,-1.,0.));
#6258=DIRECTION('',(-1.,0.,0.));
#6259=DIRECTION('',(0.,0.,1.));
#6260=DIRECTION('',(1.,-1.01192202765314E-15,0.));
#6261=DIRECTION('',(1.01192202765314E-15,1.,0.));
#6262=DIRECTION('',(0.,0.,-1.));
#6263=DIRECTION('',(-1.,0.,0.));
#6264=DIRECTION('',(0.,0.,-1.));
#6265=DIRECTION('',(-1.,0.,0.));
#6266=DIRECTION('',(7.2280144832367E-16,1.,8.67361737988404E-16));
#6267=DIRECTION('',(0.,-8.67361737988404E-16,1.));
#6268=DIRECTION('',(-2.89120579329468E-16,1.,8.35907093918071E-32));
#6269=DIRECTION('',(-1.,-2.89120579329468E-16,0.));
#6270=DIRECTION('',(0.,1.,8.67361737988404E-16));
#6271=DIRECTION('',(0.,-8.67361737988404E-16,1.));
#6272=DIRECTION('',(-3.18032637262415E-15,1.,0.));
#6273=DIRECTION('',(-1.,-3.18032637262415E-15,0.));
#6274=DIRECTION('',(0.,0.,-1.));
#6275=DIRECTION('',(-1.,0.,0.));
#6276=DIRECTION('',(0.,0.,-1.));
#6277=DIRECTION('',(-1.,0.,0.));
#6278=DIRECTION('',(-3.06749882947118E-16,1.,0.));
#6279=DIRECTION('',(-1.,-3.06749882947118E-16,0.));
#6280=DIRECTION('',(0.,-1.,0.));
#6281=DIRECTION('',(0.,0.,-1.));
#6282=DIRECTION('',(3.38482629458889E-16,-1.,0.));
#6283=DIRECTION('',(1.,3.38482629458889E-16,0.));
#6284=DIRECTION('',(0.,-1.,0.));
#6285=DIRECTION('',(0.,0.,-1.));
#6286=DIRECTION('',(0.,0.,1.));
#6287=DIRECTION('',(1.,0.,0.));
#6288=DIRECTION('',(-8.67361737988403E-16,0.,-1.));
#6289=DIRECTION('',(-1.,0.,8.67361737988403E-16));
#6290=DIRECTION('',(1.,0.,0.));
#6291=DIRECTION('',(0.,0.,-1.));
#6292=DIRECTION('',(1.,0.,-2.89120579329468E-16));
#6293=DIRECTION('',(-2.89120579329468E-16,0.,-1.));
#6294=DIRECTION('',(-1.,0.,8.67361737988403E-16));
#6295=DIRECTION('',(8.67361737988403E-16,0.,1.));
#6296=DIRECTION('',(-1.,0.,0.));
#6297=DIRECTION('',(0.,0.,1.));
#6298=DIRECTION('',(1.,0.,0.));
#6299=DIRECTION('',(0.,0.,-1.));
#6300=DIRECTION('',(0.,0.,1.));
#6301=DIRECTION('',(1.,0.,0.));
#6302=DIRECTION('',(0.,2.89120579329468E-16,1.));
#6303=DIRECTION('',(0.,-1.,2.89120579329468E-16));
#6304=DIRECTION('',(0.,0.,1.));
#6305=DIRECTION('',(1.,0.,0.));
#6306=DIRECTION('',(0.,0.,1.));
#6307=DIRECTION('',(1.,0.,0.));
#6308=DIRECTION('',(1.,0.,0.));
#6309=DIRECTION('',(0.,0.,-1.));
#6310=DIRECTION('',(-1.,0.,0.));
#6311=DIRECTION('',(0.,0.,1.));
#6312=DIRECTION('',(1.,-4.62592926927148E-15,0.));
#6313=DIRECTION('',(4.62592926927148E-15,1.,0.));
#6314=DIRECTION('',(0.,1.,0.));
#6315=DIRECTION('',(0.,0.,1.));
#6316=DIRECTION('',(0.,-1.,0.));
#6317=DIRECTION('',(0.,0.,-1.));
#6318=DIRECTION('',(0.,1.,0.));
#6319=DIRECTION('',(0.,0.,1.));
#6320=DIRECTION('',(2.89120579329468E-16,-1.,8.67361737988402E-16));
#6321=DIRECTION('',(0.,-8.67361737988402E-16,-1.));
#6322=DIRECTION('',(0.,1.,0.));
#6323=DIRECTION('',(0.,0.,1.));
#6324=DIRECTION('',(-0.707106781186548,-0.707106781186548,0.));
#6325=DIRECTION('',(-0.707106781186548,0.707106781186548,0.));
#6326=DIRECTION('',(-2.60208521396521E-16,1.,0.));
#6327=DIRECTION('',(-1.,-2.60208521396521E-16,0.));
#6328=DIRECTION('',(-0.707106781186548,0.707106781186548,0.));
#6329=DIRECTION('',(-0.707106781186548,-0.707106781186548,0.));
#6330=DIRECTION('',(-1.,0.,0.));
#6331=DIRECTION('',(0.,0.,1.));
#6332=DIRECTION('',(-1.,0.,-1.84314369322535E-16));
#6333=DIRECTION('',(-1.84314369322535E-16,0.,1.));
#6334=DIRECTION('',(0.,1.,0.));
#6335=DIRECTION('',(-1.84314369322535E-16,0.,1.));
#6336=DIRECTION('',(0.,0.,1.));
#6337=DIRECTION('',(1.,0.,0.));
#6338=DIRECTION('',(0.,1.,0.));
#6339=DIRECTION('',(1.,0.,0.));
#6340=DIRECTION('',(1.,0.,3.46944695195361E-16));
#6341=DIRECTION('',(3.46944695195361E-16,0.,-1.));
#6342=DIRECTION('',(3.46944695195361E-16,0.,-1.));
#6343=DIRECTION('',(1.,0.,3.1540426835942E-16));
#6344=DIRECTION('',(3.1540426835942E-16,0.,-1.));
#6345=DIRECTION('',(-2.23024496972127E-16,-0.707106781186548,0.707106781186547));
#6346=DIRECTION('',(3.1540426835942E-16,0.,-1.));
#6347=DIRECTION('',(-1.,0.,-1.84314369322535E-16));
#6348=DIRECTION('',(-1.84314369322535E-16,0.,1.));
#6349=DIRECTION('',(-1.84314369322535E-16,0.,1.));
#6350=DIRECTION('',(1.30329940418087E-16,0.707106781186548,-0.707106781186547));
#6351=DIRECTION('',(0.,-1.,0.));
#6352=DIRECTION('',(1.,0.,0.));
#6353=DIRECTION('',(1.,0.,0.));
#6354=DIRECTION('',(-1.84314369322535E-16,0.,1.));
#6355=DIRECTION('',(3.1540426835942E-16,0.,-1.));
#6356=DIRECTION('',(0.,-1.,0.));
#6357=DIRECTION('',(1.,0.,0.));
#6358=DIRECTION('',(0.,0.707106781186547,0.707106781186548));
#6359=DIRECTION('',(1.,0.,0.));
#6360=DIRECTION('',(1.30329940418087E-16,0.707106781186548,-0.707106781186547));
#6361=DIRECTION('',(1.,0.,0.));
#6362=DIRECTION('',(-2.23024496972127E-16,-0.707106781186548,0.707106781186547));
#6363=DIRECTION('',(-2.23024496972127E-16,-0.707106781186548,0.707106781186547));
#6364=DIRECTION('',(0.,-0.707106781186547,-0.707106781186548));
#6365=DIRECTION('',(0.,-0.70710678118655,0.707106781186545));
#6366=DIRECTION('',(0.,-0.707106781186545,-0.70710678118655));
#6367=DIRECTION('',(-3.1540426835942E-16,0.,1.));
#6368=DIRECTION('',(1.,0.,3.1540426835942E-16));
#6369=DIRECTION('',(-2.31296463463575E-15,0.,-1.));
#6370=DIRECTION('',(-1.,0.,2.31296463463575E-15));
#6371=DIRECTION('',(-1.,0.,2.31296463463575E-15));
#6372=DIRECTION('',(2.31296463463575E-15,0.,1.));
#6373=DIRECTION('',(-1.,0.,0.));
#6374=DIRECTION('',(0.,0.,1.));
#6375=DIRECTION('',(-1.,0.,0.));
#6376=DIRECTION('',(0.,0.,1.));
#6377=DIRECTION('',(1.,0.,2.0443912222445E-16));
#6378=DIRECTION('',(2.0443912222445E-16,0.,-1.));
#6379=DIRECTION('',(1.84314369322535E-16,0.,-1.));
#6380=DIRECTION('',(-1.,0.,-1.84314369322535E-16));
#6381=DIRECTION('',(0.,-2.31296463463574E-15,-1.));
#6382=DIRECTION('',(0.,1.,-2.31296463463574E-15));
#6383=DIRECTION('',(1.,0.,-2.31296463463575E-15));
#6384=DIRECTION('',(-2.31296463463575E-15,0.,-1.));
#6385=DIRECTION('',(1.6355129777956E-15,-0.707106781186549,0.707106781186546));
#6386=DIRECTION('',(0.,-0.707106781186546,-0.707106781186549));
#6387=DIRECTION('',(1.30329940418087E-16,0.707106781186548,-0.707106781186547));
#6388=DIRECTION('',(0.,0.707106781186547,0.707106781186548));
#6389=DIRECTION('',(0.,1.,0.));
#6390=DIRECTION('',(0.,0.,1.));
#6391=DIRECTION('',(0.,-1.,0.));
#6392=DIRECTION('',(0.,0.,-1.));
#6393=DIRECTION('',(0.,-1.,0.));
#6394=DIRECTION('',(0.,0.,-1.));
#6395=DIRECTION('',(0.,1.,0.));
#6396=DIRECTION('',(0.,0.,1.));
#6397=DIRECTION('',(1.33226762955019E-15,-1.33226762955015E-15,1.));
#6398=DIRECTION('',(-1.1657341758564E-15,-1.,-1.33226762955015E-15));
#6399=DIRECTION('',(-1.88411095042052E-15,-3.21637857997071E-15,1.));
#6400=DIRECTION('',(-0.707106781186548,0.707106781186547,9.42055475210265E-16));
#6401=DIRECTION('',(0.,0.,-1.));
#6402=DIRECTION('',(-1.,0.,0.));
#6403=DIRECTION('',(0.,1.,0.));
#6404=DIRECTION('',(0.,0.,-1.));
#6405=DIRECTION('',(-1.,0.,0.));
#6406=DIRECTION('',(1.,0.,-1.11917643611407E-16));
#6407=DIRECTION('',(0.,0.,-1.));
#6408=DIRECTION('',(-1.,0.,0.));
#6409=DIRECTION('',(0.,1.,0.));
#6410=DIRECTION('',(0.,0.,-1.));
#6411=DIRECTION('',(-1.,0.,0.));
#6412=DIRECTION('',(-1.,0.,0.));
#6413=DIRECTION('',(0.,0.,-1.));
#6414=DIRECTION('',(-1.,0.,0.));
#6415=DIRECTION('',(0.,1.,0.));
#6416=DIRECTION('',(-1.,0.,0.));
#6417=DIRECTION('',(-1.7347234759768E-16,1.,0.));
#6418=DIRECTION('',(-1.,0.,0.));
#6419=DIRECTION('',(0.,1.,0.));
#6420=DIRECTION('',(-1.,0.,0.));
#6421=DIRECTION('',(0.,1.,0.));
#6422=DIRECTION('',(-1.,0.,0.));
#6423=DIRECTION('',(0.,-1.,0.));
#6424=DIRECTION('',(-1.,0.,0.));
#6425=DIRECTION('',(0.,-1.,0.));
#6426=DIRECTION('',(-1.,0.,0.));
#6427=DIRECTION('',(0.,-1.,0.));
#6428=DIRECTION('',(1.,0.,0.));
#6429=DIRECTION('',(0.,0.,-1.));
#6430=DIRECTION('',(1.,0.,-1.11917643611407E-16));
#6431=DIRECTION('',(2.40933816107891E-16,0.,-1.));
#6432=DIRECTION('',(1.,0.,0.));
#6433=DIRECTION('',(0.,-1.,0.));
#6434=DIRECTION('',(0.,0.,-1.));
#6435=DIRECTION('',(-3.61400724161835E-16,0.,1.));
#6436=DIRECTION('',(0.,-1.,0.));
#6437=DIRECTION('',(0.,0.,-1.));
#6438=DIRECTION('',(-1.,0.,0.));
#6439=DIRECTION('',(0.,0.,-1.));
#6440=DIRECTION('',(-1.,0.,0.));
#6441=DIRECTION('',(-1.,0.,0.));
#6442=DIRECTION('',(-1.77920356510441E-16,-1.,0.));
#6443=DIRECTION('',(1.,0.,0.));
#6444=DIRECTION('',(-1.83480367651393E-16,-1.,0.));
#6445=DIRECTION('',(0.,1.,0.));
#6446=DIRECTION('',(-1.,0.,0.));
#6447=DIRECTION('',(0.,1.,0.));
#6448=DIRECTION('',(1.,0.,0.));
#6449=DIRECTION('',(0.,0.,-1.));
#6450=DIRECTION('',(0.,0.,-1.));
#6451=DIRECTION('',(0.,1.,0.));
#6452=DIRECTION('',(0.,0.,-1.));
#6453=DIRECTION('',(0.,1.,0.));
#6454=DIRECTION('',(0.,0.,-1.));
#6455=DIRECTION('',(-1.,0.,0.));
#6456=DIRECTION('',(-1.,0.,0.));
#6457=DIRECTION('',(0.,1.,0.));
#6458=DIRECTION('',(-1.,0.,0.));
#6459=DIRECTION('',(-1.,0.,0.));
#6460=DIRECTION('',(0.,0.,1.));
#6461=DIRECTION('',(0.,0.,1.));
#6462=DIRECTION('',(0.,1.,0.));
#6463=DIRECTION('',(0.,0.,1.));
#6464=DIRECTION('',(0.,1.,0.));
#6465=DIRECTION('',(-1.,0.,-3.61400724161835E-16));
#6466=DIRECTION('',(-3.61400724161835E-16,0.,1.));
#6467=DIRECTION('',(-3.61400724161835E-16,0.,1.));
#6468=DIRECTION('',(0.,1.,0.));
#6469=DIRECTION('',(0.,1.,0.));
#6470=DIRECTION('',(0.,0.,1.));
#6471=DIRECTION('',(1.,0.,0.));
#6472=DIRECTION('',(1.,0.,0.));
#6473=DIRECTION('',(0.,1.,0.));
#6474=DIRECTION('',(0.,1.,0.));
#6475=DIRECTION('',(1.,0.,2.40933816107891E-16));
#6476=DIRECTION('',(2.40933816107891E-16,0.,-1.));
#6477=DIRECTION('',(0.,1.,0.));
#6478=DIRECTION('',(2.40933816107891E-16,0.,-1.));
#6479=DIRECTION('',(0.,0.,1.));
#6480=DIRECTION('',(1.,0.,0.));
#6481=DIRECTION('',(1.,0.,-1.11917643611407E-16));
#6482=DIRECTION('',(1.,0.,-1.11917643611407E-16));
#6483=DIRECTION('',(-1.,0.,0.));
#6484=DIRECTION('',(0.,1.,0.));
#6485=DIRECTION('',(1.,0.,-1.11917643611407E-16));
#6486=DIRECTION('',(0.,1.,0.));
#6487=DIRECTION('',(1.,0.,0.));
#6488=DIRECTION('',(1.,0.,0.));
#6489=DIRECTION('',(0.,0.,-1.));
#6490=DIRECTION('',(0.,0.,-1.));
#6491=DIRECTION('',(0.,0.,-1.));
#6492=DIRECTION('',(1.,0.,0.));
#6493=DIRECTION('',(0.,0.,-1.));
#6494=DIRECTION('',(0.,0.,-1.));
#6495=DIRECTION('',(0.,0.,1.));
#6496=DIRECTION('',(0.,-1.,0.));
#6497=DIRECTION('',(1.,0.,0.));
#6498=DIRECTION('',(0.,-1.,0.));
#6499=DIRECTION('',(0.,0.,-1.));
#6500=DIRECTION('',(0.,-1.,0.));
#6501=DIRECTION('',(0.,0.,-1.));
#6502=DIRECTION('',(0.,-1.,0.));
#6503=DIRECTION('',(0.,0.,-1.));
#6504=DIRECTION('',(0.,-1.,0.));
#6505=DIRECTION('',(0.,0.,-1.));
#6506=DIRECTION('',(0.,-1.,0.));
#6507=DIRECTION('',(1.,0.,0.));
#6508=DIRECTION('',(0.,0.,-1.));
#6509=DIRECTION('',(0.,-1.,0.));
#6510=DIRECTION('',(0.,0.,-1.));
#6511=DIRECTION('',(0.,-1.,0.));
#6512=DIRECTION('',(0.,0.,-1.));
#6513=DIRECTION('',(0.,1.,0.));
#6514=DIRECTION('',(-1.,0.,0.));
#6515=DIRECTION('',(0.,0.,-1.));
#6516=DIRECTION('',(-1.,0.,0.));
#6517=DIRECTION('',(0.,0.,-1.));
#6518=DIRECTION('',(-1.,0.,0.));
#6519=DIRECTION('',(0.,0.,1.));
#6520=DIRECTION('',(1.,0.,0.));
#6521=DIRECTION('',(0.,0.,-1.));
#6522=DIRECTION('',(-1.,0.,0.));
#6523=DIRECTION('',(0.,0.,1.));
#6524=DIRECTION('',(1.,0.,0.));
#6525=DIRECTION('',(0.,0.,1.));
#6526=DIRECTION('',(1.,0.,0.));
#6527=DIRECTION('',(0.,0.,1.));
#6528=DIRECTION('',(1.,0.,0.));
#6529=DIRECTION('',(0.,0.,-1.));
#6530=DIRECTION('',(-1.,0.,0.));
#6531=DIRECTION('',(0.,0.,1.));
#6532=DIRECTION('',(1.,0.,0.));
#6533=DIRECTION('',(0.,0.,1.));
#6534=DIRECTION('',(1.,0.,0.));
#6535=DIRECTION('',(0.,0.,-1.));
#6536=DIRECTION('',(-1.,0.,0.));
#6537=DIRECTION('',(0.,0.,-1.));
#6538=DIRECTION('',(-1.,0.,0.));
#6539=DIRECTION('',(0.,0.,1.));
#6540=DIRECTION('',(1.,0.,0.));
#6541=DIRECTION('',(0.,0.,1.));
#6542=DIRECTION('',(1.,0.,0.));
#6543=DIRECTION('',(0.,0.,-1.));
#6544=DIRECTION('',(-1.,0.,0.));
#6545=DIRECTION('',(0.,0.,-1.));
#6546=DIRECTION('',(-1.,0.,0.));
#6547=DIRECTION('',(0.,0.,-1.));
#6548=DIRECTION('',(-1.,0.,0.));
#6549=DIRECTION('',(0.,0.,1.));
#6550=DIRECTION('',(1.,0.,0.));
#6551=DIRECTION('',(0.,0.,-1.));
#6552=DIRECTION('',(-1.,0.,0.));
#6553=DIRECTION('',(0.,0.,1.));
#6554=DIRECTION('',(1.,0.,0.));
#6555=DIRECTION('',(0.,0.,1.));
#6556=DIRECTION('',(1.,0.,0.));
#6557=DIRECTION('',(0.,0.,1.));
#6558=DIRECTION('',(1.,0.,0.));
#6559=DIRECTION('',(0.,0.,-1.));
#6560=DIRECTION('',(-1.,0.,0.));
#6561=DIRECTION('',(0.,0.,-1.));
#6562=DIRECTION('',(-1.,0.,0.));
#6563=DIRECTION('',(0.,0.,1.));
#6564=DIRECTION('',(1.,0.,0.));
#6565=DIRECTION('',(0.,0.,-1.));
#6566=DIRECTION('',(-1.,0.,0.));
#6567=DIRECTION('',(0.,0.,1.));
#6568=DIRECTION('',(1.,0.,0.));
#6569=DIRECTION('',(0.,0.,1.));
#6570=DIRECTION('',(1.,0.,0.));
#6571=DIRECTION('',(0.,0.,1.));
#6572=DIRECTION('',(1.,0.,0.));
#6573=DIRECTION('',(0.,0.,-1.));
#6574=DIRECTION('',(-1.,0.,0.));
#6575=DIRECTION('',(0.,0.,-1.));
#6576=DIRECTION('',(-1.,0.,0.));
#6577=DIRECTION('',(0.,0.,-1.));
#6578=DIRECTION('',(-1.,0.,0.));
#6579=DIRECTION('',(0.,0.,-1.));
#6580=DIRECTION('',(-1.,0.,0.));
#6581=DIRECTION('',(0.,0.,-1.));
#6582=DIRECTION('',(-1.,0.,0.));
#6583=DIRECTION('',(0.,0.,-1.));
#6584=DIRECTION('',(-1.,0.,0.));
#6585=DIRECTION('',(0.,0.,-1.));
#6586=DIRECTION('',(-1.,0.,0.));
#6587=DIRECTION('',(0.,-1.,0.));
#6588=DIRECTION('',(0.,0.,-1.));
#6589=DIRECTION('',(0.,1.,0.));
#6590=DIRECTION('',(0.,0.,1.));
#6591=DIRECTION('',(0.,-1.,0.));
#6592=DIRECTION('',(0.,0.,-1.));
#6593=DIRECTION('',(0.,-1.,0.));
#6594=DIRECTION('',(0.,0.,-1.));
#6595=DIRECTION('',(0.,-1.,0.));
#6596=DIRECTION('',(0.,0.,-1.));
#6597=DIRECTION('',(0.,0.,-1.));
#6598=DIRECTION('',(-1.,0.,0.));
#6599=DIRECTION('',(0.,0.,-1.));
#6600=DIRECTION('',(1.,-1.77920356510441E-16,0.));
#6601=DIRECTION('',(1.77920356510441E-16,1.,0.));
#6602=DIRECTION('',(-1.77920356510441E-16,-1.,0.));
#6603=DIRECTION('',(0.,0.,-1.));
#6604=DIRECTION('',(1.,-1.83480367651393E-16,0.));
#6605=DIRECTION('',(1.83480367651393E-16,1.,0.));
#6606=DIRECTION('',(0.,0.,-1.));
#6607=DIRECTION('',(-1.83480367651393E-16,-1.,0.));
#6608=DIRECTION('',(0.,1.,0.));
#6609=DIRECTION('',(0.,0.,1.));
#6610=DIRECTION('',(1.,0.,0.));
#6611=DIRECTION('',(0.,0.,-1.));
#6612=DIRECTION('',(1.,0.,0.));
#6613=DIRECTION('',(-1.,0.,0.));
#6614=DIRECTION('',(0.,0.,1.));
#6615=DIRECTION('',(0.,0.,-1.));
#6616=DIRECTION('',(0.,1.,0.));
#6617=DIRECTION('',(0.,0.,-1.));
#6618=DIRECTION('',(0.,-1.,0.));
#6619=DIRECTION('',(0.,0.,-1.));
#6620=DIRECTION('',(0.,0.,-1.));
#6621=DIRECTION('',(-1.,0.,0.));
#6622=DIRECTION('',(0.,0.,-1.));
#6623=DIRECTION('',(-1.,0.,0.));
#6624=DIRECTION('',(1.,0.,0.));
#6625=DIRECTION('',(0.,0.,-1.));
#6626=DIRECTION('',(0.,0.,-1.));
#6627=DIRECTION('',(0.,-1.,0.));
#6628=DIRECTION('',(0.,-1.,0.));
#6629=DIRECTION('',(0.,0.,-1.));
#6630=DIRECTION('',(0.,0.,-1.));
#6631=DIRECTION('',(-1.,0.,0.));
#6632=DIRECTION('',(1.,0.,0.));
#6633=DIRECTION('',(0.,0.,-1.));
#6634=DIRECTION('',(0.,0.,-1.));
#6635=DIRECTION('',(0.,-1.,0.));
#6636=DIRECTION('',(0.,-1.,0.));
#6637=DIRECTION('',(0.,0.,-1.));
#6638=DIRECTION('',(0.,0.,-1.));
#6639=DIRECTION('',(-1.,0.,0.));
#6640=DIRECTION('',(0.,0.,-1.));
#6641=DIRECTION('',(-1.,0.,0.));
#6642=DIRECTION('',(-1.,0.,0.));
#6643=DIRECTION('',(0.,0.,1.));
#6644=DIRECTION('',(0.,0.,-1.));
#6645=DIRECTION('',(0.,1.,0.));
#6646=DIRECTION('',(0.,-1.,0.));
#6647=DIRECTION('',(0.,0.,-1.));
#6648=DIRECTION('',(0.,0.,-1.));
#6649=DIRECTION('',(1.,0.,0.));
#6650=DIRECTION('',(0.,0.,-1.));
#6651=DIRECTION('',(1.,0.,0.));
#6652=DIRECTION('',(-1.,0.,0.));
#6653=DIRECTION('',(0.,0.,1.));
#6654=DIRECTION('',(0.,0.,-1.));
#6655=DIRECTION('',(0.,1.,0.));
#6656=DIRECTION('',(0.,-1.,0.));
#6657=DIRECTION('',(0.,0.,-1.));
#6658=DIRECTION('',(0.,0.,-1.));
#6659=DIRECTION('',(-1.,0.,0.));
#6660=DIRECTION('',(-1.,-1.7347234759768E-16,0.));
#6661=DIRECTION('',(1.7347234759768E-16,-1.,0.));
#6662=DIRECTION('',(0.,0.,-1.));
#6663=DIRECTION('',(-1.7347234759768E-16,1.,0.));
#6664=DIRECTION('',(0.,-1.,0.));
#6665=DIRECTION('',(0.,0.,-1.));
#6666=DIRECTION('',(1.,0.,0.));
#6667=DIRECTION('',(0.,0.,-1.));
#6668=DIRECTION('',(1.,0.,0.));
#6669=DIRECTION('',(0.,0.,1.));
#6670=DIRECTION('',(1.,0.,0.));
#6671=DIRECTION('',(-8.16340459283205E-16,1.,0.));
#6672=DIRECTION('',(-1.,0.,0.));
#6673=DIRECTION('',(0.,-1.,0.));
#6674=DIRECTION('',(0.,0.,1.));
#6675=DIRECTION('',(1.,0.,0.));
#6676=DIRECTION('',(2.040851148208E-16,-1.,0.));
#6677=DIRECTION('',(1.,0.,0.));
#6678=DIRECTION('',(0.,1.,0.));
#6679=DIRECTION('',(-1.,0.,0.));
#6680=DIRECTION('',(0.,0.,1.));
#6681=DIRECTION('',(0.,0.,-1.));
#6682=DIRECTION('',(0.,1.,0.));
#6683=DIRECTION('',(0.,1.,0.));
#6684=DIRECTION('',(0.,0.,1.));
#6685=DIRECTION('',(0.,0.,-1.));
#6686=DIRECTION('',(1.,0.,0.));
#6687=DIRECTION('',(1.,2.040851148208E-16,0.));
#6688=DIRECTION('',(-2.040851148208E-16,1.,0.));
#6689=DIRECTION('',(2.040851148208E-16,-1.,0.));
#6690=DIRECTION('',(1.,0.,0.));
#6691=DIRECTION('',(0.,0.,-1.));
#6692=DIRECTION('',(0.,0.,-1.));
#6693=DIRECTION('',(0.,-1.,0.));
#6694=DIRECTION('',(0.,-1.,0.));
#6695=DIRECTION('',(0.,0.,-1.));
#6696=DIRECTION('',(0.,0.,-1.));
#6697=DIRECTION('',(-1.,0.,0.));
#6698=DIRECTION('',(-1.,-8.16340459283205E-16,0.));
#6699=DIRECTION('',(8.16340459283205E-16,-1.,0.));
#6700=DIRECTION('',(-8.16340459283205E-16,1.,0.));
#6701=DIRECTION('',(0.,0.,1.));
#6702=DIRECTION('',(1.,0.,0.));
#6703=DIRECTION('',(1.33226762955019E-15,-1.33226762955015E-15,1.));
#6704=DIRECTION('',(-1.1657341758564E-15,-1.,-1.33226762955015E-15));
#6705=DIRECTION('',(-1.88411095042052E-15,5.51843320870338E-16,1.));
#6706=DIRECTION('',(0.707106781186547,0.707106781186548,9.42055475210262E-16));
#6707=DIRECTION('',(1.88411095042052E-15,5.51843320870335E-16,1.));
#6708=DIRECTION('',(0.707106781186547,-0.707106781186548,-9.42055475210264E-16));
#6709=DIRECTION('',(0.,0.,-1.));
#6710=DIRECTION('',(-1.,0.,0.));
#6711=DIRECTION('',(0.,0.,-1.));
#6712=DIRECTION('',(1.,0.,0.));
#6713=DIRECTION('',(0.,0.,1.));
#6714=DIRECTION('',(-1.,0.,0.));
#6715=DIRECTION('',(-0.86978293116478,0.493434547487712,0.));
#6716=DIRECTION('',(0.493434547487712,0.86978293116478,0.));
#6717=DIRECTION('',(-0.493434547487713,-0.86978293116478,0.));
#6718=DIRECTION('',(0.,0.,-1.));
#6719=DIRECTION('',(-0.493434547487713,-0.86978293116478,0.));
#6720=DIRECTION('',(0.,0.,-1.));
#6721=DIRECTION('',(-0.86978293116478,-0.493434547487712,0.));
#6722=DIRECTION('',(-0.493434547487712,0.86978293116478,0.));
#6723=DIRECTION('',(0.493434547487713,-0.86978293116478,0.));
#6724=DIRECTION('',(0.493434547487713,-0.86978293116478,0.));
#6725=DIRECTION('',(0.,0.,-1.));
#6726=DIRECTION('',(-0.86978293116478,-0.493434547487712,0.));
#6727=DIRECTION('',(-0.493434547487712,0.86978293116478,0.));
#6728=DIRECTION('',(0.493434547487713,-0.86978293116478,0.));
#6729=DIRECTION('',(0.,0.,-1.));
#6730=DIRECTION('',(0.493434547487713,-0.86978293116478,0.));
#6731=DIRECTION('',(0.,0.,-1.));
#6732=DIRECTION('',(-0.86978293116478,0.493434547487712,0.));
#6733=DIRECTION('',(0.493434547487712,0.86978293116478,0.));
#6734=DIRECTION('',(-0.493434547487712,-0.86978293116478,0.));
#6735=DIRECTION('',(0.,0.,-1.));
#6736=DIRECTION('',(-0.493434547487712,-0.86978293116478,0.));
#6737=DIRECTION('',(0.,1.,0.));
#6738=DIRECTION('',(0.,0.,-1.));
#6739=DIRECTION('',(-1.,0.,0.));
#6740=DIRECTION('',(-1.,0.,0.));
#6741=DIRECTION('',(0.,1.,0.));
#6742=DIRECTION('',(0.,0.,-1.));
#6743=DIRECTION('',(-1.,0.,0.));
#6744=DIRECTION('',(-1.,0.,0.));
#6745=DIRECTION('',(0.,0.,-1.));
#6746=DIRECTION('',(1.,0.,0.));
#6747=DIRECTION('',(0.,0.,1.));
#6748=DIRECTION('',(1.,0.,0.));
#6749=DIRECTION('',(0.,0.,1.));
#6750=DIRECTION('',(-1.,0.,0.));
#6751=DIRECTION('',(0.,0.,1.));
#6752=DIRECTION('',(-1.,0.,0.));
#6753=DIRECTION('',(0.,0.,-1.));
#6754=DIRECTION('',(-1.,0.,0.));
#6755=DIRECTION('',(4.95635278850517E-16,-1.,0.));
#6756=DIRECTION('',(0.,0.,1.));
#6757=DIRECTION('',(-1.,0.,0.));
#6758=DIRECTION('',(-1.,-4.62592926927149E-16,0.));
#6759=DIRECTION('',(0.,0.,-1.));
#6760=DIRECTION('',(-1.,0.,0.));
#6761=DIRECTION('',(4.95635278850517E-16,-1.,0.));
#6762=DIRECTION('',(0.,0.,1.));
#6763=DIRECTION('',(-1.,0.,0.));
#6764=DIRECTION('',(-1.,-4.62592926927149E-16,0.));
#6765=DIRECTION('',(0.,0.,-1.));
#6766=DIRECTION('',(-1.,0.,0.));
#6767=DIRECTION('',(0.,0.,-1.));
#6768=DIRECTION('',(-1.,0.,0.));
#6769=DIRECTION('',(0.,0.,-1.));
#6770=DIRECTION('',(-1.,0.,0.));
#6771=DIRECTION('',(0.,0.,-1.));
#6772=DIRECTION('',(-1.,0.,0.));
#6773=DIRECTION('',(0.,0.,-1.));
#6774=DIRECTION('',(-1.,0.,0.));
#6775=DIRECTION('',(-1.87537673078573E-16,1.,0.));
#6776=DIRECTION('',(0.,0.,1.));
#6777=DIRECTION('',(1.,0.,0.));
#6778=DIRECTION('',(-0.707106781186548,0.707106781186548,0.));
#6779=DIRECTION('',(0.,0.,1.));
#6780=DIRECTION('',(1.,0.,0.));
#6781=DIRECTION('',(0.,0.,1.));
#6782=DIRECTION('',(1.,0.,0.));
#6783=DIRECTION('',(-0.707106781186548,0.707106781186548,0.));
#6784=DIRECTION('',(0.,0.,1.));
#6785=DIRECTION('',(1.,0.,0.));
#6786=DIRECTION('',(-1.,-2.47817639425259E-16,0.));
#6787=DIRECTION('',(0.,0.,1.));
#6788=DIRECTION('',(1.,0.,0.));
#6789=DIRECTION('',(0.707106781186548,0.707106781186548,0.));
#6790=DIRECTION('',(0.,0.,-1.));
#6791=DIRECTION('',(-1.,0.,0.));
#6792=DIRECTION('',(0.,0.,-1.));
#6793=DIRECTION('',(-1.,0.,0.));
#6794=DIRECTION('',(0.707106781186548,0.707106781186548,0.));
#6795=DIRECTION('',(0.,0.,1.));
#6796=DIRECTION('',(1.,0.,0.));
#6797=DIRECTION('',(1.87537673078573E-16,1.,0.));
#6798=DIRECTION('',(0.,0.,1.));
#6799=DIRECTION('',(1.,0.,0.));
#6800=DIRECTION('',(0.707106781186548,-0.707106781186548,0.));
#6801=DIRECTION('',(0.,0.,1.));
#6802=DIRECTION('',(-1.,0.,0.));
#6803=DIRECTION('',(0.,0.,1.));
#6804=DIRECTION('',(-1.,0.,0.));
#6805=DIRECTION('',(0.707106781186548,-0.707106781186548,0.));
#6806=DIRECTION('',(0.,0.,1.));
#6807=DIRECTION('',(1.,0.,0.));
#6808=DIRECTION('',(-1.,2.47817639425259E-16,0.));
#6809=DIRECTION('',(0.,0.,1.));
#6810=DIRECTION('',(1.,0.,0.));
#6811=DIRECTION('',(-0.707106781186548,-0.707106781186548,0.));
#6812=DIRECTION('',(0.,0.,-1.));
#6813=DIRECTION('',(1.,0.,0.));
#6814=DIRECTION('',(0.,0.,-1.));
#6815=DIRECTION('',(1.,0.,0.));
#6816=DIRECTION('',(-0.707106781186548,-0.707106781186548,0.));
#6817=DIRECTION('',(0.,0.,1.));
#6818=DIRECTION('',(1.,0.,0.));
#6819=DIRECTION('',(0.,0.,1.));
#6820=DIRECTION('',(-1.,0.,0.));
#6821=DIRECTION('',(0.,0.,1.));
#6822=DIRECTION('',(-1.,0.,0.));
#6823=DIRECTION('',(0.,0.,1.));
#6824=DIRECTION('',(-1.,0.,0.));
#6825=DIRECTION('',(0.,0.,1.));
#6826=DIRECTION('',(-1.,0.,0.));
#6827=DIRECTION('',(0.,0.,1.));
#6828=DIRECTION('',(-1.,0.,0.));
#6829=DIRECTION('',(0.,0.,1.));
#6830=DIRECTION('',(1.,0.,0.));
#6831=DIRECTION('',(0.,0.,1.));
#6832=DIRECTION('',(1.,0.,0.));
#6833=DIRECTION('',(0.,0.,1.));
#6834=DIRECTION('',(1.,0.,0.));
#6835=DIRECTION('',(0.,0.,1.));
#6836=DIRECTION('',(1.,0.,0.));
#6837=DIRECTION('',(0.,0.,1.));
#6838=DIRECTION('',(1.,0.,0.));
#6839=DIRECTION('',(0.,0.,-1.));
#6840=DIRECTION('',(1.,0.,0.));
#6841=DIRECTION('',(0.,0.,-1.));
#6842=DIRECTION('',(1.,0.,0.));
#6843=DIRECTION('',(0.,0.,-1.));
#6844=DIRECTION('',(1.,0.,0.));
#6845=DIRECTION('',(0.,0.,-1.));
#6846=DIRECTION('',(1.,0.,0.));
#6847=DIRECTION('',(0.,0.,-1.));
#6848=DIRECTION('',(1.,0.,0.));
#6849=DIRECTION('',(0.,0.,-1.));
#6850=DIRECTION('',(-1.,0.,0.));
#6851=DIRECTION('',(0.,0.,-1.));
#6852=DIRECTION('',(-1.,0.,0.));
#6853=DIRECTION('',(-0.493434547487713,0.86978293116478,0.));
#6854=DIRECTION('',(-1.,0.,0.));
#6855=DIRECTION('',(0.493434547487713,0.86978293116478,0.));
#6856=DIRECTION('',(-0.493434547487712,0.86978293116478,0.));
#6857=DIRECTION('',(-1.,0.,0.));
#6858=DIRECTION('',(0.493434547487713,0.86978293116478,0.));
#6859=DIRECTION('',(-1.,0.,0.));
#6860=DIRECTION('',(0.,0.,1.));
#6861=DIRECTION('',(0.,-1.,0.));
#6862=DIRECTION('',(0.,0.,-1.));
#6863=DIRECTION('',(0.,-1.,0.));
#6864=DIRECTION('',(0.,0.,1.));
#6865=DIRECTION('',(0.,-1.,0.));
#6866=DIRECTION('',(0.,0.,1.));
#6867=DIRECTION('',(0.,0.,1.));
#6868=DIRECTION('',(1.,0.,0.));
#6869=DIRECTION('',(1.,1.23908819712629E-16,0.));
#6870=DIRECTION('',(1.87537673078573E-16,1.,0.));
#6871=DIRECTION('',(1.,0.,0.));
#6872=DIRECTION('',(1.,-1.87537673078573E-16,0.));
#6873=DIRECTION('',(-1.87537673078573E-16,-1.,0.));
#6874=DIRECTION('',(0.,0.,-1.));
#6875=DIRECTION('',(1.87537673078573E-16,1.,0.));
#6876=DIRECTION('',(0.,0.,1.));
#6877=DIRECTION('',(1.87537673078573E-16,1.,0.));
#6878=DIRECTION('',(0.,0.,-1.));
#6879=DIRECTION('',(0.,0.,-1.));
#6880=DIRECTION('',(1.87537673078573E-16,1.,0.));
#6881=DIRECTION('',(0.,0.,1.));
#6882=DIRECTION('',(0.,0.,1.));
#6883=DIRECTION('',(1.,0.,0.));
#6884=DIRECTION('',(-1.,0.,0.));
#6885=DIRECTION('',(-4.95635278850517E-16,1.,0.));
#6886=DIRECTION('',(0.706177311573351,0.708035030643989,0.));
#6887=DIRECTION('',(0.,0.,1.));
#6888=DIRECTION('',(1.,0.,0.));
#6889=DIRECTION('',(0.,0.,1.));
#6890=DIRECTION('',(1.,0.,0.));
#6891=DIRECTION('',(-0.706177311573351,0.708035030643989,0.));
#6892=DIRECTION('',(-4.95635278850517E-16,1.,0.));
#6893=DIRECTION('',(-0.706177311573351,-0.708035030643989,0.));
#6894=DIRECTION('',(0.,0.,1.));
#6895=DIRECTION('',(1.,0.,0.));
#6896=DIRECTION('',(-1.87537673078573E-16,1.,0.));
#6897=DIRECTION('',(0.,0.,1.));
#6898=DIRECTION('',(1.,0.,0.));
#6899=DIRECTION('',(0.,0.,1.));
#6900=DIRECTION('',(1.,0.,0.));
#6901=DIRECTION('',(1.,4.62592926927149E-16,0.));
#6902=DIRECTION('',(0.706177311573351,-0.708035030643989,0.));
#6903=DIRECTION('',(0.,0.,1.));
#6904=DIRECTION('',(1.,0.,0.));
#6905=DIRECTION('',(-1.,-2.47817639425259E-16,0.));
#6906=DIRECTION('',(0.,0.,1.));
#6907=DIRECTION('',(1.,0.,0.));
#6908=DIRECTION('',(-0.706177311573351,-0.708035030643989,0.));
#6909=DIRECTION('',(0.,0.,1.));
#6910=DIRECTION('',(1.,0.,0.));
#6911=DIRECTION('',(0.,0.,1.));
#6912=DIRECTION('',(1.,0.,0.));
#6913=DIRECTION('',(-1.,-4.33680868994199E-16,0.));
#6914=DIRECTION('',(0.,0.,1.));
#6915=DIRECTION('',(1.,0.,0.));
#6916=DIRECTION('',(0.706177311573351,-0.708035030643989,0.));
#6917=DIRECTION('',(-4.95635278850517E-16,1.,0.));
#6918=DIRECTION('',(0.,0.,1.));
#6919=DIRECTION('',(1.,0.,0.));
#6920=DIRECTION('',(1.,4.62592926927149E-16,0.));
#6921=DIRECTION('',(-0.706177311573351,0.708035030643989,0.));
#6922=DIRECTION('',(0.,0.,1.));
#6923=DIRECTION('',(1.,0.,0.));
#6924=DIRECTION('',(-1.,2.47817639425259E-16,0.));
#6925=DIRECTION('',(0.,0.,1.));
#6926=DIRECTION('',(1.,0.,0.));
#6927=DIRECTION('',(0.706177311573351,0.708035030643989,0.));
#6928=DIRECTION('',(0.0985394308030789,-0.0982808862793056,-0.99026806874157));
#6929=DIRECTION('',(-0.706177311573351,-0.708035030643989,0.));
#6930=DIRECTION('',(0.,-0.99511112816156,0.0987615441810642));
#6931=DIRECTION('',(-0.995085561870093,-6.27708467193317E-16,-0.0990188091105968));
#6932=DIRECTION('',(0.0985394308030789,-0.0982808862793056,-0.99026806874157));
#6933=DIRECTION('',(0.701144482397202,-0.699304842520856,0.139173100960065));
#6934=DIRECTION('',(-0.700225278301358,0.700225278301358,-0.139172983210004));
#6935=DIRECTION('',(-0.706177311573351,-0.708035030643989,0.));
#6936=DIRECTION('',(0.700225278301358,-0.700225278301358,0.139172983210004));
#6937=DIRECTION('',(0.0985394308030789,-0.0982808862793056,-0.99026806874157));
#6938=DIRECTION('',(0.701144482397202,-0.699304842520856,0.139173100960065));
#6939=DIRECTION('',(-0.0985394308030789,-0.0982808862793056,-0.99026806874157));
#6940=DIRECTION('',(0.706177311573351,-0.708035030643989,0.));
#6941=DIRECTION('',(-0.995085561870093,-6.27708467193316E-16,0.0990188091105969));
#6942=DIRECTION('',(0.,-0.99511112816156,0.0987615441810642));
#6943=DIRECTION('',(-0.0985394308030789,-0.0982808862793056,-0.99026806874157));
#6944=DIRECTION('',(-0.701144482397202,-0.699304842520856,0.139173100960065));
#6945=DIRECTION('',(-0.700225278301358,-0.700225278301358,0.139172983210004));
#6946=DIRECTION('',(0.706177311573351,-0.708035030643989,0.));
#6947=DIRECTION('',(0.700225278301358,0.700225278301358,-0.139172983210004));
#6948=DIRECTION('',(-0.0985394308030789,-0.0982808862793056,-0.99026806874157));
#6949=DIRECTION('',(-0.701144482397202,-0.699304842520856,0.139173100960065));
#6950=DIRECTION('',(0.,0.,-1.));
#6951=DIRECTION('',(-1.,0.,0.));
#6952=DIRECTION('',(0.,0.,-1.));
#6953=DIRECTION('',(0.,0.,-1.));
#6954=DIRECTION('',(-1.,0.,0.));
#6955=DIRECTION('',(0.,0.,-1.));
#6956=DIRECTION('',(0.,0.,-1.));
#6957=DIRECTION('',(-1.,0.,0.));
#6958=DIRECTION('',(0.,0.,1.));
#6959=DIRECTION('',(-1.,0.,0.));
#6960=DIRECTION('',(0.,0.,-1.));
#6961=DIRECTION('',(0.,0.,-1.));
#6962=DIRECTION('',(0.,0.,-1.));
#6963=DIRECTION('',(-1.,0.,0.));
#6964=DIRECTION('',(0.,0.,-1.));
#6965=DIRECTION('',(0.,0.,-1.));
#6966=DIRECTION('',(-1.,0.,0.));
#6967=DIRECTION('',(0.,0.,-1.));
#6968=DIRECTION('',(0.,0.,-1.));
#6969=DIRECTION('',(-1.,0.,0.));
#6970=DIRECTION('',(0.,0.,1.));
#6971=DIRECTION('',(-1.,0.,0.));
#6972=DIRECTION('',(0.,0.,-1.));
#6973=DIRECTION('',(0.,0.,-1.));
#6974=DIRECTION('',(-0.707106781186548,-0.707106781186548,0.));
#6975=DIRECTION('',(0.707106781186548,-0.707106781186548,0.));
#6976=DIRECTION('',(0.,0.,-1.));
#6977=DIRECTION('',(-0.707106781186548,0.707106781186548,0.));
#6978=DIRECTION('',(0.,0.,-1.));
#6979=DIRECTION('',(-1.,-1.87537673078573E-16,0.));
#6980=DIRECTION('',(1.87537673078573E-16,-1.,0.));
#6981=DIRECTION('',(0.,0.,-1.));
#6982=DIRECTION('',(0.,0.,-1.));
#6983=DIRECTION('',(2.47817639425259E-16,-1.,0.));
#6984=DIRECTION('',(1.,2.47817639425259E-16,0.));
#6985=DIRECTION('',(0.,0.,-1.));
#6986=DIRECTION('',(0.,0.,-1.));
#6987=DIRECTION('',(-0.707106781186548,-0.707106781186548,0.));
#6988=DIRECTION('',(0.707106781186548,-0.707106781186548,0.));
#6989=DIRECTION('',(0.,0.,-1.));
#6990=DIRECTION('',(0.,0.,-1.));
#6991=DIRECTION('',(-0.707106781186548,0.707106781186548,0.));
#6992=DIRECTION('',(0.,0.,1.));
#6993=DIRECTION('',(1.,0.,0.));
#6994=DIRECTION('',(0.,0.,1.));
#6995=DIRECTION('',(1.,0.,0.));
#6996=DIRECTION('',(0.,0.,1.));
#6997=DIRECTION('',(1.,0.,0.));
#6998=DIRECTION('',(0.,0.,1.));
#6999=DIRECTION('',(1.,0.,0.));
#7000=DIRECTION('',(0.,0.,1.));
#7001=DIRECTION('',(1.,0.,0.));
#7002=DIRECTION('',(0.,0.,1.));
#7003=DIRECTION('',(1.,0.,0.));
#7004=DIRECTION('',(0.,0.,1.));
#7005=DIRECTION('',(1.,0.,0.));
#7006=DIRECTION('',(0.,0.,1.));
#7007=DIRECTION('',(1.,0.,0.));
#7008=DIRECTION('',(0.,0.,-1.));
#7009=DIRECTION('',(-1.,0.,0.));
#7010=DIRECTION('',(0.,0.,-1.));
#7011=DIRECTION('',(-1.,0.,0.));
#7012=DIRECTION('',(0.,0.,-1.));
#7013=DIRECTION('',(-1.,0.,0.));
#7014=DIRECTION('',(0.,0.,-1.));
#7015=DIRECTION('',(-1.,0.,0.));
#7016=DIRECTION('',(0.,0.,-1.));
#7017=DIRECTION('',(-1.,0.,0.));
#7018=DIRECTION('',(0.,0.,-1.));
#7019=DIRECTION('',(-1.,0.,0.));
#7020=DIRECTION('',(0.,0.,-1.));
#7021=DIRECTION('',(0.,0.,1.));
#7022=DIRECTION('',(1.,0.,0.));
#7023=DIRECTION('',(-0.707106781186548,0.707106781186548,0.));
#7024=DIRECTION('',(0.707106781186548,0.707106781186548,0.));
#7025=DIRECTION('',(0.700225278301358,0.700225278301358,0.139172983210004));
#7026=DIRECTION('',(0.,0.,-1.));
#7027=DIRECTION('',(0.,0.,-1.));
#7028=DIRECTION('',(-0.707106781186548,-0.707106781186548,0.));
#7029=DIRECTION('',(2.47817639425259E-16,1.,0.));
#7030=DIRECTION('',(1.,-2.47817639425259E-16,0.));
#7031=DIRECTION('',(0.,0.,-1.));
#7032=DIRECTION('',(0.,0.,-1.));
#7033=DIRECTION('',(-0.707106781186548,0.707106781186548,0.));
#7034=DIRECTION('',(0.707106781186548,0.707106781186548,0.));
#7035=DIRECTION('',(0.,0.,-1.));
#7036=DIRECTION('',(-0.700225278301358,-0.700225278301358,-0.139172983210004));
#7037=DIRECTION('',(-0.707106781186548,-0.707106781186548,0.));
#7038=DIRECTION('',(0.,0.,-1.));
#7039=DIRECTION('',(0.,0.,1.));
#7040=DIRECTION('',(1.,0.,0.));
#7041=DIRECTION('',(0.,0.,-1.));
#7042=DIRECTION('',(1.,0.,0.));
#7043=DIRECTION('',(0.,0.,-1.));
#7044=DIRECTION('',(1.,0.,0.));
#7045=DIRECTION('',(0.,0.,-1.));
#7046=DIRECTION('',(1.,0.,0.));
#7047=DIRECTION('',(0.,0.,-1.));
#7048=DIRECTION('',(1.,0.,0.));
#7049=DIRECTION('',(0.,0.,-1.));
#7050=DIRECTION('',(1.,0.,0.));
#7051=DIRECTION('',(0.,0.,-1.));
#7052=DIRECTION('',(1.,0.,0.));
#7053=DIRECTION('',(-0.706177311573351,0.708035030643989,0.));
#7054=DIRECTION('',(0.,0.,-1.));
#7055=DIRECTION('',(1.,0.,0.));
#7056=DIRECTION('',(0.0985394308030789,0.0982808862793056,-0.99026806874157));
#7057=DIRECTION('',(-0.706177311573351,0.708035030643989,0.));
#7058=DIRECTION('',(-0.995085561870093,-6.27708467193316E-16,-0.0990188091105969));
#7059=DIRECTION('',(6.27724594628226E-16,-0.99511112816156,-0.0987615441810641));
#7060=DIRECTION('',(0.0985394308030789,0.0982808862793056,-0.99026806874157));
#7061=DIRECTION('',(0.701144482397202,0.699304842520856,0.139173100960065));
#7062=DIRECTION('',(0.0985394308030789,0.0982808862793056,-0.99026806874157));
#7063=DIRECTION('',(0.701144482397202,0.699304842520856,0.139173100960065));
#7064=DIRECTION('',(0.,0.,-1.));
#7065=DIRECTION('',(-1.,0.,0.));
#7066=DIRECTION('',(0.,0.,-1.));
#7067=DIRECTION('',(-1.,0.,0.));
#7068=DIRECTION('',(0.,0.,-1.));
#7069=DIRECTION('',(-1.,0.,0.));
#7070=DIRECTION('',(0.,0.,-1.));
#7071=DIRECTION('',(-1.,0.,0.));
#7072=DIRECTION('',(0.,0.,-1.));
#7073=DIRECTION('',(-1.,0.,0.));
#7074=DIRECTION('',(0.,0.,-1.));
#7075=DIRECTION('',(-1.,0.,0.));
#7076=DIRECTION('',(0.,0.,-1.));
#7077=DIRECTION('',(0.,0.,1.));
#7078=DIRECTION('',(1.,0.,0.));
#7079=DIRECTION('',(0.707106781186548,-0.707106781186548,0.));
#7080=DIRECTION('',(-0.707106781186548,-0.707106781186548,0.));
#7081=DIRECTION('',(0.,0.,-1.));
#7082=DIRECTION('',(0.,0.,-1.));
#7083=DIRECTION('',(0.707106781186548,0.707106781186548,0.));
#7084=DIRECTION('',(0.707106781186548,-0.707106781186548,0.));
#7085=DIRECTION('',(-0.707106781186548,-0.707106781186548,0.));
#7086=DIRECTION('',(0.,0.,-1.));
#7087=DIRECTION('',(0.707106781186548,0.707106781186548,0.));
#7088=DIRECTION('',(0.,0.,-1.));
#7089=DIRECTION('',(0.,0.,1.));
#7090=DIRECTION('',(-1.,0.,0.));
#7091=DIRECTION('',(0.,0.,-1.));
#7092=DIRECTION('',(-1.,0.,0.));
#7093=DIRECTION('',(0.,0.,-1.));
#7094=DIRECTION('',(-1.,0.,0.));
#7095=DIRECTION('',(0.,0.,-1.));
#7096=DIRECTION('',(-1.,0.,0.));
#7097=DIRECTION('',(0.,0.,-1.));
#7098=DIRECTION('',(-1.,0.,0.));
#7099=DIRECTION('',(0.,0.,-1.));
#7100=DIRECTION('',(-1.,0.,0.));
#7101=DIRECTION('',(0.,0.,-1.));
#7102=DIRECTION('',(-1.,0.,0.));
#7103=DIRECTION('',(0.,0.,-1.));
#7104=DIRECTION('',(-1.,0.,0.));
#7105=DIRECTION('',(0.,0.,-1.));
#7106=DIRECTION('',(1.,0.,0.));
#7107=DIRECTION('',(0.,0.,-1.));
#7108=DIRECTION('',(1.,0.,0.));
#7109=DIRECTION('',(0.,0.,-1.));
#7110=DIRECTION('',(1.,0.,0.));
#7111=DIRECTION('',(0.,0.,-1.));
#7112=DIRECTION('',(1.,0.,0.));
#7113=DIRECTION('',(0.,0.,-1.));
#7114=DIRECTION('',(1.,0.,0.));
#7115=DIRECTION('',(0.,0.,-1.));
#7116=DIRECTION('',(1.,0.,0.));
#7117=DIRECTION('',(0.,0.,-1.));
#7118=DIRECTION('',(0.,0.,1.));
#7119=DIRECTION('',(-1.,0.,0.));
#7120=DIRECTION('',(0.707106781186548,0.707106781186548,0.));
#7121=DIRECTION('',(-0.707106781186548,0.707106781186548,0.));
#7122=DIRECTION('',(0.,0.,-1.));
#7123=DIRECTION('',(-0.700225278301358,0.700225278301358,0.139172983210004));
#7124=DIRECTION('',(0.707106781186548,-0.707106781186548,0.));
#7125=DIRECTION('',(0.,0.,-1.));
#7126=DIRECTION('',(0.707106781186548,0.707106781186548,0.));
#7127=DIRECTION('',(-0.707106781186548,0.707106781186548,0.));
#7128=DIRECTION('',(0.700225278301358,-0.700225278301358,-0.139172983210004));
#7129=DIRECTION('',(0.,0.,-1.));
#7130=DIRECTION('',(0.,0.,-1.));
#7131=DIRECTION('',(0.707106781186548,-0.707106781186548,0.));
#7132=DIRECTION('',(0.,0.,1.));
#7133=DIRECTION('',(-1.,0.,0.));
#7134=DIRECTION('',(0.,0.,1.));
#7135=DIRECTION('',(-1.,0.,0.));
#7136=DIRECTION('',(0.,0.,1.));
#7137=DIRECTION('',(-1.,0.,0.));
#7138=DIRECTION('',(0.,0.,1.));
#7139=DIRECTION('',(-1.,0.,0.));
#7140=DIRECTION('',(0.,0.,1.));
#7141=DIRECTION('',(-1.,0.,0.));
#7142=DIRECTION('',(0.,0.,1.));
#7143=DIRECTION('',(-1.,0.,0.));
#7144=DIRECTION('',(0.,0.,1.));
#7145=DIRECTION('',(-1.,0.,0.));
#7146=DIRECTION('',(0.,0.,1.));
#7147=DIRECTION('',(-1.,0.,0.));
#7148=DIRECTION('',(0.706177311573351,0.708035030643989,0.));
#7149=DIRECTION('',(-0.0985394308030789,0.0982808862793056,-0.99026806874157));
#7150=DIRECTION('',(0.706177311573351,0.708035030643989,0.));
#7151=DIRECTION('',(6.27724594628226E-16,-0.99511112816156,-0.0987615441810642));
#7152=DIRECTION('',(-0.995085561870093,-6.27708467193316E-16,0.0990188091105968));
#7153=DIRECTION('',(-0.0985394308030789,0.0982808862793056,-0.99026806874157));
#7154=DIRECTION('',(-0.701144482397202,0.699304842520856,0.139173100960065));
#7155=DIRECTION('',(-0.0985394308030789,0.0982808862793056,-0.99026806874157));
#7156=DIRECTION('',(-0.701144482397202,0.699304842520856,0.139173100960065));
#7157=DIRECTION('',(0.,0.,-1.));
#7158=DIRECTION('',(1.,0.,0.));
#7159=DIRECTION('',(0.,0.,-1.));
#7160=DIRECTION('',(1.,0.,0.));
#7161=DIRECTION('',(0.,0.,-1.));
#7162=DIRECTION('',(1.,0.,0.));
#7163=DIRECTION('',(0.,0.,-1.));
#7164=DIRECTION('',(1.,0.,0.));
#7165=DIRECTION('',(0.,0.,-1.));
#7166=DIRECTION('',(1.,0.,0.));
#7167=DIRECTION('',(0.,0.,-1.));
#7168=DIRECTION('',(1.,0.,0.));
#7169=DIRECTION('',(0.,0.,-1.));
#7170=DIRECTION('',(0.,0.,1.));
#7171=DIRECTION('',(-1.,0.,0.));
#7172=DIRECTION('',(4.62592926927149E-16,-1.,0.));
#7173=DIRECTION('',(1.,4.62592926927149E-16,0.));
#7174=DIRECTION('',(0.,0.,-1.));
#7175=DIRECTION('',(-1.,-6.30808536718838E-16,0.));
#7176=DIRECTION('',(-1.,-6.30808536718838E-16,0.));
#7177=DIRECTION('',(0.,0.,-1.));
#7178=DIRECTION('',(1.,4.95635278850517E-16,0.));
#7179=DIRECTION('',(-4.95635278850517E-16,1.,0.));
#7180=DIRECTION('',(6.30808536718838E-16,-1.,0.));
#7181=DIRECTION('',(0.,-1.,0.));
#7182=DIRECTION('',(0.,0.,-1.));
#7183=DIRECTION('',(4.62592926927149E-16,-1.,0.));
#7184=DIRECTION('',(1.,4.62592926927149E-16,0.));
#7185=DIRECTION('',(-1.,-6.30808536718838E-16,0.));
#7186=DIRECTION('',(-1.,-6.30808536718838E-16,0.));
#7187=DIRECTION('',(0.,0.,-1.));
#7188=DIRECTION('',(1.,4.95635278850517E-16,0.));
#7189=DIRECTION('',(-4.95635278850517E-16,1.,0.));
#7190=DIRECTION('',(-4.95635278850517E-16,1.,0.));
#7191=DIRECTION('',(0.,0.,1.));
#7192=DIRECTION('',(0.,-1.,0.));
#7193=DIRECTION('',(6.30808536718838E-16,-1.,0.));
#7194=DIRECTION('',(0.,0.,1.));
#7195=DIRECTION('',(0.,0.,-1.));
#7196=DIRECTION('',(-1.,0.,0.));
#7197=DIRECTION('',(0.,0.,-1.));
#7198=DIRECTION('',(-1.,0.,0.));
#7199=DIRECTION('',(0.,0.,-1.));
#7200=DIRECTION('',(-1.,0.,0.));
#7201=DIRECTION('',(0.,0.,1.));
#7202=DIRECTION('',(-1.,0.,0.));
#7203=DIRECTION('',(0.,0.,-1.));
#7204=DIRECTION('',(-1.,0.,0.));
#7205=DIRECTION('',(0.,0.,1.));
#7206=DIRECTION('',(-1.,0.,0.));
#7207=DIRECTION('',(0.,0.,-1.));
#7208=DIRECTION('',(-1.,0.,0.));
#7209=DIRECTION('',(0.,0.,-1.));
#7210=DIRECTION('',(-1.,0.,0.));
#7211=DIRECTION('',(0.,0.,-1.));
#7212=DIRECTION('',(1.,0.,0.));
#7213=DIRECTION('',(0.,0.,-1.));
#7214=DIRECTION('',(1.,0.,0.));
#7215=DIRECTION('',(0.,0.,-1.));
#7216=DIRECTION('',(1.,0.,0.));
#7217=DIRECTION('',(0.,0.,-1.));
#7218=DIRECTION('',(1.,0.,0.));
#7219=DIRECTION('',(0.,0.,1.));
#7220=DIRECTION('',(1.,0.,0.));
#7221=DIRECTION('',(0.,0.,1.));
#7222=DIRECTION('',(1.,0.,0.));
#7223=DIRECTION('',(0.,0.,1.));
#7224=DIRECTION('',(1.,0.,0.));
#7225=DIRECTION('',(0.,0.,1.));
#7226=DIRECTION('',(1.,0.,0.));
#7227=DIRECTION('',(0.,0.,1.));
#7228=DIRECTION('',(1.,0.,0.));
#7229=DIRECTION('',(0.,0.,1.));
#7230=DIRECTION('',(1.,0.,0.));
#7231=DIRECTION('',(0.,0.,1.));
#7232=DIRECTION('',(1.,0.,0.));
#7233=DIRECTION('',(0.,0.,1.));
#7234=DIRECTION('',(1.,0.,0.));
#7235=DIRECTION('',(0.,1.,0.));
#7236=DIRECTION('',(0.,0.,1.));
#7237=DIRECTION('',(1.,0.,0.));
#7238=DIRECTION('',(-1.,0.,0.));
#7239=DIRECTION('',(-4.33680868994199E-16,1.,0.));
#7240=DIRECTION('',(-1.,-4.33680868994199E-16,0.));
#7241=DIRECTION('',(-1.,-4.33680868994199E-16,0.));
#7242=DIRECTION('',(0.,0.,1.));
#7243=DIRECTION('',(1.,0.,0.));
#7244=DIRECTION('',(-1.23908819712629E-16,1.,0.));
#7245=DIRECTION('',(-1.,-1.23908819712629E-16,0.));
#7246=DIRECTION('',(1.,1.23908819712629E-16,0.));
#7247=DIRECTION('',(0.,0.,1.));
#7248=DIRECTION('',(1.,0.,0.));
#7249=DIRECTION('',(-0.86978293116478,-0.493434547487712,0.));
#7250=DIRECTION('',(0.493434547487712,-0.86978293116478,0.));
#7251=DIRECTION('',(0.,0.,-1.));
#7252=DIRECTION('',(-0.493434547487713,0.86978293116478,0.));
#7253=DIRECTION('',(0.,0.,-1.));
#7254=DIRECTION('',(-0.86978293116478,0.493434547487712,0.));
#7255=DIRECTION('',(-0.493434547487712,-0.86978293116478,0.));
#7256=DIRECTION('',(0.,0.,-1.));
#7257=DIRECTION('',(0.493434547487713,0.86978293116478,0.));
#7258=DIRECTION('',(0.,-1.,0.));
#7259=DIRECTION('',(0.,0.,-1.));
#7260=DIRECTION('',(0.,0.,-1.));
#7261=DIRECTION('',(-1.,0.,0.));
#7262=DIRECTION('',(-0.86978293116478,-0.493434547487712,0.));
#7263=DIRECTION('',(0.493434547487712,-0.86978293116478,0.));
#7264=DIRECTION('',(0.,0.,-1.));
#7265=DIRECTION('',(-0.493434547487712,0.86978293116478,0.));
#7266=DIRECTION('',(-0.86978293116478,0.493434547487712,0.));
#7267=DIRECTION('',(-0.493434547487712,-0.86978293116478,0.));
#7268=DIRECTION('',(0.,0.,-1.));
#7269=DIRECTION('',(0.493434547487713,0.86978293116478,0.));
#7270=DIRECTION('',(0.,-1.,0.));
#7271=DIRECTION('',(0.,0.,-1.));
#7272=DIRECTION('',(-1.,0.,0.));
#7273=DIRECTION('',(0.,0.,-1.));
#7274=DIRECTION('',(1.,0.,0.));
#7275=DIRECTION('',(0.,0.,-1.));
#7276=DIRECTION('',(-1.,0.,0.));
#7277=DIRECTION('',(0.,0.,-1.));
#7278=DIRECTION('',(-1.,0.,0.));
#7279=DIRECTION('',(-9.99477276539115E-32,-1.33226762955018E-15,-1.));
#7280=DIRECTION('',(1.,-4.02334801842277E-31,-9.9947727653911E-32));
#7281=CARTESIAN_POINT('',(0.,0.,0.));
#7282=CARTESIAN_POINT('',(-1.7347234759768E-18,-6.50521303491303E-19,0.002));
#7283=CARTESIAN_POINT('',(-0.00207055236082017,0.00772740661031255,0.002));
#7284=CARTESIAN_POINT('',(-0.00207055236082017,0.00772740661031254,0.));
#7285=CARTESIAN_POINT('',(-0.00207055236082017,0.00772740661031254,0.001));
#7286=CARTESIAN_POINT('',(-0.00207055236082017,0.00772740661031254,0.001));
#7287=CARTESIAN_POINT('',(-0.00207055236082017,0.00772740661031254,0.00133533797654344));
#7288=CARTESIAN_POINT('',(-0.00209548269242411,0.00772085700815705,0.00166867710623897));
#7289=CARTESIAN_POINT('',(-0.00214536129250171,0.00770697248760078,0.002));
#7290=CARTESIAN_POINT('',(-0.00214536129250171,0.00770697248760078,0.002));
#7291=CARTESIAN_POINT('',(-1.7347234759768E-18,-6.50521303491303E-19,0.002));
#7292=CARTESIAN_POINT('',(-0.00214536129250172,-0.00770697248760078,0.002));
#7293=CARTESIAN_POINT('',(-0.00214536129250172,-0.00770697248760078,0.002));
#7294=CARTESIAN_POINT('',(-0.00209548269242411,-0.00772085700815705,0.00166867710623897));
#7295=CARTESIAN_POINT('',(-0.00207055236082018,-0.00772740661031255,0.00133533797654344));
#7296=CARTESIAN_POINT('',(-0.00207055236082018,-0.00772740661031255,0.001));
#7297=CARTESIAN_POINT('',(-0.00207055236082017,-0.00772740661031255,0.001));
#7298=CARTESIAN_POINT('',(-0.00207055236082017,-0.00772740661031255,0.002));
#7299=CARTESIAN_POINT('',(-0.00207055236082017,-0.00772740661031255,0.));
#7300=CARTESIAN_POINT('',(-1.7347234759768E-18,-6.50521303491303E-19,0.));
#7301=CARTESIAN_POINT('',(-0.0155373444688382,0.0183657715935844,0.002));
#7302=CARTESIAN_POINT('',(-0.00406301201267857,0.00689143913742475,0.001));
#7303=CARTESIAN_POINT('',(-0.0238648538650458,0.026693280989792,0.001));
#7304=CARTESIAN_POINT('',(-0.00593425566597644,0.00876268279072263,0.001));
#7305=CARTESIAN_POINT('',(-0.00593425566597645,0.00876268279072263,0.));
#7306=CARTESIAN_POINT('',(-0.00593425566597645,0.00876268279072263,0.));
#7307=CARTESIAN_POINT('',(-0.0155373444688382,0.0183657715935844,0.));
#7308=CARTESIAN_POINT('',(-0.0238648538650458,0.026693280989792,0.));
#7309=CARTESIAN_POINT('',(-0.0238648538650458,0.026693280989792,0.002));
#7310=CARTESIAN_POINT('',(-0.0191437683026102,0.0361143310510873,0.002));
#7311=CARTESIAN_POINT('',(-0.0186814491982834,0.0356520119467605,0.002));
#7312=CARTESIAN_POINT('',(-0.0186814491982834,0.0356520119467605,0.014));
#7313=CARTESIAN_POINT('',(-0.0186814491982834,0.0356520119467605,0.006));
#7314=CARTESIAN_POINT('',(-0.0191437683026102,0.0361143310510873,0.006));
#7315=CARTESIAN_POINT('',(-0.0196060874069369,0.036576650155414,0.006));
#7316=CARTESIAN_POINT('',(-0.0196060874069369,0.036576650155414,0.002));
#7317=CARTESIAN_POINT('',(-0.0196060874069369,0.036576650155414,0.014));
#7318=CARTESIAN_POINT('',(-0.0186814491982834,0.0356520119467605,0.014));
#7319=CARTESIAN_POINT('',(0.,-3.46944695195361E-18,0.002));
#7320=CARTESIAN_POINT('',(-0.0196060874069369,0.036576650155414,0.006));
#7321=CARTESIAN_POINT('',(-0.0196060874069369,0.036576650155414,0.00439665349975442));
#7322=CARTESIAN_POINT('',(-0.0208565706009374,0.0359379106786689,0.00128812030414502));
#7323=CARTESIAN_POINT('',(-0.0235089689968354,0.0342366201900735,4.2319958831843E-19));
#7324=CARTESIAN_POINT('',(-0.02479397412935,0.0332792555035885,3.16631043304627E-19));
#7325=CARTESIAN_POINT('',(-0.02479397412935,0.0332792555035885,0.));
#7326=CARTESIAN_POINT('',(0.,-3.46944695195361E-18,0.));
#7327=CARTESIAN_POINT('',(-0.02479397412935,-0.0332792555035885,0.));
#7328=CARTESIAN_POINT('',(-0.02479397412935,-0.0332792555035885,0.));
#7329=CARTESIAN_POINT('',(-0.0241511866257603,-0.0337581501330958,-9.03342669408842E-19));
#7330=CARTESIAN_POINT('',(-0.0228586198890494,-0.0346619145722348,0.000313122495207145));
#7331=CARTESIAN_POINT('',(-0.0205400068323757,-0.0360954083546303,0.00206657234382833));
#7332=CARTESIAN_POINT('',(-0.0196060874069369,-0.036576650155414,0.0043960327260724));
#7333=CARTESIAN_POINT('',(-0.0196060874069369,-0.036576650155414,0.006));
#7334=CARTESIAN_POINT('',(-0.0196060874069369,-0.036576650155414,0.006));
#7335=CARTESIAN_POINT('',(-0.0196060874069369,-0.036576650155414,0.002));
#7336=CARTESIAN_POINT('',(-0.0196060874069369,-0.036576650155414,0.014));
#7337=CARTESIAN_POINT('',(-0.0196060874069369,-0.036576650155414,0.014));
#7338=CARTESIAN_POINT('',(-0.0196060874069369,-0.036576650155414,0.0156033465002456));
#7339=CARTESIAN_POINT('',(-0.0208565706009374,-0.0359379106786689,0.018711879695855));
#7340=CARTESIAN_POINT('',(-0.0235089689968354,-0.0342366201900735,0.02));
#7341=CARTESIAN_POINT('',(-0.02479397412935,-0.0332792555035885,0.02));
#7342=CARTESIAN_POINT('',(-0.02479397412935,-0.0332792555035885,0.02));
#7343=CARTESIAN_POINT('',(0.,-3.46944695195361E-18,0.02));
#7344=CARTESIAN_POINT('',(-0.02479397412935,0.0332792555035885,0.02));
#7345=CARTESIAN_POINT('',(-0.02479397412935,0.0332792555035885,0.02));
#7346=CARTESIAN_POINT('',(-0.0241511866257603,0.0337581501330958,0.02));
#7347=CARTESIAN_POINT('',(-0.0228586198890494,0.0346619145722347,0.0196868775047928));
#7348=CARTESIAN_POINT('',(-0.0205400068323757,0.0360954083546303,0.0179334276561717));
#7349=CARTESIAN_POINT('',(-0.0196060874069369,0.036576650155414,0.0156039672739276));
#7350=CARTESIAN_POINT('',(-0.0196060874069369,0.036576650155414,0.014));
#7351=CARTESIAN_POINT('',(-0.0191437683026102,-0.0361143310510873,0.002));
#7352=CARTESIAN_POINT('',(-0.0186814491982834,-0.0356520119467605,0.006));
#7353=CARTESIAN_POINT('',(-0.0186814491982834,-0.0356520119467605,0.006));
#7354=CARTESIAN_POINT('',(-0.0186814491982834,-0.0356520119467605,0.002));
#7355=CARTESIAN_POINT('',(-0.0186814491982834,-0.0356520119467605,0.014));
#7356=CARTESIAN_POINT('',(-0.0191437683026102,-0.0361143310510873,0.014));
#7357=CARTESIAN_POINT('',(-7.80625564189563E-17,-1.6306400674182E-16,0.002));
#7358=CARTESIAN_POINT('',(-0.0233576876219878,0.0327792759064872,0.002));
#7359=CARTESIAN_POINT('',(-0.0233576876219878,0.0327792759064872,0.001));
#7360=CARTESIAN_POINT('',(-0.0233576876219878,0.0327792759064872,3.66398159343997E-5));
#7361=CARTESIAN_POINT('',(-0.0233576876219878,0.0327792759064872,3.66398159343997E-5));
#7362=CARTESIAN_POINT('',(-0.0227538763973812,0.0332095365994704,0.000117819608221068));
#7363=CARTESIAN_POINT('',(-0.0215664520265943,0.0340047256689608,0.000543310138380842));
#7364=CARTESIAN_POINT('',(-0.0194898239811618,0.0352443380331254,0.0023362638260987));
#7365=CARTESIAN_POINT('',(-0.0186814491982832,0.0356520119467604,0.00450729040555092));
#7366=CARTESIAN_POINT('',(-0.0186814491982832,0.0356520119467604,0.006));
#7367=CARTESIAN_POINT('',(-0.0186814491982834,0.0356520119467605,0.014));
#7368=CARTESIAN_POINT('',(-0.0186814491982834,0.0356520119467605,0.0156045860882059));
#7369=CARTESIAN_POINT('',(-0.0199442045703566,0.0350226803445441,0.0187132207147595));
#7370=CARTESIAN_POINT('',(-0.0226101195744731,0.0333379149208303,0.02));
#7371=CARTESIAN_POINT('',(-0.0239004090765434,0.0323856904507818,0.02));
#7372=CARTESIAN_POINT('',(-0.0239004090765438,0.0323856904507824,0.02));
#7373=CARTESIAN_POINT('',(2.28983498828938E-16,2.37657116208822E-16,0.02));
#7374=CARTESIAN_POINT('',(-0.0239004090765435,-0.0323856904507821,0.02));
#7375=CARTESIAN_POINT('',(-0.0239004090765435,-0.0323856904507821,0.02));
#7376=CARTESIAN_POINT('',(-0.0232549618797355,-0.0328620258886343,0.02));
#7377=CARTESIAN_POINT('',(-0.021956504175497,-0.033759327189757,0.0196868383935719));
#7378=CARTESIAN_POINT('',(-0.0196244477541755,-0.0351777493688767,0.0179348658614929));
#7379=CARTESIAN_POINT('',(-0.0186814491982834,-0.0356520119467605,0.015605251427805));
#7380=CARTESIAN_POINT('',(-0.0186814491982834,-0.0356520119467605,0.014));
#7381=CARTESIAN_POINT('',(-0.0186814491982834,-0.0356520119467605,0.006));
#7382=CARTESIAN_POINT('',(-0.0186814491982834,-0.0356520119467605,0.00450851780784407));
#7383=CARTESIAN_POINT('',(-0.0197666168252498,-0.0351082093759629,0.00160789859555974));
#7384=CARTESIAN_POINT('',(-0.0221510733825534,-0.0336390788675217,0.000198863851089169));
#7385=CARTESIAN_POINT('',(-0.023357687621988,-0.0327792759064874,3.66398159343939E-5));
#7386=CARTESIAN_POINT('',(-0.023357687621988,-0.0327792759064874,3.66398159343945E-5));
#7387=CARTESIAN_POINT('',(-0.023357687621988,-0.0327792759064874,0.002));
#7388=CARTESIAN_POINT('',(-0.023357687621988,-0.0327792759064874,0.001));
#7389=CARTESIAN_POINT('',(-0.023357687621988,-0.0327792759064874,0.001));
#7390=CARTESIAN_POINT('',(-0.0233576876219881,-0.0327792759064874,0.00170002676637857));
#7391=CARTESIAN_POINT('',(-0.0236334054406148,-0.0325851522272187,0.00307789602817786));
#7392=CARTESIAN_POINT('',(-0.0246982932684035,-0.0317952342579561,0.00473014242685273));
#7393=CARTESIAN_POINT('',(-0.0261313073269604,-0.0306356033657776,0.00576563469460338));
#7394=CARTESIAN_POINT('',(-0.0271581552383209,-0.0297150499597753,0.006));
#7395=CARTESIAN_POINT('',(-0.027665084112819,-0.0292353488269022,0.006));
#7396=CARTESIAN_POINT('',(-0.027665084112819,-0.0292353488269022,0.006));
#7397=CARTESIAN_POINT('',(-7.80625564189563E-17,-1.6306400674182E-16,0.006));
#7398=CARTESIAN_POINT('',(-0.0292353488269022,-0.027665084112819,0.006));
#7399=CARTESIAN_POINT('',(-0.0292353488269022,-0.027665084112819,0.006));
#7400=CARTESIAN_POINT('',(-0.030194956597101,-0.026651009194978,0.006));
#7401=CARTESIAN_POINT('',(-0.0315324918799051,-0.0250548456373,0.00528222579728152));
#7402=CARTESIAN_POINT('',(-0.0325868841206541,-0.0236305621360773,0.0030711995252698));
#7403=CARTESIAN_POINT('',(-0.0327792759064875,-0.023357687621988,0.00170022389170848));
#7404=CARTESIAN_POINT('',(-0.0327792759064875,-0.023357687621988,0.001));
#7405=CARTESIAN_POINT('',(-0.0327792759064874,-0.023357687621988,0.001));
#7406=CARTESIAN_POINT('',(-0.0327792759064875,-0.023357687621988,0.002));
#7407=CARTESIAN_POINT('',(-0.0327792759064875,-0.023357687621988,0.));
#7408=CARTESIAN_POINT('',(0.,5.20417042793042E-18,0.));
#7409=CARTESIAN_POINT('',(-0.0327792759064875,0.023357687621988,0.));
#7410=CARTESIAN_POINT('',(-0.0327792759064872,0.0233576876219879,0.002));
#7411=CARTESIAN_POINT('',(-0.0327792759064872,0.0233576876219879,0.001));
#7412=CARTESIAN_POINT('',(-0.0327792759064872,0.0233576876219879,0.001));
#7413=CARTESIAN_POINT('',(-0.0327792759064872,0.0233576876219879,0.00170002676637857));
#7414=CARTESIAN_POINT('',(-0.0325851522272185,0.0236334054406146,0.00307789602817786));
#7415=CARTESIAN_POINT('',(-0.031795234257956,0.0246982932684034,0.00473014242685273));
#7416=CARTESIAN_POINT('',(-0.0306356033657774,0.0261313073269602,0.00576563469460338));
#7417=CARTESIAN_POINT('',(-0.0297150499597751,0.0271581552383208,0.006));
#7418=CARTESIAN_POINT('',(-0.0292353488269021,0.0276650841128188,0.006));
#7419=CARTESIAN_POINT('',(-0.0292353488269021,0.0276650841128188,0.006));
#7420=CARTESIAN_POINT('',(-7.80625564189563E-17,-1.6306400674182E-16,0.006));
#7421=CARTESIAN_POINT('',(-0.0276650841128188,0.0292353488269021,0.006));
#7422=CARTESIAN_POINT('',(-0.0276650841128188,0.0292353488269021,0.006));
#7423=CARTESIAN_POINT('',(-0.0266510091949779,0.0301949565971009,0.00599999999999999));
#7424=CARTESIAN_POINT('',(-0.0250548456372999,0.031532491879905,0.00528222579728151));
#7425=CARTESIAN_POINT('',(-0.0236305621360771,0.0325868841206539,0.00307119952526978));
#7426=CARTESIAN_POINT('',(-0.0233576876219878,0.0327792759064872,0.00170022389170847));
#7427=CARTESIAN_POINT('',(-0.0233576876219878,0.0327792759064872,0.001));
#7428=CARTESIAN_POINT('',(-0.0183657715935844,0.0155373444688382,0.002));
#7429=CARTESIAN_POINT('',(-0.0183657715935844,0.0155373444688382,0.));
#7430=CARTESIAN_POINT('',(-0.00876268279072263,0.00593425566597644,0.));
#7431=CARTESIAN_POINT('',(-0.0266932809897921,0.0238648538650458,0.));
#7432=CARTESIAN_POINT('',(-0.00876268279072263,0.00593425566597644,0.002));
#7433=CARTESIAN_POINT('',(-0.00876268279072263,0.00593425566597644,0.001));
#7434=CARTESIAN_POINT('',(-0.0183657715935844,0.0155373444688382,0.001));
#7435=CARTESIAN_POINT('',(-0.0266932809897921,0.0238648538650458,0.001));
#7436=CARTESIAN_POINT('',(-0.0266932809897921,0.0238648538650458,0.));
#7437=CARTESIAN_POINT('',(-1.7347234759768E-18,2.60208521396521E-18,0.002));
#7438=CARTESIAN_POINT('',(-0.00772740661031255,-0.00207055236082016,0.002));
#7439=CARTESIAN_POINT('',(-0.00772740661031255,-0.00207055236082016,0.));
#7440=CARTESIAN_POINT('',(-0.00772740661031255,-0.00207055236082016,0.001));
#7441=CARTESIAN_POINT('',(-0.00772740661031255,-0.00207055236082016,0.001));
#7442=CARTESIAN_POINT('',(-0.00772740661031255,-0.00207055236082016,0.00133533797654344));
#7443=CARTESIAN_POINT('',(-0.00772085700815705,-0.0020954826924241,0.00166867710623897));
#7444=CARTESIAN_POINT('',(-0.00770697248760078,-0.00214536129250171,0.002));
#7445=CARTESIAN_POINT('',(-0.00770697248760078,-0.00214536129250171,0.002));
#7446=CARTESIAN_POINT('',(-1.7347234759768E-18,2.60208521396521E-18,0.002));
#7447=CARTESIAN_POINT('',(-0.00770697248760078,0.00214536129250171,0.002));
#7448=CARTESIAN_POINT('',(-0.00770697248760078,0.00214536129250171,0.002));
#7449=CARTESIAN_POINT('',(-0.00772085700815705,0.00209548269242411,0.00166867710623897));
#7450=CARTESIAN_POINT('',(-0.00772740661031255,0.00207055236082017,0.00133533797654344));
#7451=CARTESIAN_POINT('',(-0.00772740661031255,0.00207055236082017,0.001));
#7452=CARTESIAN_POINT('',(-0.00772740661031255,0.00207055236082017,0.001));
#7453=CARTESIAN_POINT('',(-0.00772740661031255,0.00207055236082017,0.002));
#7454=CARTESIAN_POINT('',(-0.00772740661031255,0.00207055236082016,0.));
#7455=CARTESIAN_POINT('',(-1.7347234759768E-18,2.60208521396521E-18,0.));
#7456=CARTESIAN_POINT('',(-0.0183657715935844,-0.0155373444688382,0.002));
#7457=CARTESIAN_POINT('',(-0.00689143913742476,-0.00406301201267857,0.001));
#7458=CARTESIAN_POINT('',(-0.0266932809897922,-0.023864853865046,0.001));
#7459=CARTESIAN_POINT('',(-0.00876268279072263,-0.00593425566597644,0.001));
#7460=CARTESIAN_POINT('',(-0.00876268279072263,-0.00593425566597644,0.));
#7461=CARTESIAN_POINT('',(-0.00876268279072263,-0.00593425566597644,0.));
#7462=CARTESIAN_POINT('',(-0.0183657715935844,-0.0155373444688382,0.));
#7463=CARTESIAN_POINT('',(-0.0266932809897922,-0.0238648538650459,0.));
#7464=CARTESIAN_POINT('',(-0.0266932809897922,-0.0238648538650459,0.002));
#7465=CARTESIAN_POINT('',(0.,1.83697019872103E-19,0.002));
#7466=CARTESIAN_POINT('',(0.,1.83697019872103E-19,0.002));
#7467=CARTESIAN_POINT('',(0.003,1.83697019872103E-19,0.002));
#7468=CARTESIAN_POINT('',(0.,1.83697019872103E-19,0.));
#7469=CARTESIAN_POINT('',(0.003,1.83697019872103E-19,0.));
#7470=CARTESIAN_POINT('',(-0.00459619407771256,4.40777125597911E-8,0.002));
#7471=CARTESIAN_POINT('',(-0.00459619407771256,4.40777125597911E-8,0.002));
#7472=CARTESIAN_POINT('',(-0.00349619407771256,4.40777125597911E-8,0.002));
#7473=CARTESIAN_POINT('',(-0.00459619407771256,4.40777125597911E-8,0.));
#7474=CARTESIAN_POINT('',(-0.00349619407771256,4.40777125597911E-8,0.));
#7475=CARTESIAN_POINT('',(0.00459619407771257,4.40777125701995E-8,0.002));
#7476=CARTESIAN_POINT('',(0.00459619407771257,4.40777125701995E-8,0.002));
#7477=CARTESIAN_POINT('',(0.00569619407771257,4.40777125701995E-8,0.002));
#7478=CARTESIAN_POINT('',(0.00459619407771257,4.40777125701995E-8,0.));
#7479=CARTESIAN_POINT('',(0.00569619407771257,4.40777125701995E-8,0.));
#7480=CARTESIAN_POINT('',(9.48676900924816E-18,0.00459623815542513,0.002));
#7481=CARTESIAN_POINT('',(9.48676900924816E-18,0.00459623815542513,0.002));
#7482=CARTESIAN_POINT('',(0.00110000000000001,0.00459623815542513,0.002));
#7483=CARTESIAN_POINT('',(9.48676900924816E-18,0.00459623815542513,0.));
#7484=CARTESIAN_POINT('',(0.00110000000000001,0.00459623815542513,0.));
#7485=CARTESIAN_POINT('',(-5.42101086242752E-20,-0.00459615,0.002));
#7486=CARTESIAN_POINT('',(-5.42101086242752E-20,-0.00459615,0.002));
#7487=CARTESIAN_POINT('',(0.0011,-0.00459615,0.002));
#7488=CARTESIAN_POINT('',(-5.42101086242752E-20,-0.00459615,0.));
#7489=CARTESIAN_POINT('',(0.0011,-0.00459615,0.));
#7490=CARTESIAN_POINT('',(-0.0155373444688382,-0.0183657715935844,0.002));
#7491=CARTESIAN_POINT('',(-0.0155373444688382,-0.0183657715935844,0.));
#7492=CARTESIAN_POINT('',(-0.00593425566597645,-0.00876268279072263,0.));
#7493=CARTESIAN_POINT('',(-0.023864853865046,-0.0266932809897922,0.));
#7494=CARTESIAN_POINT('',(-0.00593425566597645,-0.00876268279072263,0.002));
#7495=CARTESIAN_POINT('',(-0.00593425566597645,-0.00876268279072263,0.001));
#7496=CARTESIAN_POINT('',(-0.0155373444688382,-0.0183657715935844,0.001));
#7497=CARTESIAN_POINT('',(-0.023864853865046,-0.0266932809897922,0.001));
#7498=CARTESIAN_POINT('',(-0.023864853865046,-0.0266932809897922,0.));
#7499=CARTESIAN_POINT('',(0.,0.,0.002));
#7500=CARTESIAN_POINT('',(-0.0291329972685574,-0.0277187837061843,0.002));
#7501=CARTESIAN_POINT('',(-0.00916287404383043,-0.00774866048145733,0.002));
#7502=CARTESIAN_POINT('',(-0.0263299725459678,-0.0249157589835947,0.002));
#7503=CARTESIAN_POINT('',(-7.80625564189563E-17,-1.6306400674182E-16,0.002));
#7504=CARTESIAN_POINT('',(-0.0249157589835948,-0.0263299725459678,0.002));
#7505=CARTESIAN_POINT('',(0.000707106781186546,-0.000707106781186547,0.002));
#7506=CARTESIAN_POINT('',(-0.00774866048145734,-0.00916287404383043,0.002));
#7507=CARTESIAN_POINT('',(-0.00214536129250172,-0.00770697248760078,0.002));
#7508=CARTESIAN_POINT('',(-0.00310839524391836,-0.00743889630514935,0.002));
#7509=CARTESIAN_POINT('',(-0.00514935310752838,-0.00763541835203455,0.002));
#7510=CARTESIAN_POINT('',(-0.0068418548765639,-0.00878029435388863,0.002));
#7511=CARTESIAN_POINT('',(-0.00774866048145734,-0.00916287404383043,0.002));
#7512=CARTESIAN_POINT('',(-0.00214536129250171,0.00770697248760078,0.002));
#7513=CARTESIAN_POINT('',(-0.00310839524391836,0.00743889630514935,0.002));
#7514=CARTESIAN_POINT('',(-0.00514935310752844,0.00763541835203439,0.002));
#7515=CARTESIAN_POINT('',(-0.00684185487656378,0.00878029435388889,0.002));
#7516=CARTESIAN_POINT('',(-0.00774866048145734,0.00916287404383043,0.002));
#7517=CARTESIAN_POINT('',(-0.00774866048145733,0.00916287404383042,0.002));
#7518=CARTESIAN_POINT('',(-0.0277187837061843,0.0291329972685574,0.002));
#7519=CARTESIAN_POINT('',(-0.0249157589835946,0.0263299725459676,0.002));
#7520=CARTESIAN_POINT('',(-7.80625564189563E-17,-1.6306400674182E-16,0.002));
#7521=CARTESIAN_POINT('',(-0.0263299725459676,0.0249157589835946,0.002));
#7522=CARTESIAN_POINT('',(-0.000707106781186548,-0.000707106781186548,0.002));
#7523=CARTESIAN_POINT('',(-0.00916287404383043,0.00774866048145733,0.002));
#7524=CARTESIAN_POINT('',(-0.00770697248760078,0.00214536129250171,0.002));
#7525=CARTESIAN_POINT('',(-0.00743889630514935,0.00310839524391836,0.002));
#7526=CARTESIAN_POINT('',(-0.00763541835203421,0.00514935310752852,0.002));
#7527=CARTESIAN_POINT('',(-0.00878029435388929,0.00684185487656361,0.002));
#7528=CARTESIAN_POINT('',(-0.00916287404383043,0.00774866048145733,0.002));
#7529=CARTESIAN_POINT('',(-0.00770697248760078,-0.00214536129250171,0.002));
#7530=CARTESIAN_POINT('',(-0.00743889630514935,-0.00310839524391835,0.002));
#7531=CARTESIAN_POINT('',(-0.00763541835203406,-0.00514935310752857,0.002));
#7532=CARTESIAN_POINT('',(-0.00878029435388958,-0.00684185487656349,0.002));
#7533=CARTESIAN_POINT('',(-0.00916287404383043,-0.00774866048145733,0.002));
#7534=CARTESIAN_POINT('',(0.,0.,0.));
#7535=CARTESIAN_POINT('',(-0.0115911099154688,0.00310582854123025,0.));
#7536=CARTESIAN_POINT('',(-0.0295217081145382,0.0210364267402996,0.));
#7537=CARTESIAN_POINT('',(-0.0295217081145383,-0.0210364267402997,0.));
#7538=CARTESIAN_POINT('',(-0.0115911099154688,-0.00310582854123025,0.));
#7539=CARTESIAN_POINT('',(0.00424264068711927,0.00424264068711927,0.));
#7540=CARTESIAN_POINT('',(-0.0238648538650458,0.0323501352392843,0.));
#7541=CARTESIAN_POINT('',(-0.0210364267402996,0.0295217081145381,0.));
#7542=CARTESIAN_POINT('',(-0.00310582854123026,0.0115911099154688,0.));
#7543=CARTESIAN_POINT('',(-0.00310582854123026,-0.0115911099154688,0.));
#7544=CARTESIAN_POINT('',(-0.0210364267402998,-0.0295217081145383,0.));
#7545=CARTESIAN_POINT('',(-0.023864853865046,-0.0323501352392845,0.));
#7546=CARTESIAN_POINT('',(-0.0238487280940562,-0.0323340094682948,0.));
#7547=CARTESIAN_POINT('',(0.,0.,0.02));
#7548=CARTESIAN_POINT('',(-0.0238487280940562,0.0323340094682948,0.02));
#7549=CARTESIAN_POINT('',(0.00424264068711928,-0.00424264068711928,0.02));
#7550=CARTESIAN_POINT('',(-0.0162444512500247,-0.0176586648123978,0.001));
#7551=CARTESIAN_POINT('',(-0.00593425566597645,-0.00876268279072263,0.001));
#7552=CARTESIAN_POINT('',(-0.00593425566597645,-0.00876268279072263,0.00119269664613199));
#7553=CARTESIAN_POINT('',(-0.00620962361603549,-0.00889633952067926,0.0014824696794197));
#7554=CARTESIAN_POINT('',(-0.00666998685554671,-0.00908040806609672,0.00173115088913195));
#7555=CARTESIAN_POINT('',(-0.00718788181109403,-0.00922236681491889,0.00192038368439157));
#7556=CARTESIAN_POINT('',(-0.00757181298258395,-0.0092354375588965,0.002));
#7557=CARTESIAN_POINT('',(-0.00774866048145734,-0.00916287404383043,0.002));
#7558=CARTESIAN_POINT('',(-0.0249157589835948,-0.0263299725459678,0.002));
#7559=CARTESIAN_POINT('',(-0.024470876917989,-0.0266669683321581,0.00200000000000002));
#7560=CARTESIAN_POINT('',(-0.023864853865046,-0.0266932809897922,0.00155859062277454));
#7561=CARTESIAN_POINT('',(-0.023864853865046,-0.0266932809897922,0.001));
#7562=CARTESIAN_POINT('',(-0.000707106781186548,0.000707106781186548,0.001));
#7563=CARTESIAN_POINT('',(-0.00916287404383043,-0.00774866048145733,0.002));
#7564=CARTESIAN_POINT('',(-0.009235892048012,-0.00757070532864423,0.002));
#7565=CARTESIAN_POINT('',(-0.00922212509651581,-0.00718877367506938,0.00192043631774802));
#7566=CARTESIAN_POINT('',(-0.00908096078225662,-0.00667126516041899,0.00173172947393874));
#7567=CARTESIAN_POINT('',(-0.00889648717158933,-0.00620995687827453,0.00148296760809828));
#7568=CARTESIAN_POINT('',(-0.00876268279072264,-0.00593425566597644,0.00119242978667658));
#7569=CARTESIAN_POINT('',(-0.00876268279072264,-0.00593425566597644,0.001));
#7570=CARTESIAN_POINT('',(-0.0266932809897922,-0.023864853865046,0.001));
#7571=CARTESIAN_POINT('',(-0.0266932809897922,-0.023864853865046,0.00155792949289723));
#7572=CARTESIAN_POINT('',(-0.0266664463455845,-0.024471566014039,0.00199999999999999));
#7573=CARTESIAN_POINT('',(-0.0263299725459679,-0.0249157589835948,0.002));
#7574=CARTESIAN_POINT('',(0.000707106781186546,0.000707106781186546,0.001));
#7575=CARTESIAN_POINT('',(-0.00774866048145733,0.00916287404383042,0.002));
#7576=CARTESIAN_POINT('',(-0.00757070532864423,0.00923589204801199,0.002));
#7577=CARTESIAN_POINT('',(-0.00718877367506939,0.00922212509651574,0.00192043631774804));
#7578=CARTESIAN_POINT('',(-0.00667126516041899,0.00908096078225659,0.00173172947393875));
#7579=CARTESIAN_POINT('',(-0.00620995687827452,0.00889648717158928,0.00148296760809831));
#7580=CARTESIAN_POINT('',(-0.00593425566597644,0.00876268279072263,0.00119242978667658));
#7581=CARTESIAN_POINT('',(-0.00593425566597644,0.00876268279072263,0.001));
#7582=CARTESIAN_POINT('',(-0.0238648538650458,0.026693280989792,0.001));
#7583=CARTESIAN_POINT('',(-0.0238648538650458,0.026693280989792,0.00155792949289724));
#7584=CARTESIAN_POINT('',(-0.0244715660140388,0.0266664463455843,0.00199999999999998));
#7585=CARTESIAN_POINT('',(-0.0249157589835946,0.0263299725459676,0.002));
#7586=CARTESIAN_POINT('',(-0.0176586648123978,0.0162444512500247,0.001));
#7587=CARTESIAN_POINT('',(-0.00876268279072263,0.00593425566597644,0.001));
#7588=CARTESIAN_POINT('',(-0.00876268279072263,0.00593425566597644,0.00119269664613199));
#7589=CARTESIAN_POINT('',(-0.00889633952067919,0.00620962361603546,0.00148246967941973));
#7590=CARTESIAN_POINT('',(-0.00908040806609669,0.00666998685554671,0.00173115088913197));
#7591=CARTESIAN_POINT('',(-0.00922236681491881,0.00718788181109403,0.00192038368439158));
#7592=CARTESIAN_POINT('',(-0.00923543755889649,0.00757181298258394,0.002));
#7593=CARTESIAN_POINT('',(-0.00916287404383042,0.00774866048145733,0.002));
#7594=CARTESIAN_POINT('',(-0.0263299725459676,0.0249157589835946,0.002));
#7595=CARTESIAN_POINT('',(-0.026666968332158,0.0244708769179888,0.002));
#7596=CARTESIAN_POINT('',(-0.0266932809897921,0.0238648538650458,0.00155859062277452));
#7597=CARTESIAN_POINT('',(-0.0266932809897921,0.0238648538650458,0.001));
#7598=CARTESIAN_POINT('',(-0.00310582854123026,0.0115911099154688,0.002));
#7599=CARTESIAN_POINT('',(-0.00310582854123026,0.0115911099154688,0.001));
#7600=CARTESIAN_POINT('',(-0.00207055236082017,0.00772740661031255,0.001));
#7601=CARTESIAN_POINT('',(-0.00430126250412099,0.00712968962886718,0.001));
#7602=CARTESIAN_POINT('',(-0.00593425566597644,0.00876268279072263,0.001));
#7603=CARTESIAN_POINT('',(-0.00207055236501692,0.00772740660918803,0.00168082739554246));
#7604=CARTESIAN_POINT('',(-0.00430126250771902,0.00712968962661009,0.00131771946411951));
#7605=CARTESIAN_POINT('',(-0.00593425566828126,0.00876268279302744,0.00113616547910834));
#7606=CARTESIAN_POINT('',(-0.00228228107532318,0.00767468028231818,0.00301363082133426));
#7607=CARTESIAN_POINT('',(-0.00449845676333648,0.00701236843098624,0.00194956760719432));
#7608=CARTESIAN_POINT('',(-0.00609317571263848,0.00884226632389589,0.00140272616423415));
#7609=CARTESIAN_POINT('',(-0.00307434087129856,0.0074088592243107,0.0046516511231165));
#7610=CARTESIAN_POINT('',(-0.00506753824745675,0.006559513231998,0.00241259688122684));
#7611=CARTESIAN_POINT('',(-0.0066465368935814,0.00907826324957739,0.00173033022473799));
#7612=CARTESIAN_POINT('',(-0.00411591492283752,0.00689933945139455,0.00574352086952399));
#7613=CARTESIAN_POINT('',(-0.00536825564114027,0.00607884220066644,0.00226215323939775));
#7614=CARTESIAN_POINT('',(-0.00727824167693329,0.00924463988536287,0.00194870417347873));
#7615=CARTESIAN_POINT('',(-0.00484820634170288,0.00637941761993282,0.00600623136744434));
#7616=CARTESIAN_POINT('',(-0.00522593202038542,0.00605455954100786,0.00203854140955422));
#7617=CARTESIAN_POINT('',(-0.00762535085354466,0.00921608508686682,0.00200124627440656));
#7618=CARTESIAN_POINT('',(-0.00519028302358146,0.00608777152455004,0.00599976892512782));
#7619=CARTESIAN_POINT('',(-0.00516108925003636,0.00611266141186173,0.00199690099799674));
#7620=CARTESIAN_POINT('',(-0.0077582322110041,0.00915884961119314,0.0019999537850256));
#7621=CARTESIAN_POINT('',(-0.00310582854123026,-0.0115911099154688,0.002));
#7622=CARTESIAN_POINT('',(-0.00310582854123026,-0.0115911099154688,0.001));
#7623=CARTESIAN_POINT('',(-0.00593425566597644,-0.00876268279072263,0.001));
#7624=CARTESIAN_POINT('',(-0.00430126250412099,-0.00712968962886718,0.001));
#7625=CARTESIAN_POINT('',(-0.00207055236082017,-0.00772740661031255,0.001));
#7626=CARTESIAN_POINT('',(-0.00593425566827181,-0.00876268279301799,0.00113616547910953));
#7627=CARTESIAN_POINT('',(-0.00430126250769798,-0.00712968962661937,0.00131771946412169));
#7628=CARTESIAN_POINT('',(-0.00207055236499935,-0.00772740660919274,0.00168082739554748));
#7629=CARTESIAN_POINT('',(-0.0060931757126427,-0.00884226632390016,0.0014027261642336));
#7630=CARTESIAN_POINT('',(-0.00449845676334645,-0.0070123684309819,0.00194956760719371));
#7631=CARTESIAN_POINT('',(-0.00228228107533123,-0.00767468028231607,0.00301363082133194));
#7632=CARTESIAN_POINT('',(-0.00664653689358069,-0.00907826324957666,0.00173033022473815));
#7633=CARTESIAN_POINT('',(-0.00506753824745393,-0.00655951323199903,0.00241259688122625));
#7634=CARTESIAN_POINT('',(-0.00307434087129668,-0.00740885922431103,0.00465165112311717));
#7635=CARTESIAN_POINT('',(-0.00727824167693186,-0.0092446398853616,0.0019487041734787));
#7636=CARTESIAN_POINT('',(-0.00536825564114066,-0.00607884220066739,0.00226215323940098));
#7637=CARTESIAN_POINT('',(-0.00411591492283708,-0.00689933945139531,0.00574352086952385));
#7638=CARTESIAN_POINT('',(-0.00762535085354846,-0.00921608508687034,0.00200124627440656));
#7639=CARTESIAN_POINT('',(-0.00522593202038638,-0.0060545595410048,0.00203854140954659));
#7640=CARTESIAN_POINT('',(-0.00484820634170528,-0.00637941761993078,0.00600623136744433));
#7641=CARTESIAN_POINT('',(-0.0077582322110041,-0.00915884961119315,0.0019999537850256));
#7642=CARTESIAN_POINT('',(-0.00516108925003634,-0.00611266141186175,0.00199690099799674));
#7643=CARTESIAN_POINT('',(-0.00519028302358149,-0.00608777152455001,0.00599976892512782));
#7644=CARTESIAN_POINT('',(-0.0115911099154688,-0.00310582854123025,0.002));
#7645=CARTESIAN_POINT('',(-0.0115911099154688,-0.00310582854123025,0.001));
#7646=CARTESIAN_POINT('',(-0.00772740661031255,-0.00207055236082016,0.001));
#7647=CARTESIAN_POINT('',(-0.00712968962886717,-0.00430126250412099,0.001));
#7648=CARTESIAN_POINT('',(-0.00876268279072264,-0.00593425566597644,0.001));
#7649=CARTESIAN_POINT('',(-0.00772740660918877,-0.00207055236501417,0.0016808273955429));
#7650=CARTESIAN_POINT('',(-0.00712968962660916,-0.00430126250771487,0.00131771946411981));
#7651=CARTESIAN_POINT('',(-0.00876268279302701,-0.00593425566828081,0.00113616547910864));
#7652=CARTESIAN_POINT('',(-0.00767468028231787,-0.00228228107532442,0.00301363082133409));
#7653=CARTESIAN_POINT('',(-0.00701236843098662,-0.00449845676333832,0.00194956760719442));
#7654=CARTESIAN_POINT('',(-0.00884226632389599,-0.00609317571263851,0.00140272616423401));
#7655=CARTESIAN_POINT('',(-0.00740885922431072,-0.00307434087129829,0.00465165112311644));
#7656=CARTESIAN_POINT('',(-0.00655951323199812,-0.00506753824745672,0.00241259688122613));
#7657=CARTESIAN_POINT('',(-0.00907826324957778,-0.00664653689358196,0.00173033022473803));
#7658=CARTESIAN_POINT('',(-0.00689933945139479,-0.00411591492283731,0.00574352086952439));
#7659=CARTESIAN_POINT('',(-0.00607884220066567,-0.00536825564113818,0.00226215323940069));
#7660=CARTESIAN_POINT('',(-0.00924463988536128,-0.007278241676931,0.00194870417347873));
#7661=CARTESIAN_POINT('',(-0.00637941761993226,-0.00484820634170353,0.00600623136744346));
#7662=CARTESIAN_POINT('',(-0.00605455954100964,-0.00522593202039036,0.00203854140954747));
#7663=CARTESIAN_POINT('',(-0.00921608508687034,-0.00762535085354964,0.00200124627440655));
#7664=CARTESIAN_POINT('',(-0.00608777152455004,-0.00519028302358145,0.00599976892512782));
#7665=CARTESIAN_POINT('',(-0.00611266141186174,-0.00516108925003636,0.00199690099799673));
#7666=CARTESIAN_POINT('',(-0.00915884961119315,-0.0077582322110041,0.0019999537850256));
#7667=CARTESIAN_POINT('',(-0.0115911099154688,0.00310582854123025,0.002));
#7668=CARTESIAN_POINT('',(-0.0115911099154688,0.00310582854123025,0.001));
#7669=CARTESIAN_POINT('',(-0.00876268279072262,0.00593425566597643,0.001));
#7670=CARTESIAN_POINT('',(-0.00712968962886718,0.00430126250412098,0.001));
#7671=CARTESIAN_POINT('',(-0.00772740661031255,0.00207055236082017,0.001));
#7672=CARTESIAN_POINT('',(-0.00876268279302979,0.0059342556682836,0.00113616547910886));
#7673=CARTESIAN_POINT('',(-0.00712968962661097,0.00430126250771432,0.0013177194641204));
#7674=CARTESIAN_POINT('',(-0.00772740660918973,0.00207055236501059,0.00168082739554431));
#7675=CARTESIAN_POINT('',(-0.00884226632389467,0.00609317571263719,0.00140272616423391));
#7676=CARTESIAN_POINT('',(-0.00701236843098588,0.00449845676333869,0.00194956760719405));
#7677=CARTESIAN_POINT('',(-0.00767468028231745,0.00228228107532605,0.00301363082133341));
#7678=CARTESIAN_POINT('',(-0.00907826324957812,0.00664653689358225,0.00173033022473806));
#7679=CARTESIAN_POINT('',(-0.006559513231998,0.00506753824745605,0.00241259688122624));
#7680=CARTESIAN_POINT('',(-0.00740885922431076,0.00307434087129794,0.00465165112311673));
#7681=CARTESIAN_POINT('',(-0.00924463988536117,0.00727824167693103,0.00194870417347872));
#7682=CARTESIAN_POINT('',(-0.00607884220066697,0.00536825564114069,0.00226215323940078));
#7683=CARTESIAN_POINT('',(-0.00689933945139507,0.00411591492283708,0.00574352086952395));
#7684=CARTESIAN_POINT('',(-0.00921608508687033,0.00762535085354933,0.00200124627440655));
#7685=CARTESIAN_POINT('',(-0.00605455954100663,0.0052259320203848,0.00203854140954728));
#7686=CARTESIAN_POINT('',(-0.00637941761993156,0.00484820634170435,0.00600623136744434));
#7687=CARTESIAN_POINT('',(-0.00915884961119314,0.00775823221100408,0.0019999537850256));
#7688=CARTESIAN_POINT('',(-0.00611266141186174,0.00516108925003636,0.00199690099799676));
#7689=CARTESIAN_POINT('',(-0.00608777152455004,0.00519028302358146,0.00599976892512782));
#7690=CARTESIAN_POINT('',(-0.0295217081145383,-0.0210364267402997,0.002));
#7691=CARTESIAN_POINT('',(-0.0295217081145383,-0.0210364267402997,0.001));
#7692=CARTESIAN_POINT('',(-0.0266932809897922,-0.023864853865046,0.001));
#7693=CARTESIAN_POINT('',(-0.030035967591765,-0.0272075404670187,0.001));
#7694=CARTESIAN_POINT('',(-0.0327792759064874,-0.023357687621988,0.001));
#7695=CARTESIAN_POINT('',(-0.0266932809904736,-0.0238648538657273,0.00113236214778101));
#7696=CARTESIAN_POINT('',(-0.0300359675917695,-0.0272075404662853,0.00102734754176391));
#7697=CARTESIAN_POINT('',(-0.0327792759034575,-0.02335768762624,0.00166181073890531));
#7698=CARTESIAN_POINT('',(-0.0266883529934796,-0.0239340683102242,0.00139298190674687));
#7699=CARTESIAN_POINT('',(-0.030034342819813,-0.0271480556522856,0.00108526518003739));
#7700=CARTESIAN_POINT('',(-0.0326091567801948,-0.0235991868743842,0.00296490953384745));
#7701=CARTESIAN_POINT('',(-0.026649545285438,-0.0242095485815095,0.00172557519533867));
#7702=CARTESIAN_POINT('',(-0.029944730097991,-0.027065878022136,0.00141200399892692));
#7703=CARTESIAN_POINT('',(-0.0318681307756634,-0.0246030010352336,0.004627875976297));
#7704=CARTESIAN_POINT('',(-0.0265433334807253,-0.0245720390245204,0.00194715676036323));
#7705=CARTESIAN_POINT('',(-0.0296652717104401,-0.0272366236902243,0.00183657180722904));
#7706=CARTESIAN_POINT('',(-0.0307093568152931,-0.0260463326558847,0.00573578380328837));
#7707=CARTESIAN_POINT('',(-0.0264106155157733,-0.0248092988657357,0.002));
#7708=CARTESIAN_POINT('',(-0.0293770443961934,-0.0275153459314049,0.0019853744825819));
#7709=CARTESIAN_POINT('',(-0.0297403882227234,-0.0271313787805688,0.00599999999682901));
#7710=CARTESIAN_POINT('',(-0.0263299725459678,-0.0249157589835947,0.002));
#7711=CARTESIAN_POINT('',(-0.0292353488269022,-0.0276650841128189,0.00200000000000005));
#7712=CARTESIAN_POINT('',(-0.0292353488269022,-0.0276650841128189,0.006));
#7713=CARTESIAN_POINT('',(-0.0263299725459679,-0.0249157589835947,0.006));
#7714=CARTESIAN_POINT('',(-7.80625564189563E-17,-1.6306400674182E-16,0.006));
#7715=CARTESIAN_POINT('',(-0.0249157589835948,-0.0263299725459678,0.006));
#7716=CARTESIAN_POINT('',(-0.0249157589835947,-0.0263299725459678,0.002));
#7717=CARTESIAN_POINT('',(-0.027665084112819,-0.0292353488269022,0.002));
#7718=CARTESIAN_POINT('',(-0.027665084112819,-0.0292353488269022,0.006));
#7719=CARTESIAN_POINT('',(-0.0248092916605081,-0.0264106209734465,0.002));
#7720=CARTESIAN_POINT('',(-0.0275153357788992,-0.0293770540035546,0.00198537349029385));
#7721=CARTESIAN_POINT('',(-0.0271313426600601,-0.0297404224031574,0.00599999999533949));
#7722=CARTESIAN_POINT('',(-0.0245733087379655,-0.0265427592133861,0.00194765768929378));
#7723=CARTESIAN_POINT('',(-0.0272377758157352,-0.0296639480353349,0.00183764412660804));
#7724=CARTESIAN_POINT('',(-0.0260518373846669,-0.0307046242713514,0.0057382884486327));
#7725=CARTESIAN_POINT('',(-0.0242098582009658,-0.026649531875412,0.00172580535496068));
#7726=CARTESIAN_POINT('',(-0.027065765896091,-0.0299446530896942,0.00141250173525091));
#7727=CARTESIAN_POINT('',(-0.0246040621676905,-0.0318673985378569,0.00462902677422091));
#7728=CARTESIAN_POINT('',(-0.0239346940863636,-0.0266882704754178,0.00139427725261776));
#7729=CARTESIAN_POINT('',(-0.0271477523685158,-0.0300341933925685,0.0010859065930048));
#7730=CARTESIAN_POINT('',(-0.0236014546038548,-0.0326074922545004,0.00297138626325499));
#7731=CARTESIAN_POINT('',(-0.0238648538655311,-0.0266932809902772,0.00113236569781866));
#7732=CARTESIAN_POINT('',(-0.0272075404665299,-0.0300359675918122,0.00102734827524353));
#7733=CARTESIAN_POINT('',(-0.0233576876247924,-0.0327792759044891,0.00166182848909378));
#7734=CARTESIAN_POINT('',(-0.023864853865046,-0.0266932809897922,0.001));
#7735=CARTESIAN_POINT('',(-0.0272075404670188,-0.0300359675917649,0.001));
#7736=CARTESIAN_POINT('',(-0.0233576876219881,-0.0327792759064874,0.001));
#7737=CARTESIAN_POINT('',(-0.0210364267402998,-0.0295217081145383,0.001));
#7738=CARTESIAN_POINT('',(-0.0210364267402998,-0.0295217081145383,0.002));
#7739=CARTESIAN_POINT('',(-0.0233576876219881,-0.0327792759064874,3.66398159343945E-5));
#7740=CARTESIAN_POINT('',(-0.0235381207394045,-0.0326507038048553,1.23813682663377E-5));
#7741=CARTESIAN_POINT('',(-0.0237072410917111,-0.0325077480126195,-9.63969721590093E-19));
#7742=CARTESIAN_POINT('',(-0.023864853865046,-0.0323501352392846,-4.17140565554339E-19));
#7743=CARTESIAN_POINT('',(-0.0210364267402996,0.0295217081145381,0.002));
#7744=CARTESIAN_POINT('',(-0.0238648538650458,0.0323501352392843,0.));
#7745=CARTESIAN_POINT('',(-0.0237072410917109,0.0325077480126193,0.));
#7746=CARTESIAN_POINT('',(-0.0235381207394044,0.0326507038048551,1.23813682663418E-5));
#7747=CARTESIAN_POINT('',(-0.0233576876219878,0.0327792759064872,3.66398159344012E-5));
#7748=CARTESIAN_POINT('',(-0.0210364267402996,0.0295217081145381,0.001));
#7749=CARTESIAN_POINT('',(-0.0238648538650458,0.026693280989792,0.001));
#7750=CARTESIAN_POINT('',(-0.0272075404670186,0.0300359675917647,0.001));
#7751=CARTESIAN_POINT('',(-0.0233576876219878,0.0327792759064872,0.001));
#7752=CARTESIAN_POINT('',(-0.0238648538657295,0.0266932809904756,0.00113236214778122));
#7753=CARTESIAN_POINT('',(-0.0272075404662712,0.0300359675917699,0.00102734754176388));
#7754=CARTESIAN_POINT('',(-0.0233576876262384,0.0327792759034584,0.00166181073890631));
#7755=CARTESIAN_POINT('',(-0.0239340683102232,0.0266883529934786,0.00139298190674676));
#7756=CARTESIAN_POINT('',(-0.0271480556522927,0.0300343428198127,0.00108526518003734));
#7757=CARTESIAN_POINT('',(-0.0235991868743849,0.0326091567801939,0.00296490953384697));
#7758=CARTESIAN_POINT('',(-0.0242095485815086,0.0266495452854371,0.00172557519533869));
#7759=CARTESIAN_POINT('',(-0.0270658780221316,0.0299447300979903,0.00141200399892698));
#7760=CARTESIAN_POINT('',(-0.0246030010352324,0.0318681307756641,0.00462787597629711));
#7761=CARTESIAN_POINT('',(-0.0245720390245238,0.0265433334807287,0.00194715676036322));
#7762=CARTESIAN_POINT('',(-0.0272366236902341,0.0296652717104423,0.00183657180722853));
#7763=CARTESIAN_POINT('',(-0.0260463326558877,0.0307093568152899,0.00573578380328832));
#7764=CARTESIAN_POINT('',(-0.0248092988657275,0.0264106155157651,0.002));
#7765=CARTESIAN_POINT('',(-0.0275153459313846,0.0293770443961881,0.00198537448258287));
#7766=CARTESIAN_POINT('',(-0.0271313787805618,0.0297403882227297,0.00599999999682901));
#7767=CARTESIAN_POINT('',(-0.0249157589835946,0.0263299725459676,0.002));
#7768=CARTESIAN_POINT('',(-0.0276650841128188,0.029235348826902,0.002));
#7769=CARTESIAN_POINT('',(-0.0276650841128188,0.029235348826902,0.006));
#7770=CARTESIAN_POINT('',(-0.0249157589835946,0.0263299725459676,0.006));
#7771=CARTESIAN_POINT('',(-7.80625564189563E-17,-1.6306400674182E-16,0.006));
#7772=CARTESIAN_POINT('',(-0.0263299725459676,0.0249157589835946,0.006));
#7773=CARTESIAN_POINT('',(-0.0263299725459677,0.0249157589835946,0.002));
#7774=CARTESIAN_POINT('',(-0.029235348826902,0.0276650841128188,0.00200000000000001));
#7775=CARTESIAN_POINT('',(-0.029235348826902,0.0276650841128188,0.006));
#7776=CARTESIAN_POINT('',(-0.0264106209734383,0.0248092916604942,0.002));
#7777=CARTESIAN_POINT('',(-0.0293770540035376,0.0275153357788768,0.00198537349030622));
#7778=CARTESIAN_POINT('',(-0.0297404224031823,0.0271313426600335,0.0059999999953392));
#7779=CARTESIAN_POINT('',(-0.0265427592133897,0.0245733087379717,0.00194765768929377));
#7780=CARTESIAN_POINT('',(-0.0296639480353422,0.0272377758157449,0.00183764412660213));
#7781=CARTESIAN_POINT('',(-0.0307046242713394,0.0260518373846794,0.00573828844863276));
#7782=CARTESIAN_POINT('',(-0.0266495318754111,0.0242098582009641,0.00172580535496073));
#7783=CARTESIAN_POINT('',(-0.0299446530896939,0.0270657658960895,0.00141250173525267));
#7784=CARTESIAN_POINT('',(-0.0318673985378609,0.0246040621676857,0.00462902677422111));
#7785=CARTESIAN_POINT('',(-0.0266882704754172,0.0239346940863632,0.00139427725261759));
#7786=CARTESIAN_POINT('',(-0.0300341933925607,0.027147752368511,0.00108590659300437));
#7787=CARTESIAN_POINT('',(-0.0326074922544957,0.0236014546038607,0.00297138626325409));
#7788=CARTESIAN_POINT('',(-0.0266932809902788,0.0238648538655326,0.00113236569781901));
#7789=CARTESIAN_POINT('',(-0.0300359675918303,0.0272075404665416,0.00102734827524331));
#7790=CARTESIAN_POINT('',(-0.0327792759044968,0.0233576876247812,0.00166182848909571));
#7791=CARTESIAN_POINT('',(-0.026693280989792,0.0238648538650458,0.001));
#7792=CARTESIAN_POINT('',(-0.0300359675917648,0.0272075404670186,0.001));
#7793=CARTESIAN_POINT('',(-0.0327792759064872,0.0233576876219879,0.001));
#7794=CARTESIAN_POINT('',(-0.0295217081145382,0.0210364267402996,0.001));
#7795=CARTESIAN_POINT('',(-0.0295217081145382,0.0210364267402996,0.002));
#7796=CARTESIAN_POINT('',(-0.0233864089897294,0.031871690363968,0.006));
#7797=CARTESIAN_POINT('',(0.00424264068711927,0.00424264068711927,0.014));
#7798=CARTESIAN_POINT('',(0.00424264068711928,-0.00424264068711928,0.006));
#7799=CARTESIAN_POINT('',(-0.0233864089897294,-0.031871690363968,0.014));
#7800=CARTESIAN_POINT('',(0.017244040824509,0.0786736060845591,-0.0354877896904946));
#7801=CARTESIAN_POINT('',(-0.028,-0.081,0.032));
#7802=CARTESIAN_POINT('',(-0.0035,-0.081,0.0185));
#7803=CARTESIAN_POINT('',(-0.0065,-0.081,0.0185));
#7804=CARTESIAN_POINT('',(-0.000499999999999975,-0.081,0.0185));
#7805=CARTESIAN_POINT('',(-0.000499999999999976,-0.081,0.0235));
#7806=CARTESIAN_POINT('',(-0.000499999999999976,-0.081,0.0285));
#7807=CARTESIAN_POINT('',(-0.028,-0.081,0.0285));
#7808=CARTESIAN_POINT('',(-0.0065,-0.081,0.0285));
#7809=CARTESIAN_POINT('',(-0.0065,-0.081,0.0235));
#7810=CARTESIAN_POINT('',(-0.028,-0.08,0.032));
#7811=CARTESIAN_POINT('',(0.00200000000000003,-0.08,0.032));
#7812=CARTESIAN_POINT('',(0.00200000000000003,-0.08,0.0246187243924238));
#7813=CARTESIAN_POINT('',(0.00200000000000003,-0.08,0.0025));
#7814=CARTESIAN_POINT('',(-0.028,-0.08,0.0025));
#7815=CARTESIAN_POINT('',(-0.0455485420987249,-0.08,0.0025));
#7816=CARTESIAN_POINT('',(-0.0466665760874748,-0.08,0.0035));
#7817=CARTESIAN_POINT('',(-0.0451665760874748,-0.08,0.0035));
#7818=CARTESIAN_POINT('',(-0.0451665760874748,-0.08,0.032));
#7819=CARTESIAN_POINT('',(-0.0451665760874748,-0.08,0.0155));
#7820=CARTESIAN_POINT('',(-0.0466665760874748,-0.08,0.0155));
#7821=CARTESIAN_POINT('',(-0.0466665760874748,-0.08,0.017));
#7822=CARTESIAN_POINT('',(-0.028,-0.08,0.017));
#7823=CARTESIAN_POINT('',(-0.0526665760874748,-0.08,0.017));
#7824=CARTESIAN_POINT('',(-0.0526665760874748,-0.08,0.0155));
#7825=CARTESIAN_POINT('',(-0.0541665760874748,-0.08,0.0155));
#7826=CARTESIAN_POINT('',(-0.0541665760874748,-0.08,0.032));
#7827=CARTESIAN_POINT('',(-0.0541665760874748,-0.08,0.0035));
#7828=CARTESIAN_POINT('',(-0.0526665760874748,-0.08,0.0035));
#7829=CARTESIAN_POINT('',(-0.0537846100762247,-0.08,0.0025));
#7830=CARTESIAN_POINT('',(-0.028,-0.08,0.0025));
#7831=CARTESIAN_POINT('',(-0.058,-0.08,0.0025));
#7832=CARTESIAN_POINT('',(-0.058,-0.08,0.032));
#7833=CARTESIAN_POINT('',(-0.058,-0.08,0.0242276108198516));
#7834=CARTESIAN_POINT('',(-0.056,-0.08,0.0262276108198515));
#7835=CARTESIAN_POINT('',(-0.056,-0.08,0.0262276108198515));
#7836=CARTESIAN_POINT('',(-0.056,-0.08,0.032));
#7837=CARTESIAN_POINT('',(-0.056,-0.08,0.0285));
#7838=CARTESIAN_POINT('',(-0.028,-0.08,0.0285));
#7839=CARTESIAN_POINT('',(2.77555756156289E-17,-0.08,0.0285));
#7840=CARTESIAN_POINT('',(2.77555756156289E-17,-0.08,0.032));
#7841=CARTESIAN_POINT('',(2.77555756156289E-17,-0.08,0.0266187243924238));
#7842=CARTESIAN_POINT('',(-1.3010426069826E-18,-0.08,0.0266187243924238));
#7843=CARTESIAN_POINT('',(-0.028,-0.081,0.032));
#7844=CARTESIAN_POINT('',(0.000500000000000025,-0.081,0.0235));
#7845=CARTESIAN_POINT('',(0.000500000000000027,-0.081,0.0166213203435596));
#7846=CARTESIAN_POINT('',(0.000500000000000024,-0.081,0.0285));
#7847=CARTESIAN_POINT('',(-0.000999999999999973,-0.081,0.0166213203435596));
#7848=CARTESIAN_POINT('',(-0.000999999999999973,-0.081,0.0145));
#7849=CARTESIAN_POINT('',(-0.028,-0.081,0.0145));
#7850=CARTESIAN_POINT('',(-0.006,-0.081,0.0145));
#7851=CARTESIAN_POINT('',(-0.006,-0.081,0.0166213203435596));
#7852=CARTESIAN_POINT('',(-0.0075,-0.081,0.0166213203435596));
#7853=CARTESIAN_POINT('',(-0.0075,-0.081,0.023));
#7854=CARTESIAN_POINT('',(-0.0075,-0.081,0.0285));
#7855=CARTESIAN_POINT('',(-0.028,-0.081,0.0285));
#7856=CARTESIAN_POINT('',(-0.0562,-0.081,0.0285));
#7857=CARTESIAN_POINT('',(-0.0562,-0.081,0.0293));
#7858=CARTESIAN_POINT('',(-0.057,-0.081,0.0293));
#7859=CARTESIAN_POINT('',(-0.057,-0.081,0.0295));
#7860=CARTESIAN_POINT('',(-0.057,-0.081,0.0297));
#7861=CARTESIAN_POINT('',(-0.0562,-0.081,0.0297));
#7862=CARTESIAN_POINT('',(-0.0562,-0.081,0.0305));
#7863=CARTESIAN_POINT('',(-0.056,-0.081,0.0305));
#7864=CARTESIAN_POINT('',(-0.055,-0.081,0.0305));
#7865=CARTESIAN_POINT('',(-0.055,-0.081,0.03125));
#7866=CARTESIAN_POINT('',(-0.055,-0.081,0.032));
#7867=CARTESIAN_POINT('',(-0.028,-0.081,0.032));
#7868=CARTESIAN_POINT('',(-0.0575,-0.081,0.032));
#7869=CARTESIAN_POINT('',(-0.0575,-0.081,0.));
#7870=CARTESIAN_POINT('',(-0.0575,-0.081,0.0015));
#7871=CARTESIAN_POINT('',(0.003,-0.081,0.0015));
#7872=CARTESIAN_POINT('',(0.00150000000000002,-0.081,0.0015));
#7873=CARTESIAN_POINT('',(0.00150000000000002,-0.081,0.032));
#7874=CARTESIAN_POINT('',(0.00150000000000002,-0.081,0.032));
#7875=CARTESIAN_POINT('',(-0.028,-0.081,0.032));
#7876=CARTESIAN_POINT('',(-0.000999999999999977,-0.081,0.032));
#7877=CARTESIAN_POINT('',(-0.000999999999999977,-0.081,0.03125));
#7878=CARTESIAN_POINT('',(-0.000999999999999977,-0.081,0.0305));
#7879=CARTESIAN_POINT('',(2.25514051876985E-17,-0.081,0.0305));
#7880=CARTESIAN_POINT('',(0.000200000000000023,-0.081,0.0305));
#7881=CARTESIAN_POINT('',(0.000200000000000023,-0.081,0.0297));
#7882=CARTESIAN_POINT('',(0.00100000000000002,-0.081,0.0297));
#7883=CARTESIAN_POINT('',(0.00100000000000002,-0.081,0.0295));
#7884=CARTESIAN_POINT('',(0.00100000000000002,-0.081,0.0293));
#7885=CARTESIAN_POINT('',(0.000200000000000023,-0.081,0.0293));
#7886=CARTESIAN_POINT('',(0.000200000000000023,-0.081,0.0285));
#7887=CARTESIAN_POINT('',(2.42861286636753E-17,-0.081,0.0285));
#7888=CARTESIAN_POINT('',(-0.0496665760874748,-0.081,0.002));
#7889=CARTESIAN_POINT('',(-0.0526665760874748,-0.081,0.002));
#7890=CARTESIAN_POINT('',(-0.0466665760874748,-0.081,0.002));
#7891=CARTESIAN_POINT('',(-0.0526665760874748,-0.081,0.0035));
#7892=CARTESIAN_POINT('',(-0.0541665760874748,-0.081,0.0035));
#7893=CARTESIAN_POINT('',(-0.0541665760874748,-0.081,0.0095));
#7894=CARTESIAN_POINT('',(-0.0541665760874748,-0.081,0.0155));
#7895=CARTESIAN_POINT('',(-0.0526665760874748,-0.081,0.0155));
#7896=CARTESIAN_POINT('',(-0.0526665760874748,-0.081,0.017));
#7897=CARTESIAN_POINT('',(-0.0496665760874748,-0.081,0.017));
#7898=CARTESIAN_POINT('',(-0.0466665760874748,-0.081,0.017));
#7899=CARTESIAN_POINT('',(-0.0466665760874748,-0.081,0.0155));
#7900=CARTESIAN_POINT('',(-0.0451665760874748,-0.081,0.0155));
#7901=CARTESIAN_POINT('',(-0.0451665760874748,-0.081,0.0095));
#7902=CARTESIAN_POINT('',(-0.0451665760874748,-0.081,0.0035));
#7903=CARTESIAN_POINT('',(-0.0466665760874748,-0.081,0.0035));
#7904=CARTESIAN_POINT('',(-0.056,-0.04,0.032));
#7905=CARTESIAN_POINT('',(-0.056,-0.04,0.0262276108198515));
#7906=CARTESIAN_POINT('',(-0.056,0.,0.0262276108198515));
#7907=CARTESIAN_POINT('',(-0.056,0.,0.032));
#7908=CARTESIAN_POINT('',(-0.056,0.,0.0285));
#7909=CARTESIAN_POINT('',(-0.056,-0.04,0.0285));
#7910=CARTESIAN_POINT('',(-0.028,-0.08,0.032));
#7911=CARTESIAN_POINT('',(-0.0555,-0.08,0.032));
#7912=CARTESIAN_POINT('',(-0.0555,-0.08,0.032));
#7913=CARTESIAN_POINT('',(-0.0555,-0.08,0.0305));
#7914=CARTESIAN_POINT('',(-0.028,-0.08,0.032));
#7915=CARTESIAN_POINT('',(-0.055,-0.08,0.032));
#7916=CARTESIAN_POINT('',(-0.055,-0.08,0.032));
#7917=CARTESIAN_POINT('',(-0.055,-0.08,0.0305));
#7918=CARTESIAN_POINT('',(-0.028,-0.08,0.0305));
#7919=CARTESIAN_POINT('',(-0.028,0.,0.032));
#7920=CARTESIAN_POINT('',(0.002,0.,0.0025));
#7921=CARTESIAN_POINT('',(-0.0565,0.,0.0025));
#7922=CARTESIAN_POINT('',(0.0005,0.,0.0025));
#7923=CARTESIAN_POINT('',(0.0005,0.,0.0246187243924238));
#7924=CARTESIAN_POINT('',(0.0005,0.,0.0261187243924238));
#7925=CARTESIAN_POINT('',(-0.0166906378037881,0.,0.0433093621962119));
#7926=CARTESIAN_POINT('',(0.,0.,0.0266187243924238));
#7927=CARTESIAN_POINT('',(0.,0.,0.032));
#7928=CARTESIAN_POINT('',(0.,0.,0.0285));
#7929=CARTESIAN_POINT('',(-0.028,0.,0.0285));
#7930=CARTESIAN_POINT('',(0.000200000000000023,0.,0.0285));
#7931=CARTESIAN_POINT('',(0.000200000000000023,0.,0.0293));
#7932=CARTESIAN_POINT('',(0.00100000000000002,0.,0.0293));
#7933=CARTESIAN_POINT('',(0.00100000000000002,0.,0.0295));
#7934=CARTESIAN_POINT('',(0.00100000000000002,0.,0.0297));
#7935=CARTESIAN_POINT('',(0.000200000000000023,0.,0.0297));
#7936=CARTESIAN_POINT('',(0.000200000000000023,0.,0.0305));
#7937=CARTESIAN_POINT('',(2.25514051876985E-17,0.,0.0305));
#7938=CARTESIAN_POINT('',(-0.0005,0.,0.0305));
#7939=CARTESIAN_POINT('',(-0.0005,0.,0.032));
#7940=CARTESIAN_POINT('',(-0.0005,0.,0.032));
#7941=CARTESIAN_POINT('',(-0.028,0.,0.032));
#7942=CARTESIAN_POINT('',(-0.0555,1.3010426069826E-19,0.032));
#7943=CARTESIAN_POINT('',(-0.0555,1.3010426069826E-19,0.032));
#7944=CARTESIAN_POINT('',(-0.0555,1.3010426069826E-19,0.0305));
#7945=CARTESIAN_POINT('',(-0.056,0.,0.0305));
#7946=CARTESIAN_POINT('',(-0.0562,0.,0.0305));
#7947=CARTESIAN_POINT('',(-0.0562,0.,0.0297));
#7948=CARTESIAN_POINT('',(-0.057,0.,0.0297));
#7949=CARTESIAN_POINT('',(-0.057,0.,0.0295));
#7950=CARTESIAN_POINT('',(-0.057,0.,0.0293));
#7951=CARTESIAN_POINT('',(-0.0562,0.,0.0293));
#7952=CARTESIAN_POINT('',(-0.0562,0.,0.0285));
#7953=CARTESIAN_POINT('',(-0.028,0.,0.0285));
#7954=CARTESIAN_POINT('',(-0.0391138054099258,0.,0.0431138054099258));
#7955=CARTESIAN_POINT('',(-0.0565,0.,0.0257276108198516));
#7956=CARTESIAN_POINT('',(-0.0565,0.,0.001));
#7957=CARTESIAN_POINT('',(-0.028,-0.08,0.032));
#7958=CARTESIAN_POINT('',(-0.028,-0.08,0.032));
#7959=CARTESIAN_POINT('',(-0.0005,-0.08,0.032));
#7960=CARTESIAN_POINT('',(-0.000999999999999977,-0.08,0.032));
#7961=CARTESIAN_POINT('',(-0.000499999999999972,-0.08,0.032));
#7962=CARTESIAN_POINT('',(-0.0005,-0.08,0.0305));
#7963=CARTESIAN_POINT('',(-0.028,-0.08,0.0305));
#7964=CARTESIAN_POINT('',(-0.000999999999999977,-0.08,0.0305));
#7965=CARTESIAN_POINT('',(-0.000999999999999977,-0.08,0.032));
#7966=CARTESIAN_POINT('',(-0.028,-0.04,0.));
#7967=CARTESIAN_POINT('',(0.00150000000000002,-0.081,0.));
#7968=CARTESIAN_POINT('',(0.0015,-0.0005,0.));
#7969=CARTESIAN_POINT('',(0.00150000000000002,-0.0795,0.));
#7970=CARTESIAN_POINT('',(-0.059,-0.0795,0.));
#7971=CARTESIAN_POINT('',(-0.0575,-0.0795,0.));
#7972=CARTESIAN_POINT('',(-0.0575,-0.04,0.));
#7973=CARTESIAN_POINT('',(-0.0575,-0.0005,0.));
#7974=CARTESIAN_POINT('',(-0.028,-0.0005,0.));
#7975=CARTESIAN_POINT('',(0.,-0.04,0.032));
#7976=CARTESIAN_POINT('',(0.,-0.04,0.0266187243924238));
#7977=CARTESIAN_POINT('',(0.,-0.04,0.0285));
#7978=CARTESIAN_POINT('',(0.003,-0.04,0.032));
#7979=CARTESIAN_POINT('',(0.003,-0.04,0.032));
#7980=CARTESIAN_POINT('',(0.003,-0.000499999999999994,0.032));
#7981=CARTESIAN_POINT('',(0.003,-0.0795,0.032));
#7982=CARTESIAN_POINT('',(0.003,-0.0795,0.032));
#7983=CARTESIAN_POINT('',(0.003,-0.0795,0.0015));
#7984=CARTESIAN_POINT('',(0.003,0.001,0.0015));
#7985=CARTESIAN_POINT('',(0.003,-0.0005,0.0015));
#7986=CARTESIAN_POINT('',(0.003,-0.0005,0.032));
#7987=CARTESIAN_POINT('',(-0.028,0.001,0.032));
#7988=CARTESIAN_POINT('',(-0.028,0.001,0.0015));
#7989=CARTESIAN_POINT('',(0.0015,0.001,0.0015));
#7990=CARTESIAN_POINT('',(-0.0575,0.001,0.0015));
#7991=CARTESIAN_POINT('',(-0.0575,0.001,0.032));
#7992=CARTESIAN_POINT('',(-0.0575,0.001,0.032));
#7993=CARTESIAN_POINT('',(-0.028,0.001,0.032));
#7994=CARTESIAN_POINT('',(0.0015,0.001,0.032));
#7995=CARTESIAN_POINT('',(0.0015,0.001,0.));
#7996=CARTESIAN_POINT('',(-0.059,-0.04,0.032));
#7997=CARTESIAN_POINT('',(-0.059,-0.04,0.0015));
#7998=CARTESIAN_POINT('',(-0.059,-0.000500000000000008,0.0015));
#7999=CARTESIAN_POINT('',(-0.059,-0.0795,0.0015));
#8000=CARTESIAN_POINT('',(-0.059,-0.0795,0.032));
#8001=CARTESIAN_POINT('',(-0.059,-0.0795,0.032));
#8002=CARTESIAN_POINT('',(-0.059,-0.04,0.032));
#8003=CARTESIAN_POINT('',(-0.059,-0.000500000000000007,0.032));
#8004=CARTESIAN_POINT('',(-0.059,-0.000500000000000007,0.032));
#8005=CARTESIAN_POINT('',(-0.028,-0.04,0.032));
#8006=CARTESIAN_POINT('',(0.00150000000000002,-0.0795,0.032));
#8007=CARTESIAN_POINT('',(0.0015,-0.0005,0.032));
#8008=CARTESIAN_POINT('',(-0.0575,-0.000500000000000007,0.032));
#8009=CARTESIAN_POINT('',(-0.0575,-0.0795,0.032));
#8010=CARTESIAN_POINT('',(-0.055,2.000000000002E-6,0.032));
#8011=CARTESIAN_POINT('',(-0.0555,-0.04,0.032));
#8012=CARTESIAN_POINT('',(-0.0005,-0.04,0.032));
#8013=CARTESIAN_POINT('',(-0.000999999999999977,2.000000000002E-6,0.032));
#8014=CARTESIAN_POINT('',(-0.028,-0.04,0.001));
#8015=CARTESIAN_POINT('',(-0.0565,-0.08,0.001));
#8016=CARTESIAN_POINT('',(-0.0565,-0.0015,0.001));
#8017=CARTESIAN_POINT('',(-0.0565,-0.0785,0.001));
#8018=CARTESIAN_POINT('',(-0.028,-0.0785,0.001));
#8019=CARTESIAN_POINT('',(0.0005,-0.0785,0.001));
#8020=CARTESIAN_POINT('',(0.0005,0.,0.001));
#8021=CARTESIAN_POINT('',(0.0005,-0.0015,0.001));
#8022=CARTESIAN_POINT('',(-0.058,-0.0015,0.001));
#8023=CARTESIAN_POINT('',(-0.028,2.000000000002E-6,0.0285));
#8024=CARTESIAN_POINT('',(-0.028,-0.083,0.0285));
#8025=CARTESIAN_POINT('',(-0.0065,-0.083,0.0285));
#8026=CARTESIAN_POINT('',(-0.000499999999999976,-0.083,0.0285));
#8027=CARTESIAN_POINT('',(-0.0065,-0.083,0.0285));
#8028=CARTESIAN_POINT('',(-0.000499999999999976,-0.083,0.0285));
#8029=CARTESIAN_POINT('',(-0.028,-0.084,0.0285));
#8030=CARTESIAN_POINT('',(-0.006,-0.084,0.0285));
#8031=CARTESIAN_POINT('',(-0.000999999999999977,-0.084,0.0285));
#8032=CARTESIAN_POINT('',(-0.000999999999999976,-0.0825,0.0285));
#8033=CARTESIAN_POINT('',(0.000500000000000024,-0.0825,0.0285));
#8034=CARTESIAN_POINT('',(0.000500000000000024,-0.083,0.0285));
#8035=CARTESIAN_POINT('',(0.000200000000000023,0.,0.0285));
#8036=CARTESIAN_POINT('',(-0.0562,2.000000000002E-6,0.0285));
#8037=CARTESIAN_POINT('',(-0.0075,-0.083,0.0285));
#8038=CARTESIAN_POINT('',(-0.0075,-0.0825,0.0285));
#8039=CARTESIAN_POINT('',(-0.006,-0.0825,0.0285));
#8040=CARTESIAN_POINT('',(2.25514051876985E-17,2.000000000002E-6,0.0305));
#8041=CARTESIAN_POINT('',(-0.0005,-0.04,0.0305));
#8042=CARTESIAN_POINT('',(0.000200000000000023,2.000000000002E-6,0.0305));
#8043=CARTESIAN_POINT('',(-0.000999999999999977,2.000000000002E-6,0.0305));
#8044=CARTESIAN_POINT('',(-0.055,2.000000000002E-6,0.03125));
#8045=CARTESIAN_POINT('',(-0.055,2.000000000002E-6,0.0305));
#8046=CARTESIAN_POINT('',(-0.000999999999999977,2.000000000002E-6,0.03125));
#8047=CARTESIAN_POINT('',(0.00100000000000002,2.000000000002E-6,0.0295));
#8048=CARTESIAN_POINT('',(0.00100000000000002,2.000000000002E-6,0.0297));
#8049=CARTESIAN_POINT('',(0.00100000000000002,-0.081,0.0293));
#8050=CARTESIAN_POINT('',(-0.057,2.000000000002E-6,0.0295));
#8051=CARTESIAN_POINT('',(-0.057,2.000000000002E-6,0.0297));
#8052=CARTESIAN_POINT('',(-0.057,2.000000000002E-6,0.0293));
#8053=CARTESIAN_POINT('',(-0.056,2.000000000002E-6,0.0305));
#8054=CARTESIAN_POINT('',(-0.0562,2.000000000002E-6,0.0305));
#8055=CARTESIAN_POINT('',(-0.0555,-0.04,0.0305));
#8056=CARTESIAN_POINT('',(0.000200000000000023,2.000000000002E-6,0.0297));
#8057=CARTESIAN_POINT('',(-0.0562,2.000000000002E-6,0.0297));
#8058=CARTESIAN_POINT('',(-0.0562,2.000000000002E-6,0.0293));
#8059=CARTESIAN_POINT('',(0.000200000000000023,2.000000000002E-6,0.0293));
#8060=CARTESIAN_POINT('',(-0.0005,-0.04,0.032));
#8061=CARTESIAN_POINT('',(-0.0555,-0.04,0.032));
#8062=CARTESIAN_POINT('',(-0.058,-0.04,0.01475));
#8063=CARTESIAN_POINT('',(-0.058,-3.90312782094782E-19,0.0025));
#8064=CARTESIAN_POINT('',(-0.058,-0.0015,0.0025));
#8065=CARTESIAN_POINT('',(-0.058,-0.0015,0.0242276108198516));
#8066=CARTESIAN_POINT('',(-0.058,-0.0015,0.0242276108198516));
#8067=CARTESIAN_POINT('',(-0.058,-0.08,0.0242276108198516));
#8068=CARTESIAN_POINT('',(0.002,-0.04,0.01475));
#8069=CARTESIAN_POINT('',(0.002,-0.0015,0.001));
#8070=CARTESIAN_POINT('',(0.002,-0.0015,0.0246187243924238));
#8071=CARTESIAN_POINT('',(0.002,-0.0015,0.0025));
#8072=CARTESIAN_POINT('',(0.002,-0.08,0.0025));
#8073=CARTESIAN_POINT('',(0.002,0.,0.0246187243924238));
#8074=CARTESIAN_POINT('',(-1.3010426069826E-18,-0.04,0.0266187243924238));
#8075=CARTESIAN_POINT('',(0.0005,-0.0015,0.0261187243924238));
#8076=CARTESIAN_POINT('',(-0.056,-0.04,0.0262276108198515));
#8077=CARTESIAN_POINT('',(-0.0565,-0.0015,0.0257276108198516));
#8078=CARTESIAN_POINT('',(-0.0541665760874748,-0.056,0.0095));
#8079=CARTESIAN_POINT('',(-0.0541665760874748,-0.056,0.0035));
#8080=CARTESIAN_POINT('',(-0.0541665760874748,-0.081,0.0155));
#8081=CARTESIAN_POINT('',(-0.0496665760874748,-0.056,0.002));
#8082=CARTESIAN_POINT('',(-0.0466665760874748,-0.0799142135623731,0.002));
#8083=CARTESIAN_POINT('',(-0.0466665760874748,-0.0799142135623731,0.002));
#8084=CARTESIAN_POINT('',(-0.0451665760874748,-0.0799142135623731,0.002));
#8085=CARTESIAN_POINT('',(-0.0526665760874748,-0.0799142135623731,0.002));
#8086=CARTESIAN_POINT('',(-0.0526665760874748,-0.056,0.002));
#8087=CARTESIAN_POINT('',(-0.0451665760874748,-0.056,0.0095));
#8088=CARTESIAN_POINT('',(-0.0451665760874748,-0.081,0.0035));
#8089=CARTESIAN_POINT('',(-0.0451665760874748,-0.056,0.0155));
#8090=CARTESIAN_POINT('',(-0.0496665760874748,-0.056,0.017));
#8091=CARTESIAN_POINT('',(-0.0466665760874748,-0.056,0.017));
#8092=CARTESIAN_POINT('',(-0.0526665760874748,-0.08,0.017));
#8093=CARTESIAN_POINT('',(0.0015,-0.0005,0.032));
#8094=CARTESIAN_POINT('',(0.0015,-0.0005,0.0015));
#8095=CARTESIAN_POINT('',(-0.028,-0.0005,0.0015));
#8096=CARTESIAN_POINT('',(-0.0575,-0.0005,0.0015));
#8097=CARTESIAN_POINT('',(0.0015,-0.0005,0.0015));
#8098=CARTESIAN_POINT('',(-0.0575,-0.000500000000000007,0.032));
#8099=CARTESIAN_POINT('',(-0.0575,-0.000500000000000007,0.0015));
#8100=CARTESIAN_POINT('',(0.0015,-0.0005,0.0015));
#8101=CARTESIAN_POINT('',(0.0015,-0.0005,0.0015));
#8102=CARTESIAN_POINT('',(-0.0575,-0.0005,0.0015));
#8103=CARTESIAN_POINT('',(-0.0575,-0.0005,0.0015));
#8104=CARTESIAN_POINT('',(0.00150000000000002,-0.0795,0.032));
#8105=CARTESIAN_POINT('',(0.00150000000000002,-0.0795,0.0015));
#8106=CARTESIAN_POINT('',(0.0015,-0.04,0.0015));
#8107=CARTESIAN_POINT('',(0.00150000000000002,-0.0795,0.0015));
#8108=CARTESIAN_POINT('',(-0.0575,-0.04,0.0015));
#8109=CARTESIAN_POINT('',(-0.0575,-0.0795,0.0015));
#8110=CARTESIAN_POINT('',(-0.0575,-0.0795,0.032));
#8111=CARTESIAN_POINT('',(-0.0575,-0.0795,0.0015));
#8112=CARTESIAN_POINT('',(0.00150000000000002,-0.0795,0.0015));
#8113=CARTESIAN_POINT('',(0.00150000000000002,-0.0795,0.0015));
#8114=CARTESIAN_POINT('',(-0.0575,-0.0795,0.0015));
#8115=CARTESIAN_POINT('',(-0.0575,-0.0795,0.0015));
#8116=CARTESIAN_POINT('',(-0.028,-0.0795,0.0015));
#8117=CARTESIAN_POINT('',(0.0005,-0.0015,0.01475));
#8118=CARTESIAN_POINT('',(0.0005,-0.0015,0.0025));
#8119=CARTESIAN_POINT('',(-0.0565,-0.0015,0.032));
#8120=CARTESIAN_POINT('',(-0.0565,-0.0015,0.0025));
#8121=CARTESIAN_POINT('',(-0.028,-0.0015,0.0025));
#8122=CARTESIAN_POINT('',(0.0005,-0.0015,0.0025));
#8123=CARTESIAN_POINT('',(-0.0565,-0.0015,0.0025));
#8124=CARTESIAN_POINT('',(0.0005,-0.0015,0.0025));
#8125=CARTESIAN_POINT('',(0.0005,-0.0015,0.0025));
#8126=CARTESIAN_POINT('',(-0.0565,-0.0015,0.0025));
#8127=CARTESIAN_POINT('',(-0.0565,-0.0015,0.0025));
#8128=CARTESIAN_POINT('',(0.0005,-0.04,0.0025));
#8129=CARTESIAN_POINT('',(0.0005,-0.0785,0.0025));
#8130=CARTESIAN_POINT('',(-0.0565,-0.04,0.0025));
#8131=CARTESIAN_POINT('',(-0.0565,-0.0785,0.0025));
#8132=CARTESIAN_POINT('',(-0.028,-0.0785,0.0025));
#8133=CARTESIAN_POINT('',(-0.0537846100762247,-0.08,0.0025));
#8134=CARTESIAN_POINT('',(-0.053500852295258,-0.08,0.00218274915630705));
#8135=CARTESIAN_POINT('',(-0.0530918114687663,-0.0799142135623731,0.002));
#8136=CARTESIAN_POINT('',(-0.0526665760874748,-0.0799142135623731,0.002));
#8137=CARTESIAN_POINT('',(-0.0466665760874748,-0.0799142135623731,0.002));
#8138=CARTESIAN_POINT('',(-0.0462412414864867,-0.0799142135623731,0.002));
#8139=CARTESIAN_POINT('',(-0.0458320863722159,-0.08,0.00218298786492162));
#8140=CARTESIAN_POINT('',(-0.0455485420987249,-0.08,0.0025));
#8141=CARTESIAN_POINT('',(-0.000499999999999976,-0.083,0.0235));
#8142=CARTESIAN_POINT('',(-0.000499999999999975,-0.083,0.0185));
#8143=CARTESIAN_POINT('',(-0.000499999999999975,-0.083,0.0185));
#8144=CARTESIAN_POINT('',(-0.000499999999999976,-0.083,0.0235));
#8145=CARTESIAN_POINT('',(-0.0035,-0.083,0.0185));
#8146=CARTESIAN_POINT('',(-0.0065,-0.083,0.0185));
#8147=CARTESIAN_POINT('',(-0.0065,-0.083,0.0185));
#8148=CARTESIAN_POINT('',(-0.0035,-0.083,0.0185));
#8149=CARTESIAN_POINT('',(-0.0065,-0.083,0.0235));
#8150=CARTESIAN_POINT('',(-0.0065,-0.083,0.0235));
#8151=CARTESIAN_POINT('',(-0.0075,-0.083,0.023));
#8152=CARTESIAN_POINT('',(-0.0075,-0.0851893398282202,0.0208106601717798));
#8153=CARTESIAN_POINT('',(-0.0075,-0.0825,0.0181213203435596));
#8154=CARTESIAN_POINT('',(-0.0075,-0.0825,0.0285));
#8155=CARTESIAN_POINT('',(0.000500000000000025,-0.083,0.0235));
#8156=CARTESIAN_POINT('',(0.000500000000000027,-0.0825,0.0175));
#8157=CARTESIAN_POINT('',(0.000500000000000026,-0.0825,0.0181213203435596));
#8158=CARTESIAN_POINT('',(0.000500000000000026,-0.0854393398282202,0.0210606601717798));
#8159=CARTESIAN_POINT('',(-0.0035,-0.084,0.023));
#8160=CARTESIAN_POINT('',(0.000500000000000026,-0.084,0.0181213203435596));
#8161=CARTESIAN_POINT('',(-0.006,-0.084,0.0181213203435596));
#8162=CARTESIAN_POINT('',(-0.000999999999999974,-0.084,0.0181213203435596));
#8163=CARTESIAN_POINT('',(-0.000999999999999976,-0.084,0.0285));
#8164=CARTESIAN_POINT('',(-0.006,-0.084,0.0175));
#8165=CARTESIAN_POINT('',(-0.0035,-0.083,0.023));
#8166=CARTESIAN_POINT('',(-0.003,-0.084,0.0175));
#8167=CARTESIAN_POINT('',(-0.000999999999999974,-0.084,0.0175));
#8168=CARTESIAN_POINT('',(-0.000999999999999974,-0.0835606601717798,0.0170606601717798));
#8169=CARTESIAN_POINT('',(-0.0075,-0.0835606601717798,0.0170606601717798));
#8170=CARTESIAN_POINT('',(-0.006,-0.0835606601717798,0.0170606601717798));
#8171=CARTESIAN_POINT('',(-0.006,-0.084,0.0175));
#8172=CARTESIAN_POINT('',(-0.006,-0.0851893398282202,0.0208106601717798));
#8173=CARTESIAN_POINT('',(-0.006,-0.0825,0.0181213203435596));
#8174=CARTESIAN_POINT('',(-0.006,-0.0825,0.023));
#8175=CARTESIAN_POINT('',(-0.006,-0.0825,0.0181213203435596));
#8176=CARTESIAN_POINT('',(-0.006,-0.0825,0.0181213203435596));
#8177=CARTESIAN_POINT('',(-0.006,-0.0825,0.0181213203435596));
#8178=CARTESIAN_POINT('',(-0.0035,-0.0825,0.0181213203435596));
#8179=CARTESIAN_POINT('',(-0.000999999999999974,-0.0825,0.0181213203435596));
#8180=CARTESIAN_POINT('',(-0.000999999999999975,-0.0825,0.023));
#8181=CARTESIAN_POINT('',(-0.000999999999999974,-0.0825,0.0181213203435596));
#8182=CARTESIAN_POINT('',(-0.000999999999999974,-0.0825,0.0181213203435596));
#8183=CARTESIAN_POINT('',(-0.000999999999999974,-0.0825,0.0181213203435596));
#8184=CARTESIAN_POINT('',(-0.000999999999999974,-0.0854393398282202,0.0210606601717798));
#8185=CARTESIAN_POINT('',(-0.0466665760874748,-0.056,0.0035));
#8186=CARTESIAN_POINT('',(-0.0526665760874748,-0.056,0.0035));
#8187=CARTESIAN_POINT('',(-0.0466665760874748,-0.056,0.0155));
#8188=CARTESIAN_POINT('',(-0.0526665760874748,-0.056,0.0155));
#8189=CARTESIAN_POINT('',(-0.0231640948194275,-0.0291077080620831,-0.0884478027790101));
#8190=CARTESIAN_POINT('',(0.017244040824509,-0.0811426652033155,-0.0354877896904944));
#8191=CARTESIAN_POINT('',(-0.05695,-0.186,0.0337));
#8192=CARTESIAN_POINT('',(0.003,-0.186,0.0337));
#8193=CARTESIAN_POINT('',(0.003,-0.174529223601258,0.0337));
#8194=CARTESIAN_POINT('',(0.003,-0.114470776398742,0.0337));
#8195=CARTESIAN_POINT('',(-0.000499999999999993,-0.107,0.0337));
#8196=CARTESIAN_POINT('',(-0.00771543484483088,-0.103,0.0337));
#8197=CARTESIAN_POINT('',(-0.028,-0.103,0.0337));
#8198=CARTESIAN_POINT('',(-0.0482845651551699,-0.103,0.0337));
#8199=CARTESIAN_POINT('',(-0.0554999999999934,-0.107,0.0337));
#8200=CARTESIAN_POINT('',(-0.059,-0.114470776398731,0.0337));
#8201=CARTESIAN_POINT('',(-0.059,-0.186,0.0337));
#8202=CARTESIAN_POINT('',(-0.059,-0.174529223601258,0.0337));
#8203=CARTESIAN_POINT('',(-0.0555,-0.182,0.0337));
#8204=CARTESIAN_POINT('',(-0.048284565155169,-0.186,0.0337));
#8205=CARTESIAN_POINT('',(-0.05695,-0.186,0.0337));
#8206=CARTESIAN_POINT('',(-0.00771543484483093,-0.186,0.0337));
#8207=CARTESIAN_POINT('',(-0.0005,-0.182,0.0337));
#8208=CARTESIAN_POINT('',(-0.0112500000000004,-0.149874999999995,0.0337));
#8209=CARTESIAN_POINT('',(-0.0112500000000004,-0.155249999999995,0.0337));
#8210=CARTESIAN_POINT('',(-0.0112500000000004,-0.133749999999995,0.0337));
#8211=CARTESIAN_POINT('',(-0.0120000000000004,-0.155249999999995,0.0337));
#8212=CARTESIAN_POINT('',(-0.0127500000000004,-0.155249999999995,0.0337));
#8213=CARTESIAN_POINT('',(-0.0127500000000004,-0.150249999999994,0.0337));
#8214=CARTESIAN_POINT('',(-0.0127500000000004,-0.145249999999995,0.0337));
#8215=CARTESIAN_POINT('',(-0.0280000000000004,-0.145249999999995,0.0337));
#8216=CARTESIAN_POINT('',(-0.04325,-0.145249999999995,0.0337));
#8217=CARTESIAN_POINT('',(-0.04325,-0.150249999999994,0.0337));
#8218=CARTESIAN_POINT('',(-0.04325,-0.155249999999995,0.0337));
#8219=CARTESIAN_POINT('',(-0.044,-0.155249999999995,0.0337));
#8220=CARTESIAN_POINT('',(-0.04475,-0.155249999999995,0.0337));
#8221=CARTESIAN_POINT('',(-0.04475,-0.149874999999995,0.0337));
#8222=CARTESIAN_POINT('',(-0.04475,-0.133749999999995,0.0337));
#8223=CARTESIAN_POINT('',(-0.044,-0.133749999999995,0.0337));
#8224=CARTESIAN_POINT('',(-0.04325,-0.133749999999995,0.0337));
#8225=CARTESIAN_POINT('',(-0.04325,-0.138749999999995,0.0337));
#8226=CARTESIAN_POINT('',(-0.04325,-0.143749999999995,0.0337));
#8227=CARTESIAN_POINT('',(-0.0280000000000004,-0.143749999999995,0.0337));
#8228=CARTESIAN_POINT('',(-0.0127500000000004,-0.143749999999995,0.0337));
#8229=CARTESIAN_POINT('',(-0.0127500000000004,-0.138749999999995,0.0337));
#8230=CARTESIAN_POINT('',(-0.0127500000000004,-0.133749999999995,0.0337));
#8231=CARTESIAN_POINT('',(-0.0120000000000004,-0.133749999999995,0.0337));
#8232=CARTESIAN_POINT('',(-0.028,-0.106,0.01685));
#8233=CARTESIAN_POINT('',(-0.0029,-0.106,0.0331));
#8234=CARTESIAN_POINT('',(-0.0029,-0.106,0.0322));
#8235=CARTESIAN_POINT('',(-0.0029,-0.106,0.0286));
#8236=CARTESIAN_POINT('',(-0.028,-0.106,0.0322));
#8237=CARTESIAN_POINT('',(-0.00109999999999998,-0.106,0.0322));
#8238=CARTESIAN_POINT('',(-0.00109999999999998,-0.106,0.0313));
#8239=CARTESIAN_POINT('',(-0.00109999999999998,-0.106,0.0304));
#8240=CARTESIAN_POINT('',(-9.99999999999781E-5,-0.106,0.0304));
#8241=CARTESIAN_POINT('',(0.000100000000000021,-0.106,0.0304));
#8242=CARTESIAN_POINT('',(0.000100000000000021,-0.106,0.0296));
#8243=CARTESIAN_POINT('',(0.000900000000000021,-0.106,0.0296));
#8244=CARTESIAN_POINT('',(0.000900000000000021,-0.106,0.0295));
#8245=CARTESIAN_POINT('',(0.000900000000000021,-0.106,0.0294));
#8246=CARTESIAN_POINT('',(0.000100000000000021,-0.106,0.0294));
#8247=CARTESIAN_POINT('',(0.000100000000000024,-0.106,0.0286));
#8248=CARTESIAN_POINT('',(-0.0559,-0.106,0.0286));
#8249=CARTESIAN_POINT('',(-0.0559,-0.186,0.0286));
#8250=CARTESIAN_POINT('',(-0.0559,-0.106,0.0286));
#8251=CARTESIAN_POINT('',(-0.0531,-0.106,0.0286));
#8252=CARTESIAN_POINT('',(-0.0561,-0.106,0.0286));
#8253=CARTESIAN_POINT('',(-0.0531,-0.145,0.0286));
#8254=CARTESIAN_POINT('',(-0.0531,-0.184,0.0286));
#8255=CARTESIAN_POINT('',(-0.028,-0.184,0.0286));
#8256=CARTESIAN_POINT('',(-0.0029,-0.184,0.0286));
#8257=CARTESIAN_POINT('',(-0.0029,-0.145,0.0286));
#8258=CARTESIAN_POINT('',(0.000100000000000021,-0.186,0.0286));
#8259=CARTESIAN_POINT('',(0.000100000000000024,-0.186,0.0286));
#8260=CARTESIAN_POINT('',(-0.0559,-0.186,0.0286));
#8261=CARTESIAN_POINT('',(-0.0561,-0.186,0.0286));
#8262=CARTESIAN_POINT('',(-0.0561,-0.186,0.0286));
#8263=CARTESIAN_POINT('',(-0.0549,-0.186,0.0313));
#8264=CARTESIAN_POINT('',(-0.0549,-0.106,0.0313));
#8265=CARTESIAN_POINT('',(-0.0549,-0.106,0.0322));
#8266=CARTESIAN_POINT('',(-0.0549,-0.106,0.0304));
#8267=CARTESIAN_POINT('',(-0.0549,-0.186,0.0304));
#8268=CARTESIAN_POINT('',(-0.0549,-0.186,0.0304));
#8269=CARTESIAN_POINT('',(-0.0549,-0.186,0.0313));
#8270=CARTESIAN_POINT('',(-0.0549,-0.186,0.0322));
#8271=CARTESIAN_POINT('',(-0.0549,-0.186,0.0322));
#8272=CARTESIAN_POINT('',(-0.0559,-0.186,0.0304));
#8273=CARTESIAN_POINT('',(-0.0559,-0.106,0.0304));
#8274=CARTESIAN_POINT('',(-0.0561,-0.106,0.0304));
#8275=CARTESIAN_POINT('',(-0.0561,-0.186,0.0304));
#8276=CARTESIAN_POINT('',(-0.0561,-0.186,0.0304));
#8277=CARTESIAN_POINT('',(-0.0559,-0.186,0.0304));
#8278=CARTESIAN_POINT('',(-0.0569,-0.186,0.0295));
#8279=CARTESIAN_POINT('',(-0.0569,-0.186,0.0295));
#8280=CARTESIAN_POINT('',(-0.0569,-0.186,0.0294));
#8281=CARTESIAN_POINT('',(-0.0569,-0.186,0.0296));
#8282=CARTESIAN_POINT('',(-0.0569,-0.106,0.0296));
#8283=CARTESIAN_POINT('',(-0.0569,-0.106,0.0296));
#8284=CARTESIAN_POINT('',(-0.0569,-0.106,0.0295));
#8285=CARTESIAN_POINT('',(-0.0569,-0.106,0.0294));
#8286=CARTESIAN_POINT('',(-0.0569,-0.186,0.0294));
#8287=CARTESIAN_POINT('',(0.000900000000000021,-0.186,0.0295));
#8288=CARTESIAN_POINT('',(0.000900000000000021,-0.186,0.0295));
#8289=CARTESIAN_POINT('',(0.000900000000000021,-0.186,0.0294));
#8290=CARTESIAN_POINT('',(0.000900000000000021,-0.186,0.0296));
#8291=CARTESIAN_POINT('',(0.000900000000000021,-0.106,0.0294));
#8292=CARTESIAN_POINT('',(0.000900000000000021,-0.186,0.0296));
#8293=CARTESIAN_POINT('',(-9.99999999999781E-5,-0.186,0.0304));
#8294=CARTESIAN_POINT('',(-9.99999999999781E-5,-0.186,0.0304));
#8295=CARTESIAN_POINT('',(-0.00109999999999998,-0.186,0.0304));
#8296=CARTESIAN_POINT('',(0.000100000000000021,-0.186,0.0304));
#8297=CARTESIAN_POINT('',(0.000100000000000021,-0.106,0.0304));
#8298=CARTESIAN_POINT('',(-0.00109999999999998,-0.186,0.0304));
#8299=CARTESIAN_POINT('',(-0.00109999999999998,-0.186,0.0313));
#8300=CARTESIAN_POINT('',(-0.00109999999999998,-0.186,0.0322));
#8301=CARTESIAN_POINT('',(-0.00109999999999998,-0.186,0.0322));
#8302=CARTESIAN_POINT('',(-0.00109999999999998,-0.186,0.0313));
#8303=CARTESIAN_POINT('',(0.000950000000000023,-0.186,0.0322));
#8304=CARTESIAN_POINT('',(-0.028,-0.106,0.0322));
#8305=CARTESIAN_POINT('',(-0.0531,-0.106,0.0322));
#8306=CARTESIAN_POINT('',(-0.028,-0.106,0.0322));
#8307=CARTESIAN_POINT('',(-0.05695,-0.186,0.0322));
#8308=CARTESIAN_POINT('',(-0.059,-0.186,0.0322));
#8309=CARTESIAN_POINT('',(-0.059,-0.186,0.0322));
#8310=CARTESIAN_POINT('',(-0.059,-0.103,0.0322));
#8311=CARTESIAN_POINT('',(-0.028,-0.103,0.0322));
#8312=CARTESIAN_POINT('',(0.003,-0.103,0.0322));
#8313=CARTESIAN_POINT('',(0.003,-0.186,0.0322));
#8314=CARTESIAN_POINT('',(0.003,-0.186,0.0322));
#8315=CARTESIAN_POINT('',(0.000950000000000023,-0.186,0.0322));
#8316=CARTESIAN_POINT('',(0.003,-0.186,0.03295));
#8317=CARTESIAN_POINT('',(0.003,-0.103,0.03295));
#8318=CARTESIAN_POINT('',(0.003,-0.103,0.0346520124808662));
#8319=CARTESIAN_POINT('',(0.003,-0.103,0.0346520124808662));
#8320=CARTESIAN_POINT('',(0.003,-0.10347965012959,0.0349137304152861));
#8321=CARTESIAN_POINT('',(0.003,-0.104159703695566,0.035365215149607));
#8322=CARTESIAN_POINT('',(0.003,-0.105022082080406,0.0360331463878537));
#8323=CARTESIAN_POINT('',(0.003,-0.105667510224539,0.0365365886048823));
#8324=CARTESIAN_POINT('',(0.003,-0.106327885291351,0.0370161291404172));
#8325=CARTESIAN_POINT('',(0.003,-0.107177181476262,0.0372299860490629));
#8326=CARTESIAN_POINT('',(0.003,-0.107943013162586,0.0368272338263848));
#8327=CARTESIAN_POINT('',(0.003,-0.108592597559776,0.0363379994865997));
#8328=CARTESIAN_POINT('',(0.003,-0.109241145942677,0.0358246770427945));
#8329=CARTESIAN_POINT('',(0.003,-0.110118936465908,0.0351690844867019));
#8330=CARTESIAN_POINT('',(0.003,-0.111278229971226,0.0344482890582191));
#8331=CARTESIAN_POINT('',(0.003,-0.112835840634628,0.0338474992174945));
#8332=CARTESIAN_POINT('',(0.003,-0.113914856253898,0.0337));
#8333=CARTESIAN_POINT('',(0.003,-0.114470776398742,0.0337));
#8334=CARTESIAN_POINT('',(0.003,-0.174529223601258,0.0337));
#8335=CARTESIAN_POINT('',(0.003,-0.175084154221561,0.0337));
#8336=CARTESIAN_POINT('',(0.003,-0.176172422692911,0.0338491042314411));
#8337=CARTESIAN_POINT('',(0.003,-0.177725625622939,0.0344507366000375));
#8338=CARTESIAN_POINT('',(0.003,-0.178884924847965,0.0351714399991219));
#8339=CARTESIAN_POINT('',(0.003,-0.17976833294709,0.0358320534831565));
#8340=CARTESIAN_POINT('',(0.003,-0.18041766653428,0.036345997173427));
#8341=CARTESIAN_POINT('',(0.003,-0.181071209278569,0.0368377659212607));
#8342=CARTESIAN_POINT('',(0.003,-0.181838240773005,0.0372313315048853));
#8343=CARTESIAN_POINT('',(0.003,-0.182677966170612,0.0370112409659014));
#8344=CARTESIAN_POINT('',(0.003,-0.183336737697734,0.0365336500084457));
#8345=CARTESIAN_POINT('',(0.003,-0.183980635765796,0.0360309035333618));
#8346=CARTESIAN_POINT('',(0.003,-0.184841266626907,0.0353646448861106));
#8347=CARTESIAN_POINT('',(0.003,-0.185520435894238,0.0349136834769511));
#8348=CARTESIAN_POINT('',(0.003,-0.186,0.0346520124808664));
#8349=CARTESIAN_POINT('',(0.003,-0.186,0.0346520124808663));
#8350=CARTESIAN_POINT('',(0.003,-0.186,0.03295));
#8351=CARTESIAN_POINT('',(-0.059,-0.186,0.03295));
#8352=CARTESIAN_POINT('',(-0.059,-0.186,0.03295));
#8353=CARTESIAN_POINT('',(-0.059,-0.186,0.0346520124808663));
#8354=CARTESIAN_POINT('',(-0.059,-0.186,0.0346520124808663));
#8355=CARTESIAN_POINT('',(-0.059,-0.18552034987041,0.0349137304152861));
#8356=CARTESIAN_POINT('',(-0.059,-0.184840296304434,0.0353652151496071));
#8357=CARTESIAN_POINT('',(-0.059,-0.183977917919594,0.0360331463878538));
#8358=CARTESIAN_POINT('',(-0.059,-0.183332489775461,0.0365365886048824));
#8359=CARTESIAN_POINT('',(-0.059,-0.182672114708649,0.0370161291404173));
#8360=CARTESIAN_POINT('',(-0.059,-0.181822818523738,0.0372299860490629));
#8361=CARTESIAN_POINT('',(-0.059,-0.181056986837413,0.0368272338263846));
#8362=CARTESIAN_POINT('',(-0.059,-0.180407402440224,0.0363379994865996));
#8363=CARTESIAN_POINT('',(-0.059,-0.179758854057323,0.0358246770427944));
#8364=CARTESIAN_POINT('',(-0.059,-0.178881063534092,0.0351690844867018));
#8365=CARTESIAN_POINT('',(-0.059,-0.177721770028774,0.0344482890582191));
#8366=CARTESIAN_POINT('',(-0.059,-0.176164159365372,0.0338474992174945));
#8367=CARTESIAN_POINT('',(-0.059,-0.175085143746102,0.0337));
#8368=CARTESIAN_POINT('',(-0.059,-0.174529223601258,0.0337));
#8369=CARTESIAN_POINT('',(-0.059,-0.114470776398731,0.0337));
#8370=CARTESIAN_POINT('',(-0.059,-0.113915845778431,0.0337));
#8371=CARTESIAN_POINT('',(-0.059,-0.112827577307084,0.03384910423144));
#8372=CARTESIAN_POINT('',(-0.059,-0.11127437437706,0.0344507366000314));
#8373=CARTESIAN_POINT('',(-0.059,-0.110115075152037,0.0351714399991094));
#8374=CARTESIAN_POINT('',(-0.059,-0.109231667052912,0.0358320534831375));
#8375=CARTESIAN_POINT('',(-0.059,-0.108582333465721,0.0363459971734025));
#8376=CARTESIAN_POINT('',(-0.059,-0.107928790721432,0.0368377659212291));
#8377=CARTESIAN_POINT('',(-0.059,-0.107161759226993,0.0372313315048426));
#8378=CARTESIAN_POINT('',(-0.059,-0.106322033829388,0.0370112409658656));
#8379=CARTESIAN_POINT('',(-0.059,-0.10566326230226,0.0365336500084159));
#8380=CARTESIAN_POINT('',(-0.059,-0.105019364234199,0.0360309035333386));
#8381=CARTESIAN_POINT('',(-0.059,-0.104158733373088,0.0353646448860946));
#8382=CARTESIAN_POINT('',(-0.059,-0.103479564105759,0.0349136834769401));
#8383=CARTESIAN_POINT('',(-0.059,-0.103,0.0346520124808586));
#8384=CARTESIAN_POINT('',(-0.059,-0.103,0.0346520124808584));
#8385=CARTESIAN_POINT('',(-0.059,-0.103,0.03295));
#8386=CARTESIAN_POINT('',(-0.028,-0.186,0.01685));
#8387=CARTESIAN_POINT('',(-0.0561,-0.186,0.0296));
#8388=CARTESIAN_POINT('',(-0.0561,-0.186,0.0294));
#8389=CARTESIAN_POINT('',(0.000100000000000021,-0.186,0.0294));
#8390=CARTESIAN_POINT('',(0.000100000000000021,-0.186,0.0296));
#8391=CARTESIAN_POINT('',(0.003,-0.186,0.0346520124808663));
#8392=CARTESIAN_POINT('',(0.00256478352219029,-0.186,0.0348598013601967));
#8393=CARTESIAN_POINT('',(0.001715870687367,-0.186,0.0353149974476242));
#8394=CARTESIAN_POINT('',(0.000642878596336834,-0.186,0.0358757392786873));
#8395=CARTESIAN_POINT('',(-0.000302779174601226,-0.186,0.0360950103290545));
#8396=CARTESIAN_POINT('',(-0.00127134301996739,-0.186,0.0360220963640568));
#8397=CARTESIAN_POINT('',(-0.00237077515821532,-0.186,0.0355086986377186));
#8398=CARTESIAN_POINT('',(-0.00362106983332392,-0.186,0.0348197674539423));
#8399=CARTESIAN_POINT('',(-0.00535876073823669,-0.186,0.0340162751528259));
#8400=CARTESIAN_POINT('',(-0.00675614984281648,-0.186,0.0337));
#8401=CARTESIAN_POINT('',(-0.00771543484483093,-0.186,0.0337));
#8402=CARTESIAN_POINT('',(-0.048284565155169,-0.186,0.0337));
#8403=CARTESIAN_POINT('',(-0.0487666993670457,-0.186,0.0337));
#8404=CARTESIAN_POINT('',(-0.049715036396524,-0.186,0.0338051729770279));
#8405=CARTESIAN_POINT('',(-0.0510997636875187,-0.186,0.0342260438636544));
#8406=CARTESIAN_POINT('',(-0.0524043348915695,-0.186,0.0348329328039647));
#8407=CARTESIAN_POINT('',(-0.0536635776655676,-0.186,0.0355281910130078));
#8408=CARTESIAN_POINT('',(-0.0547672005256443,-0.186,0.0360342572200193));
#8409=CARTESIAN_POINT('',(-0.0557336331265531,-0.186,0.0360913137797645));
#8410=CARTESIAN_POINT('',(-0.056673528766725,-0.186,0.035861270169004));
#8411=CARTESIAN_POINT('',(-0.0577267712128105,-0.186,0.0353085635962955));
#8412=CARTESIAN_POINT('',(-0.0585691710129774,-0.186,0.0348577066054249));
#8413=CARTESIAN_POINT('',(-0.059,-0.186,0.0346520124808664));
#8414=CARTESIAN_POINT('',(-0.028,-0.106,0.01685));
#8415=CARTESIAN_POINT('',(-0.0531,-0.106,0.0331));
#8416=CARTESIAN_POINT('',(-0.0561,-0.106,0.0294));
#8417=CARTESIAN_POINT('',(-0.0561,-0.106,0.0296));
#8418=CARTESIAN_POINT('',(-0.028,-0.103,0.03115));
#8419=CARTESIAN_POINT('',(-0.059,-0.103,0.0346520124808584));
#8420=CARTESIAN_POINT('',(-0.0585647835221904,-0.103,0.0348598013601879));
#8421=CARTESIAN_POINT('',(-0.0577158706873672,-0.103,0.0353149974476133));
#8422=CARTESIAN_POINT('',(-0.0566428785963374,-0.103,0.0358757392786744));
#8423=CARTESIAN_POINT('',(-0.0556972208254015,-0.103,0.0360950103290428));
#8424=CARTESIAN_POINT('',(-0.054728656980036,-0.103,0.0360220963640497));
#8425=CARTESIAN_POINT('',(-0.0536292248417862,-0.103,0.0355086986377155));
#8426=CARTESIAN_POINT('',(-0.0523789301666775,-0.103,0.034819767453941));
#8427=CARTESIAN_POINT('',(-0.0506412392617615,-0.103,0.0340162751528248));
#8428=CARTESIAN_POINT('',(-0.0492438501571844,-0.103,0.0337));
#8429=CARTESIAN_POINT('',(-0.0482845651551699,-0.103,0.0337));
#8430=CARTESIAN_POINT('',(-0.00771543484483088,-0.103,0.0337));
#8431=CARTESIAN_POINT('',(-0.0072333006329542,-0.103,0.0337));
#8432=CARTESIAN_POINT('',(-0.00628496360347593,-0.103,0.0338051729770279));
#8433=CARTESIAN_POINT('',(-0.00490023631248123,-0.103,0.0342260438636544));
#8434=CARTESIAN_POINT('',(-0.00359566510843046,-0.103,0.0348329328039647));
#8435=CARTESIAN_POINT('',(-0.0023364223344324,-0.103,0.0355281910130078));
#8436=CARTESIAN_POINT('',(-0.00123279947435576,-0.103,0.0360342572200193));
#8437=CARTESIAN_POINT('',(-0.000266366873446832,-0.103,0.0360913137797645));
#8438=CARTESIAN_POINT('',(0.000673528766725012,-0.103,0.035861270169004));
#8439=CARTESIAN_POINT('',(0.00172677121281048,-0.103,0.0353085635962954));
#8440=CARTESIAN_POINT('',(0.00256917101297757,-0.103,0.0348577066054249));
#8441=CARTESIAN_POINT('',(0.00300000000000011,-0.103,0.0346520124808664));
#8442=CARTESIAN_POINT('',(-0.0554999999999934,-0.107,0.0487));
#8443=CARTESIAN_POINT('',(-0.0554999999999934,-0.107,0.0387));
#8444=CARTESIAN_POINT('',(-0.0587499999999868,-0.107,0.0387));
#8445=CARTESIAN_POINT('',(-0.0554999999999934,-0.107,0.0487));
#8446=CARTESIAN_POINT('',(-0.05225,-0.107,0.0487));
#8447=CARTESIAN_POINT('',(-0.0555,-0.107,0.0487));
#8448=CARTESIAN_POINT('',(-0.0555,-0.107,0.0487));
#8449=CARTESIAN_POINT('',(-0.0541999999999999,-0.107,0.0487));
#8450=CARTESIAN_POINT('',(-0.0555,-0.107,0.0337));
#8451=CARTESIAN_POINT('',(-0.0541999999999999,-0.107,0.0337));
#8452=CARTESIAN_POINT('',(-0.028,-0.1445,0.0487));
#8453=CARTESIAN_POINT('',(-0.000499999999999994,-0.182,0.0487));
#8454=CARTESIAN_POINT('',(-0.000499999999999994,-0.182,0.0487));
#8455=CARTESIAN_POINT('',(0.000800000000000006,-0.182,0.0487));
#8456=CARTESIAN_POINT('',(-0.000499999999999994,-0.182,0.0337));
#8457=CARTESIAN_POINT('',(0.000800000000000006,-0.182,0.0337));
#8458=CARTESIAN_POINT('',(-0.0005,-0.182,0.0487));
#8459=CARTESIAN_POINT('',(-0.0005,-0.182,0.0387));
#8460=CARTESIAN_POINT('',(-0.00375,-0.182,0.0387));
#8461=CARTESIAN_POINT('',(-0.0005,-0.182,0.0487));
#8462=CARTESIAN_POINT('',(0.00275,-0.182,0.0487));
#8463=CARTESIAN_POINT('',(-0.028,-0.1445,0.0487));
#8464=CARTESIAN_POINT('',(-0.05695,-0.186,0.0337));
#8465=CARTESIAN_POINT('',(-0.000499999999999993,-0.107,0.0487));
#8466=CARTESIAN_POINT('',(-0.000499999999999993,-0.107,0.0387));
#8467=CARTESIAN_POINT('',(-0.00374999999999999,-0.107,0.0387));
#8468=CARTESIAN_POINT('',(-0.000499999999999993,-0.107,0.0487));
#8469=CARTESIAN_POINT('',(0.00275000000000001,-0.107,0.0487));
#8470=CARTESIAN_POINT('',(-0.0005,-0.107,0.0487));
#8471=CARTESIAN_POINT('',(-0.0005,-0.107,0.0487));
#8472=CARTESIAN_POINT('',(0.0008,-0.107,0.0487));
#8473=CARTESIAN_POINT('',(-0.0005,-0.107,0.0337));
#8474=CARTESIAN_POINT('',(0.0008,-0.107,0.0337));
#8475=CARTESIAN_POINT('',(-0.028,-0.1445,0.0487));
#8476=CARTESIAN_POINT('',(-0.0555,-0.182,0.0487));
#8477=CARTESIAN_POINT('',(-0.0555,-0.182,0.0387));
#8478=CARTESIAN_POINT('',(-0.05875,-0.182,0.0387));
#8479=CARTESIAN_POINT('',(-0.0555,-0.182,0.0487));
#8480=CARTESIAN_POINT('',(-0.05225,-0.182,0.0487));
#8481=CARTESIAN_POINT('',(-0.0555,-0.182,0.0487));
#8482=CARTESIAN_POINT('',(-0.0555,-0.182,0.0487));
#8483=CARTESIAN_POINT('',(-0.0542,-0.182,0.0487));
#8484=CARTESIAN_POINT('',(-0.0555,-0.182,0.0337));
#8485=CARTESIAN_POINT('',(-0.0542,-0.182,0.0337));
#8486=CARTESIAN_POINT('',(-0.028,-0.1445,0.0487));
#8487=CARTESIAN_POINT('',(-0.05695,-0.186,0.0337));
#8488=CARTESIAN_POINT('',(-0.05695,-0.186,0.0337));
#8489=CARTESIAN_POINT('',(-0.05695,-0.186,0.0337));
#8490=CARTESIAN_POINT('',(-0.000499999999999993,-0.107,0.0387));
#8491=CARTESIAN_POINT('',(-0.0005,-0.182,0.0387));
#8492=CARTESIAN_POINT('',(-0.0555,-0.182,0.0387));
#8493=CARTESIAN_POINT('',(-0.0554999999999934,-0.107,0.0387));
#8494=CARTESIAN_POINT('',(-0.0561,-0.186,0.0296));
#8495=CARTESIAN_POINT('',(-0.0561,-0.186,0.0294));
#8496=CARTESIAN_POINT('',(0.000100000000000021,-0.186,0.0294));
#8497=CARTESIAN_POINT('',(0.000100000000000021,-0.186,0.0296));
#8498=CARTESIAN_POINT('',(-0.0559,-0.106,0.0331));
#8499=CARTESIAN_POINT('',(-0.0029,-0.106,0.0331));
#8500=CARTESIAN_POINT('',(-0.0029,-0.106,0.0331));
#8501=CARTESIAN_POINT('',(-0.0559,-0.106,0.0331));
#8502=CARTESIAN_POINT('',(-0.0531,-0.106,0.0331));
#8503=CARTESIAN_POINT('',(-0.0531,-0.106,0.0331));
#8504=CARTESIAN_POINT('',(-0.0531,-0.145,0.0331));
#8505=CARTESIAN_POINT('',(-0.0531,-0.145,0.0331));
#8506=CARTESIAN_POINT('',(-0.0531,-0.184,0.0331));
#8507=CARTESIAN_POINT('',(-0.0531,-0.184,0.0331));
#8508=CARTESIAN_POINT('',(-0.0029,-0.145,0.0331));
#8509=CARTESIAN_POINT('',(-0.0029,-0.184,0.0331));
#8510=CARTESIAN_POINT('',(-0.0029,-0.184,0.0331));
#8511=CARTESIAN_POINT('',(-0.0029,-0.145,0.0331));
#8512=CARTESIAN_POINT('',(-0.028,-0.184,0.0331));
#8513=CARTESIAN_POINT('',(-0.028,-0.184,0.0331));
#8514=CARTESIAN_POINT('',(-0.028,-0.146,0.0331));
#8515=CARTESIAN_POINT('',(-0.0112500000000004,-0.149874999999995,0.0427));
#8516=CARTESIAN_POINT('',(-0.0112500000000004,-0.133749999999995,0.0427));
#8517=CARTESIAN_POINT('',(-0.0112500000000004,-0.133749999999995,0.0437));
#8518=CARTESIAN_POINT('',(-0.0112500000000004,-0.149874999999995,0.0437));
#8519=CARTESIAN_POINT('',(-0.0112500000000004,-0.155249999999995,0.0437));
#8520=CARTESIAN_POINT('',(-0.0112500000000004,-0.155249999999995,0.0427));
#8521=CARTESIAN_POINT('',(-0.0120000000000004,-0.133749999999995,0.0427));
#8522=CARTESIAN_POINT('',(-0.0127500000000004,-0.133749999999995,0.0427));
#8523=CARTESIAN_POINT('',(-0.0127500000000004,-0.133749999999995,0.0427));
#8524=CARTESIAN_POINT('',(-0.0127500000000004,-0.133749999999995,0.0427));
#8525=CARTESIAN_POINT('',(-0.0142500000000004,-0.133749999999995,0.0427));
#8526=CARTESIAN_POINT('',(-0.0142500000000004,-0.133749999999995,0.0437));
#8527=CARTESIAN_POINT('',(-0.0142500000000004,-0.133749999999995,0.0437));
#8528=CARTESIAN_POINT('',(-0.0127500000000004,-0.133749999999995,0.0437));
#8529=CARTESIAN_POINT('',(-0.0127500000000004,-0.138749999999995,0.0427));
#8530=CARTESIAN_POINT('',(-0.0127500000000004,-0.143749999999995,0.0427));
#8531=CARTESIAN_POINT('',(-0.0127500000000004,-0.143749999999995,0.0427));
#8532=CARTESIAN_POINT('',(-0.0127500000000004,-0.138749999999995,0.0427));
#8533=CARTESIAN_POINT('',(-0.0280000000000004,-0.143749999999995,0.0427));
#8534=CARTESIAN_POINT('',(-0.04325,-0.143749999999995,0.0427));
#8535=CARTESIAN_POINT('',(-0.04325,-0.143749999999995,0.0427));
#8536=CARTESIAN_POINT('',(-0.0280000000000004,-0.143749999999995,0.0427));
#8537=CARTESIAN_POINT('',(-0.04325,-0.138749999999995,0.0427));
#8538=CARTESIAN_POINT('',(-0.04325,-0.133749999999995,0.0427));
#8539=CARTESIAN_POINT('',(-0.04325,-0.133749999999995,0.0427));
#8540=CARTESIAN_POINT('',(-0.04325,-0.138749999999995,0.0427));
#8541=CARTESIAN_POINT('',(-0.044,-0.133749999999995,0.0427));
#8542=CARTESIAN_POINT('',(-0.04475,-0.133749999999995,0.0427));
#8543=CARTESIAN_POINT('',(-0.04475,-0.133749999999995,0.0437));
#8544=CARTESIAN_POINT('',(-0.04325,-0.133749999999995,0.0437));
#8545=CARTESIAN_POINT('',(-0.04175,-0.133749999999995,0.0437));
#8546=CARTESIAN_POINT('',(-0.04175,-0.133749999999995,0.0437));
#8547=CARTESIAN_POINT('',(-0.04175,-0.133749999999995,0.0427));
#8548=CARTESIAN_POINT('',(-0.04325,-0.133749999999995,0.0427));
#8549=CARTESIAN_POINT('',(-0.04475,-0.149874999999995,0.0427));
#8550=CARTESIAN_POINT('',(-0.04475,-0.155249999999995,0.0427));
#8551=CARTESIAN_POINT('',(-0.04475,-0.155249999999995,0.0437));
#8552=CARTESIAN_POINT('',(-0.04475,-0.149874999999995,0.0437));
#8553=CARTESIAN_POINT('',(-0.044,-0.155249999999995,0.0427));
#8554=CARTESIAN_POINT('',(-0.04325,-0.155249999999995,0.0427));
#8555=CARTESIAN_POINT('',(-0.04325,-0.155249999999995,0.0427));
#8556=CARTESIAN_POINT('',(-0.04325,-0.155249999999995,0.0427));
#8557=CARTESIAN_POINT('',(-0.04175,-0.155249999999995,0.0427));
#8558=CARTESIAN_POINT('',(-0.04175,-0.155249999999995,0.0437));
#8559=CARTESIAN_POINT('',(-0.04175,-0.155249999999995,0.0437));
#8560=CARTESIAN_POINT('',(-0.04325,-0.155249999999995,0.0437));
#8561=CARTESIAN_POINT('',(-0.04325,-0.150249999999994,0.0427));
#8562=CARTESIAN_POINT('',(-0.04325,-0.145249999999995,0.0427));
#8563=CARTESIAN_POINT('',(-0.04325,-0.145249999999995,0.0427));
#8564=CARTESIAN_POINT('',(-0.04325,-0.150249999999994,0.0427));
#8565=CARTESIAN_POINT('',(-0.0280000000000004,-0.145249999999995,0.0427));
#8566=CARTESIAN_POINT('',(-0.0127500000000004,-0.145249999999995,0.0427));
#8567=CARTESIAN_POINT('',(-0.0127500000000004,-0.145249999999995,0.0427));
#8568=CARTESIAN_POINT('',(-0.0280000000000004,-0.145249999999995,0.0427));
#8569=CARTESIAN_POINT('',(-0.0127500000000004,-0.150249999999994,0.0427));
#8570=CARTESIAN_POINT('',(-0.0127500000000004,-0.155249999999995,0.0427));
#8571=CARTESIAN_POINT('',(-0.0127500000000004,-0.155249999999995,0.0427));
#8572=CARTESIAN_POINT('',(-0.0127500000000004,-0.150249999999994,0.0427));
#8573=CARTESIAN_POINT('',(-0.0120000000000004,-0.155249999999995,0.0427));
#8574=CARTESIAN_POINT('',(-0.0127500000000004,-0.155249999999995,0.0437));
#8575=CARTESIAN_POINT('',(-0.0142500000000004,-0.155249999999995,0.0437));
#8576=CARTESIAN_POINT('',(-0.0142500000000004,-0.155249999999995,0.0437));
#8577=CARTESIAN_POINT('',(-0.0142500000000004,-0.155249999999995,0.0427));
#8578=CARTESIAN_POINT('',(-0.0127500000000004,-0.155249999999995,0.0427));
#8579=CARTESIAN_POINT('',(-0.0280000000000004,-0.144499999999995,0.0427));
#8580=CARTESIAN_POINT('',(-0.04175,-0.137999999999995,0.0427));
#8581=CARTESIAN_POINT('',(-0.04175,-0.142249999999995,0.0427));
#8582=CARTESIAN_POINT('',(-0.0280000000000004,-0.142249999999995,0.0427));
#8583=CARTESIAN_POINT('',(-0.0142500000000004,-0.142249999999995,0.0427));
#8584=CARTESIAN_POINT('',(-0.0142500000000004,-0.137999999999995,0.0427));
#8585=CARTESIAN_POINT('',(-0.0280000000000004,-0.144499999999995,0.0427));
#8586=CARTESIAN_POINT('',(-0.0142500000000004,-0.150999999999995,0.0427));
#8587=CARTESIAN_POINT('',(-0.0142500000000004,-0.146749999999995,0.0427));
#8588=CARTESIAN_POINT('',(-0.0280000000000004,-0.146749999999995,0.0427));
#8589=CARTESIAN_POINT('',(-0.04175,-0.146749999999995,0.0427));
#8590=CARTESIAN_POINT('',(-0.04175,-0.150999999999995,0.0427));
#8591=CARTESIAN_POINT('',(-0.04175,-0.150999999999995,0.0437));
#8592=CARTESIAN_POINT('',(-0.04175,-0.146749999999995,0.0437));
#8593=CARTESIAN_POINT('',(-0.04175,-0.146749999999995,0.0437));
#8594=CARTESIAN_POINT('',(-0.04175,-0.150999999999995,0.0437));
#8595=CARTESIAN_POINT('',(-0.0280000000000004,-0.146749999999995,0.0437));
#8596=CARTESIAN_POINT('',(-0.0142500000000004,-0.146749999999995,0.0437));
#8597=CARTESIAN_POINT('',(-0.0142500000000004,-0.146749999999995,0.0437));
#8598=CARTESIAN_POINT('',(-0.0280000000000004,-0.146749999999995,0.0437));
#8599=CARTESIAN_POINT('',(-0.0142500000000004,-0.150999999999995,0.0437));
#8600=CARTESIAN_POINT('',(-0.0142500000000004,-0.150999999999995,0.0437));
#8601=CARTESIAN_POINT('',(-0.0142500000000004,-0.137999999999995,0.0437));
#8602=CARTESIAN_POINT('',(-0.0142500000000004,-0.142249999999995,0.0437));
#8603=CARTESIAN_POINT('',(-0.0142500000000004,-0.142249999999995,0.0437));
#8604=CARTESIAN_POINT('',(-0.0142500000000004,-0.137999999999995,0.0437));
#8605=CARTESIAN_POINT('',(-0.0280000000000004,-0.142249999999995,0.0437));
#8606=CARTESIAN_POINT('',(-0.04175,-0.142249999999995,0.0437));
#8607=CARTESIAN_POINT('',(-0.04175,-0.142249999999995,0.0437));
#8608=CARTESIAN_POINT('',(-0.0280000000000004,-0.142249999999995,0.0437));
#8609=CARTESIAN_POINT('',(-0.04175,-0.137999999999995,0.0437));
#8610=CARTESIAN_POINT('',(-0.04175,-0.137999999999995,0.0437));
#8611=CARTESIAN_POINT('',(-0.0280000000000004,-0.144499999999995,0.0437));
#8612=CARTESIAN_POINT('',(0.0818359051805728,-0.0292345295593779,-0.0886478027790103));
#8613=CARTESIAN_POINT('',(-0.142572230463366,-0.0811426652033155,-0.0354877896904944));
#8614=CARTESIAN_POINT('',(-0.142572230463366,0.0786736060845591,-0.0354877896904946));
#8615=CARTESIAN_POINT('',(0.0454998317062855,-0.012,0.025));
#8616=CARTESIAN_POINT('',(0.0454998317062855,-0.012,0.01));
#8617=CARTESIAN_POINT('',(0.0467998317062855,-0.012,0.01));
#8618=CARTESIAN_POINT('',(0.0454998317062855,-0.012,0.005));
#8619=CARTESIAN_POINT('',(0.0441998317062855,-0.012,0.005));
#8620=CARTESIAN_POINT('',(0.0475873317062855,-0.0133,0.005));
#8621=CARTESIAN_POINT('',(0.0475873317062855,-0.0133,0.));
#8622=CARTESIAN_POINT('',(0.0483248317062855,-0.012,0.));
#8623=CARTESIAN_POINT('',(0.0468498317062855,-0.0146,0.));
#8624=CARTESIAN_POINT('',(0.0468498317062855,-0.0146,0.005));
#8625=CARTESIAN_POINT('',(0.0468498317062855,-0.0146,0.005));
#8626=CARTESIAN_POINT('',(0.0475873317062855,-0.0133,0.005));
#8627=CARTESIAN_POINT('',(0.0483248317062855,-0.012,0.005));
#8628=CARTESIAN_POINT('',(0.0483248317062855,-0.012,0.005));
#8629=CARTESIAN_POINT('',(0.0475873317062855,-0.0107,0.005));
#8630=CARTESIAN_POINT('',(0.0475873317062855,-0.0107,0.));
#8631=CARTESIAN_POINT('',(0.0468498317062855,-0.0094,0.));
#8632=CARTESIAN_POINT('',(0.0475873317062855,-0.0107,0.005));
#8633=CARTESIAN_POINT('',(0.0468498317062855,-0.0094,0.005));
#8634=CARTESIAN_POINT('',(0.0468498317062855,-0.0094,0.005));
#8635=CARTESIAN_POINT('',(0.0434123317062855,-0.0133,0.005));
#8636=CARTESIAN_POINT('',(0.0434123317062855,-0.0133,0.));
#8637=CARTESIAN_POINT('',(0.0426748317062855,-0.012,0.));
#8638=CARTESIAN_POINT('',(0.0441498317062855,-0.0146,0.));
#8639=CARTESIAN_POINT('',(0.0426748317062855,-0.012,0.005));
#8640=CARTESIAN_POINT('',(0.0426748317062855,-0.012,0.005));
#8641=CARTESIAN_POINT('',(0.0434123317062855,-0.0133,0.005));
#8642=CARTESIAN_POINT('',(0.0441498317062855,-0.0146,0.005));
#8643=CARTESIAN_POINT('',(0.0441498317062855,-0.0146,0.005));
#8644=CARTESIAN_POINT('',(0.0434123317062855,-0.0107,0.005));
#8645=CARTESIAN_POINT('',(0.0434123317062855,-0.0107,0.));
#8646=CARTESIAN_POINT('',(0.0441498317062855,-0.0094,0.));
#8647=CARTESIAN_POINT('',(0.0441498317062855,-0.0094,0.005));
#8648=CARTESIAN_POINT('',(0.0441498317062855,-0.0094,0.005));
#8649=CARTESIAN_POINT('',(0.0434123317062855,-0.0107,0.005));
#8650=CARTESIAN_POINT('',(0.0461748317062855,-0.0146,0.005));
#8651=CARTESIAN_POINT('',(0.0461748317062855,-0.0146,0.));
#8652=CARTESIAN_POINT('',(0.0461748317062855,-0.0146,0.005));
#8653=CARTESIAN_POINT('',(0.0454998317062855,-0.0094,0.005));
#8654=CARTESIAN_POINT('',(0.0454998317062855,-0.0094,0.));
#8655=CARTESIAN_POINT('',(0.0454998317062855,-0.0094,0.005));
#8656=CARTESIAN_POINT('',(0.,0.,0.005));
#8657=CARTESIAN_POINT('',(-0.00102822572433535,0.00103676416909269,0.));
#8658=CARTESIAN_POINT('',(0.0375,0.0275,0.));
#8659=CARTESIAN_POINT('',(0.03615,0.0275,0.));
#8660=CARTESIAN_POINT('',(-0.0375,-0.0275,0.));
#8661=CARTESIAN_POINT('',(-0.03885,-0.0275,0.));
#8662=CARTESIAN_POINT('',(0.041,-0.032,0.));
#8663=CARTESIAN_POINT('',(0.03,-0.032,0.));
#8664=CARTESIAN_POINT('',(0.041,-0.021,0.));
#8665=CARTESIAN_POINT('',(0.041,1.38777878078145E-17,0.));
#8666=CARTESIAN_POINT('',(0.041,0.021,0.));
#8667=CARTESIAN_POINT('',(0.041,0.032,0.));
#8668=CARTESIAN_POINT('',(0.03,0.032,0.));
#8669=CARTESIAN_POINT('',(-6.93889390390723E-18,0.032,0.));
#8670=CARTESIAN_POINT('',(-0.03,0.032,0.));
#8671=CARTESIAN_POINT('',(-0.041,0.032,0.));
#8672=CARTESIAN_POINT('',(-0.041,0.021,0.));
#8673=CARTESIAN_POINT('',(-0.041,-1.7347234759768E-17,0.));
#8674=CARTESIAN_POINT('',(-0.041,-0.021,0.));
#8675=CARTESIAN_POINT('',(-0.041,-0.032,0.));
#8676=CARTESIAN_POINT('',(-0.03,-0.032,0.));
#8677=CARTESIAN_POINT('',(1.38777878078145E-17,-0.032,0.));
#8678=CARTESIAN_POINT('',(-0.0831581356439357,0.0766581356439357,0.));
#8679=CARTESIAN_POINT('',(-0.0842581356439357,0.0766581356439357,0.));
#8680=CARTESIAN_POINT('',(-0.0766581356439356,0.0766581356439357,0.));
#8681=CARTESIAN_POINT('',(-0.0777581356439356,0.0766581356439357,0.));
#8682=CARTESIAN_POINT('',(-0.0766581356439356,0.0831581356439357,0.));
#8683=CARTESIAN_POINT('',(-0.0777581356439356,0.0831581356439357,0.));
#8684=CARTESIAN_POINT('',(-0.0799081356439357,0.0799081356439357,0.));
#8685=CARTESIAN_POINT('',(-0.0826581356439357,0.0799081356439357,0.));
#8686=CARTESIAN_POINT('',(-0.0831581356439357,0.0831581356439357,0.));
#8687=CARTESIAN_POINT('',(-0.0842581356439357,0.0831581356439357,0.));
#8688=CARTESIAN_POINT('',(-0.05,0.0185,0.));
#8689=CARTESIAN_POINT('',(-0.05,-0.0204314575050762,0.));
#8690=CARTESIAN_POINT('',(-0.05,0.0204314575050762,0.));
#8691=CARTESIAN_POINT('',(-0.09,0.0204314575050762,0.));
#8692=CARTESIAN_POINT('',(-0.0617157287525381,0.0487157287525382,0.));
#8693=CARTESIAN_POINT('',(-0.0710282257243353,0.0580282257243354,0.));
#8694=CARTESIAN_POINT('',(-0.0849946661393884,0.0719946661393884,0.));
#8695=CARTESIAN_POINT('',(-0.0779235983275229,0.0790657339512539,0.));
#8696=CARTESIAN_POINT('',(-0.0855511381446717,0.0855326216368265,0.));
#8697=CARTESIAN_POINT('',(-0.0790642336340341,0.0779220980103032,0.));
#8698=CARTESIAN_POINT('',(-0.0719931658221686,0.0849931658221687,0.));
#8699=CARTESIAN_POINT('',(-0.0535367641690927,0.0665367641690927,0.));
#8700=CARTESIAN_POINT('',(-0.0397157287525381,0.0527157287525381,0.));
#8701=CARTESIAN_POINT('',(-0.0114314575050762,0.081,0.));
#8702=CARTESIAN_POINT('',(-0.0114314575050762,0.041,0.));
#8703=CARTESIAN_POINT('',(-0.014,0.041,0.));
#8704=CARTESIAN_POINT('',(0.0114314575050762,0.041,0.));
#8705=CARTESIAN_POINT('',(0.0114314575050762,0.081,0.));
#8706=CARTESIAN_POINT('',(0.0397157287525381,0.0527157287525381,0.));
#8707=CARTESIAN_POINT('',(0.0535367641690927,0.0665367641690927,0.));
#8708=CARTESIAN_POINT('',(0.0719931658221686,0.0849931658221687,0.));
#8709=CARTESIAN_POINT('',(0.0790642336340341,0.0779220980103032,0.));
#8710=CARTESIAN_POINT('',(0.0855511381446717,0.0855326216368265,0.));
#8711=CARTESIAN_POINT('',(0.0779235983275229,0.0790657339512539,0.));
#8712=CARTESIAN_POINT('',(0.0849946661393884,0.0719946661393884,0.));
#8713=CARTESIAN_POINT('',(0.0710282257243353,0.0580282257243354,0.));
#8714=CARTESIAN_POINT('',(0.0617157287525381,0.0487157287525382,0.));
#8715=CARTESIAN_POINT('',(0.09,0.0204314575050762,0.));
#8716=CARTESIAN_POINT('',(0.05,0.0204314575050762,0.));
#8717=CARTESIAN_POINT('',(0.05,0.0185,0.));
#8718=CARTESIAN_POINT('',(0.05,-0.0204314575050762,0.));
#8719=CARTESIAN_POINT('',(0.09,-0.0204314575050762,0.));
#8720=CARTESIAN_POINT('',(0.0617157287525381,-0.0487157287525381,0.));
#8721=CARTESIAN_POINT('',(0.0710282257243353,-0.0580282257243354,0.));
#8722=CARTESIAN_POINT('',(0.0849946661393884,-0.0719946661393884,0.));
#8723=CARTESIAN_POINT('',(0.0779235983275229,-0.0790657339512539,0.));
#8724=CARTESIAN_POINT('',(0.0855511381446717,-0.0855326216368265,0.));
#8725=CARTESIAN_POINT('',(0.0790642336340341,-0.0779220980103032,0.));
#8726=CARTESIAN_POINT('',(0.0719931658221686,-0.0849931658221687,0.));
#8727=CARTESIAN_POINT('',(0.0535367641690927,-0.0665367641690927,0.));
#8728=CARTESIAN_POINT('',(0.0397157287525381,-0.0527157287525381,0.));
#8729=CARTESIAN_POINT('',(0.0114314575050762,-0.081,0.));
#8730=CARTESIAN_POINT('',(0.0114314575050762,-0.041,0.));
#8731=CARTESIAN_POINT('',(-0.014,-0.041,0.));
#8732=CARTESIAN_POINT('',(-0.0114314575050762,-0.041,0.));
#8733=CARTESIAN_POINT('',(-0.0114314575050762,-0.081,0.));
#8734=CARTESIAN_POINT('',(-0.0397157287525381,-0.0527157287525381,0.));
#8735=CARTESIAN_POINT('',(-0.0535367641690927,-0.0665367641690927,0.));
#8736=CARTESIAN_POINT('',(-0.0719931658221686,-0.0849931658221687,0.));
#8737=CARTESIAN_POINT('',(-0.0790642336340341,-0.0779220980103032,0.));
#8738=CARTESIAN_POINT('',(-0.0855511381446717,-0.0855326216368265,0.));
#8739=CARTESIAN_POINT('',(-0.0779235983275229,-0.0790657339512539,0.));
#8740=CARTESIAN_POINT('',(-0.0849946661393884,-0.0719946661393884,0.));
#8741=CARTESIAN_POINT('',(-0.0710282257243353,-0.0580282257243354,0.));
#8742=CARTESIAN_POINT('',(-0.0617157287525381,-0.0487157287525382,0.));
#8743=CARTESIAN_POINT('',(-0.09,-0.0204314575050762,0.));
#8744=CARTESIAN_POINT('',(-0.0831581356439357,-0.0766581356439357,0.));
#8745=CARTESIAN_POINT('',(-0.0842581356439357,-0.0766581356439357,0.));
#8746=CARTESIAN_POINT('',(-0.0766581356439356,-0.0766581356439357,0.));
#8747=CARTESIAN_POINT('',(-0.0777581356439356,-0.0766581356439357,0.));
#8748=CARTESIAN_POINT('',(-0.0766581356439356,-0.0831581356439357,0.));
#8749=CARTESIAN_POINT('',(-0.0777581356439356,-0.0831581356439357,0.));
#8750=CARTESIAN_POINT('',(-0.0799081356439357,-0.0799081356439357,0.));
#8751=CARTESIAN_POINT('',(-0.0826581356439357,-0.0799081356439357,0.));
#8752=CARTESIAN_POINT('',(-0.0831581356439357,-0.0831581356439357,0.));
#8753=CARTESIAN_POINT('',(-0.0842581356439357,-0.0831581356439357,0.));
#8754=CARTESIAN_POINT('',(0.0831581356439357,0.0766581356439357,0.));
#8755=CARTESIAN_POINT('',(0.0842581356439357,0.0766581356439357,0.));
#8756=CARTESIAN_POINT('',(0.0766581356439356,0.0766581356439357,0.));
#8757=CARTESIAN_POINT('',(0.0777581356439356,0.0766581356439357,0.));
#8758=CARTESIAN_POINT('',(0.0766581356439356,0.0831581356439357,0.));
#8759=CARTESIAN_POINT('',(0.0777581356439356,0.0831581356439357,0.));
#8760=CARTESIAN_POINT('',(0.0799081356439357,0.0799081356439357,0.));
#8761=CARTESIAN_POINT('',(0.0826581356439357,0.0799081356439357,0.));
#8762=CARTESIAN_POINT('',(0.0831581356439357,0.0831581356439357,0.));
#8763=CARTESIAN_POINT('',(0.0842581356439357,0.0831581356439357,0.));
#8764=CARTESIAN_POINT('',(0.0831581356439357,-0.0766581356439357,0.));
#8765=CARTESIAN_POINT('',(0.0842581356439357,-0.0766581356439357,0.));
#8766=CARTESIAN_POINT('',(0.0766581356439356,-0.0766581356439357,0.));
#8767=CARTESIAN_POINT('',(0.0777581356439356,-0.0766581356439357,0.));
#8768=CARTESIAN_POINT('',(0.0766581356439356,-0.0831581356439357,0.));
#8769=CARTESIAN_POINT('',(0.0777581356439356,-0.0831581356439357,0.));
#8770=CARTESIAN_POINT('',(0.0799081356439357,-0.0799081356439357,0.));
#8771=CARTESIAN_POINT('',(0.0826581356439357,-0.0799081356439357,0.));
#8772=CARTESIAN_POINT('',(0.0831581356439357,-0.0831581356439357,0.));
#8773=CARTESIAN_POINT('',(0.0842581356439357,-0.0831581356439357,0.));
#8774=CARTESIAN_POINT('',(-0.0375,0.0275,0.));
#8775=CARTESIAN_POINT('',(-0.03885,0.0275,0.));
#8776=CARTESIAN_POINT('',(0.0375,-0.0275,0.));
#8777=CARTESIAN_POINT('',(0.03615,-0.0275,0.));
#8778=CARTESIAN_POINT('',(0.0475873317062855,0.0133,0.));
#8779=CARTESIAN_POINT('',(0.0483248317062855,0.012,0.));
#8780=CARTESIAN_POINT('',(0.0468498317062855,0.0146,0.));
#8781=CARTESIAN_POINT('',(0.0461748317062855,0.0146,0.));
#8782=CARTESIAN_POINT('',(0.0441498317062855,0.0146,0.));
#8783=CARTESIAN_POINT('',(0.0434123317062855,0.0133,0.));
#8784=CARTESIAN_POINT('',(0.0426748317062855,0.012,0.));
#8785=CARTESIAN_POINT('',(0.0434123317062855,0.0107,0.));
#8786=CARTESIAN_POINT('',(0.0441498317062855,0.0094,0.));
#8787=CARTESIAN_POINT('',(0.0454998317062855,0.0094,0.));
#8788=CARTESIAN_POINT('',(0.0468498317062855,0.0094,0.));
#8789=CARTESIAN_POINT('',(0.0475873317062855,0.0107,0.));
#8790=CARTESIAN_POINT('',(0.043,0.,0.005));
#8791=CARTESIAN_POINT('',(0.043,0.,0.0058));
#8792=CARTESIAN_POINT('',(0.043,-0.00175,0.0058));
#8793=CARTESIAN_POINT('',(0.043,-0.00675,0.0058));
#8794=CARTESIAN_POINT('',(0.043,-0.00175,0.0058));
#8795=CARTESIAN_POINT('',(0.043,-0.00175,0.005));
#8796=CARTESIAN_POINT('',(0.043,0.,0.005));
#8797=CARTESIAN_POINT('',(0.043,0.00675,0.005));
#8798=CARTESIAN_POINT('',(0.043,0.00675,0.005));
#8799=CARTESIAN_POINT('',(0.043,0.00675,0.007));
#8800=CARTESIAN_POINT('',(0.043,6.93889390390723E-18,0.007));
#8801=CARTESIAN_POINT('',(0.043,-0.00675,0.007));
#8802=CARTESIAN_POINT('',(0.043,-0.00675,0.005));
#8803=CARTESIAN_POINT('',(0.0455166816153832,6.93889390390723E-18,0.005));
#8804=CARTESIAN_POINT('',(0.0465,-0.00175,0.005));
#8805=CARTESIAN_POINT('',(0.05,-0.00175,0.005));
#8806=CARTESIAN_POINT('',(0.05,0.0185,0.005));
#8807=CARTESIAN_POINT('',(0.05,0.00675,0.005));
#8808=CARTESIAN_POINT('',(0.0465,0.00675,0.005));
#8809=CARTESIAN_POINT('',(0.05,0.0185,0.01));
#8810=CARTESIAN_POINT('',(0.05,-0.00175,0.0058));
#8811=CARTESIAN_POINT('',(0.05,-0.00175,0.0058));
#8812=CARTESIAN_POINT('',(0.05,0.0185,0.0058));
#8813=CARTESIAN_POINT('',(0.05,-0.00675,0.0058));
#8814=CARTESIAN_POINT('',(0.05,-0.00675,0.007));
#8815=CARTESIAN_POINT('',(0.05,-0.00675,0.01));
#8816=CARTESIAN_POINT('',(0.05,0.0185,0.01));
#8817=CARTESIAN_POINT('',(0.05,-0.0204314575050762,0.01));
#8818=CARTESIAN_POINT('',(0.05,-0.0204314575050762,0.));
#8819=CARTESIAN_POINT('',(0.05,0.0204314575050762,0.00852105404188337));
#8820=CARTESIAN_POINT('',(0.05,0.0204314575050762,0.01));
#8821=CARTESIAN_POINT('',(0.05,0.0185,0.01));
#8822=CARTESIAN_POINT('',(0.05,0.00675,0.01));
#8823=CARTESIAN_POINT('',(0.05,0.00675,0.007));
#8824=CARTESIAN_POINT('',(-0.00102822572433535,0.00103676416909269,0.01));
#8825=CARTESIAN_POINT('',(0.042,-0.00675,0.01));
#8826=CARTESIAN_POINT('',(0.041,-0.00675,0.01));
#8827=CARTESIAN_POINT('',(0.041,0.00103676416909271,0.01));
#8828=CARTESIAN_POINT('',(0.041,-0.0311219691604344,0.01));
#8829=CARTESIAN_POINT('',(0.0361091705513296,-0.036025664764657,0.01));
#8830=CARTESIAN_POINT('',(0.0500333632307664,-0.0220648421371039,0.01));
#8831=CARTESIAN_POINT('',(0.09,-0.0204314575050762,0.01));
#8832=CARTESIAN_POINT('',(-0.00102822572433535,0.00103676416909269,0.01));
#8833=CARTESIAN_POINT('',(-0.0361091705513296,-0.036025664764657,0.01));
#8834=CARTESIAN_POINT('',(-0.041,-0.0311219691604345,0.01));
#8835=CARTESIAN_POINT('',(-0.0500333632307664,-0.0220648421371039,0.01));
#8836=CARTESIAN_POINT('',(-0.041,0.00103676416909267,0.01));
#8837=CARTESIAN_POINT('',(-0.041,0.0311219691604344,0.01));
#8838=CARTESIAN_POINT('',(-0.0361091705513296,0.036025664764657,0.01));
#8839=CARTESIAN_POINT('',(-0.0500333632307664,0.0220648421371039,0.01));
#8840=CARTESIAN_POINT('',(-0.09,0.0204314575050762,0.01));
#8841=CARTESIAN_POINT('',(-0.05,0.0204314575050762,0.01));
#8842=CARTESIAN_POINT('',(-0.05,0.0185,0.01));
#8843=CARTESIAN_POINT('',(-0.05,-0.0204314575050762,0.01));
#8844=CARTESIAN_POINT('',(-0.09,-0.0204314575050762,0.01));
#8845=CARTESIAN_POINT('',(-0.00102822572433535,0.00103676416909269,0.01));
#8846=CARTESIAN_POINT('',(-0.00102822572433536,0.032,0.01));
#8847=CARTESIAN_POINT('',(-0.0401242729089281,0.032,0.01));
#8848=CARTESIAN_POINT('',(0.0401242729089281,0.032,0.01));
#8849=CARTESIAN_POINT('',(0.0361091705513296,0.036025664764657,0.01));
#8850=CARTESIAN_POINT('',(0.0276994380539288,0.0444575204883118,0.01));
#8851=CARTESIAN_POINT('',(0.0114314575050762,0.081,0.01));
#8852=CARTESIAN_POINT('',(0.0114314575050762,0.041,0.01));
#8853=CARTESIAN_POINT('',(-0.014,0.041,0.01));
#8854=CARTESIAN_POINT('',(-0.0114314575050762,0.041,0.01));
#8855=CARTESIAN_POINT('',(-0.0114314575050762,0.081,0.01));
#8856=CARTESIAN_POINT('',(-0.0276994380539288,0.0444575204883118,0.01));
#8857=CARTESIAN_POINT('',(-0.0361091705513296,0.036025664764657,0.01));
#8858=CARTESIAN_POINT('',(-0.00102822572433535,0.00103676416909269,0.01));
#8859=CARTESIAN_POINT('',(0.0454998317062855,0.012,0.01));
#8860=CARTESIAN_POINT('',(0.0467998317062855,0.012,0.01));
#8861=CARTESIAN_POINT('',(0.042,0.00675,0.01));
#8862=CARTESIAN_POINT('',(0.041,0.00675,0.01));
#8863=CARTESIAN_POINT('',(0.09,0.0204314575050762,0.01));
#8864=CARTESIAN_POINT('',(0.0500333632307664,0.0220648421371039,0.01));
#8865=CARTESIAN_POINT('',(0.0361091705513296,0.036025664764657,0.01));
#8866=CARTESIAN_POINT('',(0.041,0.0311219691604345,0.01));
#8867=CARTESIAN_POINT('',(0.041,0.00103676416909271,0.01));
#8868=CARTESIAN_POINT('',(-0.00102822572433535,0.00103676416909269,0.01));
#8869=CARTESIAN_POINT('',(-0.00102822572433533,-0.032,0.01));
#8870=CARTESIAN_POINT('',(-0.0401242729089281,-0.032,0.01));
#8871=CARTESIAN_POINT('',(0.0401242729089281,-0.032,0.01));
#8872=CARTESIAN_POINT('',(-0.0361091705513296,-0.036025664764657,0.01));
#8873=CARTESIAN_POINT('',(-0.0276994380539288,-0.0444575204883118,0.01));
#8874=CARTESIAN_POINT('',(-0.0114314575050762,-0.081,0.01));
#8875=CARTESIAN_POINT('',(-0.0114314575050762,-0.041,0.01));
#8876=CARTESIAN_POINT('',(-0.014,-0.041,0.01));
#8877=CARTESIAN_POINT('',(0.0114314575050762,-0.041,0.01));
#8878=CARTESIAN_POINT('',(0.0114314575050762,-0.081,0.01));
#8879=CARTESIAN_POINT('',(0.0276994380539288,-0.0444575204883118,0.01));
#8880=CARTESIAN_POINT('',(0.0361091705513296,-0.036025664764657,0.01));
#8881=CARTESIAN_POINT('',(-0.0361091705513296,0.036025664764657,0.01));
#8882=CARTESIAN_POINT('',(-0.041,0.0359778348895308,0.00951807111369817));
#8883=CARTESIAN_POINT('',(-0.041,0.032,0.00991285829381258));
#8884=CARTESIAN_POINT('',(-0.0361485375240167,0.032,0.0103956168175257));
#8885=CARTESIAN_POINT('',(-0.0114314575050762,0.081,0.00799206922608397));
#8886=CARTESIAN_POINT('',(-0.0397157287525381,0.0527157287525381,0.00798468461612755));
#8887=CARTESIAN_POINT('',(-0.0295675841024839,0.042567584102484,0.0100016748744924));
#8888=CARTESIAN_POINT('',(-0.0647953246056038,0.0777953246056038,0.003));
#8889=CARTESIAN_POINT('',(-0.0713746876873509,0.0711986533944829,0.003));
#8890=CARTESIAN_POINT('',(-0.0777782477160891,0.0647782477160892,0.003));
#8891=CARTESIAN_POINT('',(-0.0704768006189696,0.0574768006189696,0.00445119607324263));
#8892=CARTESIAN_POINT('',(-0.0617157287525381,0.0487157287525382,0.00619249925887792));
#8893=CARTESIAN_POINT('',(-0.09,0.0204314575050762,0.0061851146489215));
#8894=CARTESIAN_POINT('',(0.0361091705513296,0.036025664764657,0.01));
#8895=CARTESIAN_POINT('',(0.0361485375240167,0.032,0.0103956168175257));
#8896=CARTESIAN_POINT('',(0.041,0.032,0.0099128582938126));
#8897=CARTESIAN_POINT('',(0.041,0.0359778348895308,0.00951807111369817));
#8898=CARTESIAN_POINT('',(0.09,0.0204314575050762,0.0061851146489215));
#8899=CARTESIAN_POINT('',(0.0617157287525381,0.0487157287525382,0.00619249925887792));
#8900=CARTESIAN_POINT('',(0.0704768006189696,0.0574768006189696,0.00445119607324263));
#8901=CARTESIAN_POINT('',(0.0777782477160891,0.0647782477160892,0.003));
#8902=CARTESIAN_POINT('',(0.0713746876873509,0.0711986533944829,0.003));
#8903=CARTESIAN_POINT('',(0.0647953246056038,0.0777953246056038,0.003));
#8904=CARTESIAN_POINT('',(0.0295675841024839,0.042567584102484,0.0100016748744924));
#8905=CARTESIAN_POINT('',(0.0397157287525381,0.0527157287525381,0.00798468461612755));
#8906=CARTESIAN_POINT('',(0.0114314575050762,0.081,0.00799206922608397));
#8907=CARTESIAN_POINT('',(0.041,-0.032,0.248894346324898));
#8908=CARTESIAN_POINT('',(0.03,-0.032,0.248894346324898));
#8909=CARTESIAN_POINT('',(0.03,-0.032,0.005));
#8910=CARTESIAN_POINT('',(0.041,-0.032,0.005));
#8911=CARTESIAN_POINT('',(0.041,-0.021,0.005));
#8912=CARTESIAN_POINT('',(0.041,-0.021,0.248894346324898));
#8913=CARTESIAN_POINT('',(-0.041,-0.032,0.248894346324898));
#8914=CARTESIAN_POINT('',(-0.041,-0.032,0.005));
#8915=CARTESIAN_POINT('',(-0.03,-0.032,0.005));
#8916=CARTESIAN_POINT('',(-0.041,-0.021,0.005));
#8917=CARTESIAN_POINT('',(-0.03,-0.032,0.248894346324898));
#8918=CARTESIAN_POINT('',(-0.041,-0.021,0.248894346324898));
#8919=CARTESIAN_POINT('',(-0.041,0.032,0.248894346324898));
#8920=CARTESIAN_POINT('',(-0.03,0.032,0.248894346324898));
#8921=CARTESIAN_POINT('',(-0.03,0.032,0.005));
#8922=CARTESIAN_POINT('',(-0.041,0.032,0.005));
#8923=CARTESIAN_POINT('',(-0.041,0.021,0.005));
#8924=CARTESIAN_POINT('',(-0.041,0.021,0.248894346324898));
#8925=CARTESIAN_POINT('',(0.041,0.032,0.248894346324898));
#8926=CARTESIAN_POINT('',(0.041,0.032,0.005));
#8927=CARTESIAN_POINT('',(0.03,0.032,0.005));
#8928=CARTESIAN_POINT('',(0.041,0.021,0.005));
#8929=CARTESIAN_POINT('',(0.03,0.032,0.248894346324898));
#8930=CARTESIAN_POINT('',(0.041,0.021,0.248894346324898));
#8931=CARTESIAN_POINT('',(-0.0710282257243353,0.0580282257243354,0.01));
#8932=CARTESIAN_POINT('',(-0.0617157287525381,0.0487157287525382,0.00852105404188337));
#8933=CARTESIAN_POINT('',(-0.0710282257243353,0.0580282257243354,0.003));
#8934=CARTESIAN_POINT('',(-0.0849946661393884,0.0719946661393884,0.003));
#8935=CARTESIAN_POINT('',(-0.0849946661393884,0.0719946661393884,3.46944695195361E-18));
#8936=CARTESIAN_POINT('',(-0.05,0.0185,0.01));
#8937=CARTESIAN_POINT('',(-0.05,-0.0204314575050762,0.00852105404188337));
#8938=CARTESIAN_POINT('',(-0.05,0.0204314575050762,0.));
#8939=CARTESIAN_POINT('',(-0.014,0.041,0.01));
#8940=CARTESIAN_POINT('',(0.0114314575050762,0.041,0.));
#8941=CARTESIAN_POINT('',(-0.0114314575050762,0.041,0.01));
#8942=CARTESIAN_POINT('',(-0.0535367641690927,0.0665367641690927,0.01));
#8943=CARTESIAN_POINT('',(-0.0397157287525381,0.0527157287525381,0.));
#8944=CARTESIAN_POINT('',(-0.0719931658221686,0.0849931658221687,0.01));
#8945=CARTESIAN_POINT('',(-0.0719931658221686,0.0849931658221687,0.003));
#8946=CARTESIAN_POINT('',(-0.0535367641690927,0.0665367641690927,0.003));
#8947=CARTESIAN_POINT('',(-0.0460282257243354,0.0460367641690927,0.003));
#8948=CARTESIAN_POINT('',(-0.0831581356439357,0.0766581356439357,0.003));
#8949=CARTESIAN_POINT('',(-0.0820581356439357,0.0766581356439357,0.003));
#8950=CARTESIAN_POINT('',(-0.0766581356439356,0.0766581356439357,0.003));
#8951=CARTESIAN_POINT('',(-0.0755581356439356,0.0766581356439357,0.003));
#8952=CARTESIAN_POINT('',(-0.0766581356439356,0.0831581356439357,0.003));
#8953=CARTESIAN_POINT('',(-0.0755581356439356,0.0831581356439357,0.003));
#8954=CARTESIAN_POINT('',(-0.0799081356439357,0.0799081356439357,0.003));
#8955=CARTESIAN_POINT('',(-0.0771581356439357,0.0799081356439357,0.003));
#8956=CARTESIAN_POINT('',(-0.0831581356439357,0.0831581356439357,0.003));
#8957=CARTESIAN_POINT('',(-0.0820581356439357,0.0831581356439357,0.003));
#8958=CARTESIAN_POINT('',(-0.0790642336340341,0.0779220980103032,0.003));
#8959=CARTESIAN_POINT('',(-0.0855511381446717,0.0855326216368265,0.003));
#8960=CARTESIAN_POINT('',(-0.0779235983275229,0.0790657339512539,0.003));
#8961=CARTESIAN_POINT('',(-0.0831581356439357,0.0831581356439357,0.130593019087338));
#8962=CARTESIAN_POINT('',(-0.0799081356439357,0.0799081356439357,0.130593019087338));
#8963=CARTESIAN_POINT('',(-0.0766581356439356,0.0831581356439357,0.130593019087338));
#8964=CARTESIAN_POINT('',(-0.0766581356439356,0.0766581356439357,0.130593019087338));
#8965=CARTESIAN_POINT('',(-0.0831581356439357,0.0766581356439357,0.130593019087338));
#8966=CARTESIAN_POINT('',(-0.0790642336340341,0.0779220980103032,0.01));
#8967=CARTESIAN_POINT('',(-0.0855511381446717,0.0855326216368265,0.0015));
#8968=CARTESIAN_POINT('',(-0.0779235983275229,0.0790657339512539,0.01));
#8969=CARTESIAN_POINT('',(-0.0710282257243353,-0.0580282257243354,0.01));
#8970=CARTESIAN_POINT('',(-0.0704768006189696,-0.0574768006189696,0.00445119607324263));
#8971=CARTESIAN_POINT('',(-0.0617157287525381,-0.0487157287525382,0.00619249925887792));
#8972=CARTESIAN_POINT('',(-0.0777782477160891,-0.0647782477160892,0.003));
#8973=CARTESIAN_POINT('',(-0.0617157287525381,-0.0487157287525382,0.));
#8974=CARTESIAN_POINT('',(-0.0849946661393884,-0.0719946661393884,3.46944695195361E-18));
#8975=CARTESIAN_POINT('',(-0.0849946661393884,-0.0719946661393884,0.003));
#8976=CARTESIAN_POINT('',(-0.0710282257243353,-0.0580282257243354,0.003));
#8977=CARTESIAN_POINT('',(-0.014,-0.041,0.01));
#8978=CARTESIAN_POINT('',(0.0114314575050762,-0.041,0.01));
#8979=CARTESIAN_POINT('',(-0.0114314575050762,-0.041,0.));
#8980=CARTESIAN_POINT('',(-0.0535367641690927,-0.0665367641690927,0.01));
#8981=CARTESIAN_POINT('',(-0.0397157287525381,-0.0527157287525381,0.01));
#8982=CARTESIAN_POINT('',(-0.0397157287525381,-0.0527157287525381,0.00798468461612755));
#8983=CARTESIAN_POINT('',(-0.0295675841024839,-0.042567584102484,0.0100016748744924));
#8984=CARTESIAN_POINT('',(-0.0647953246056038,-0.0777953246056038,0.003));
#8985=CARTESIAN_POINT('',(-0.0535367641690927,-0.0665367641690927,0.003));
#8986=CARTESIAN_POINT('',(-0.0719931658221686,-0.0849931658221687,0.003));
#8987=CARTESIAN_POINT('',(-0.0719931658221686,-0.0849931658221687,0.01));
#8988=CARTESIAN_POINT('',(-0.0460282257243354,-0.0460367641690927,0.003));
#8989=CARTESIAN_POINT('',(-0.0831581356439357,-0.0766581356439357,0.003));
#8990=CARTESIAN_POINT('',(-0.0820581356439357,-0.0766581356439357,0.003));
#8991=CARTESIAN_POINT('',(-0.0766581356439356,-0.0766581356439357,0.003));
#8992=CARTESIAN_POINT('',(-0.0755581356439356,-0.0766581356439357,0.003));
#8993=CARTESIAN_POINT('',(-0.0766581356439356,-0.0831581356439357,0.003));
#8994=CARTESIAN_POINT('',(-0.0755581356439356,-0.0831581356439357,0.003));
#8995=CARTESIAN_POINT('',(-0.0799081356439357,-0.0799081356439357,0.003));
#8996=CARTESIAN_POINT('',(-0.0771581356439357,-0.0799081356439357,0.003));
#8997=CARTESIAN_POINT('',(-0.0831581356439357,-0.0831581356439357,0.003));
#8998=CARTESIAN_POINT('',(-0.0820581356439357,-0.0831581356439357,0.003));
#8999=CARTESIAN_POINT('',(-0.0790642336340341,-0.0779220980103032,0.003));
#9000=CARTESIAN_POINT('',(-0.0855511381446717,-0.0855326216368265,0.003));
#9001=CARTESIAN_POINT('',(-0.0713746876873509,-0.0711986533944829,0.003));
#9002=CARTESIAN_POINT('',(-0.0779235983275229,-0.0790657339512539,0.003));
#9003=CARTESIAN_POINT('',(-0.0361091705513296,-0.036025664764657,0.01));
#9004=CARTESIAN_POINT('',(-0.0361485375240167,-0.032,0.0103956168175257));
#9005=CARTESIAN_POINT('',(-0.041,-0.032,0.0099128582938126));
#9006=CARTESIAN_POINT('',(-0.041,-0.0359778348895308,0.00951807111369817));
#9007=CARTESIAN_POINT('',(-0.09,-0.0204314575050762,0.0061851146489215));
#9008=CARTESIAN_POINT('',(-0.0114314575050762,-0.081,0.00799206922608397));
#9009=CARTESIAN_POINT('',(-0.0831581356439357,-0.0831581356439357,0.130593019087338));
#9010=CARTESIAN_POINT('',(-0.0799081356439357,-0.0799081356439357,0.130593019087338));
#9011=CARTESIAN_POINT('',(-0.0766581356439356,-0.0831581356439357,0.130593019087338));
#9012=CARTESIAN_POINT('',(-0.0766581356439356,-0.0766581356439357,0.130593019087338));
#9013=CARTESIAN_POINT('',(-0.0831581356439357,-0.0766581356439357,0.130593019087338));
#9014=CARTESIAN_POINT('',(-0.0790642336340341,-0.0779220980103032,0.01));
#9015=CARTESIAN_POINT('',(-0.0855511381446717,-0.0855326216368265,0.0015));
#9016=CARTESIAN_POINT('',(-0.0779235983275229,-0.0790657339512539,0.01));
#9017=CARTESIAN_POINT('',(0.0710282257243353,0.0580282257243354,0.01));
#9018=CARTESIAN_POINT('',(0.0617157287525381,0.0487157287525382,0.));
#9019=CARTESIAN_POINT('',(0.0849946661393884,0.0719946661393884,3.46944695195361E-18));
#9020=CARTESIAN_POINT('',(0.0849946661393884,0.0719946661393884,0.003));
#9021=CARTESIAN_POINT('',(0.0710282257243353,0.0580282257243354,0.003));
#9022=CARTESIAN_POINT('',(0.0535367641690927,0.0665367641690927,0.01));
#9023=CARTESIAN_POINT('',(0.0397157287525381,0.0527157287525381,0.01));
#9024=CARTESIAN_POINT('',(0.0535367641690927,0.0665367641690927,0.003));
#9025=CARTESIAN_POINT('',(0.0719931658221686,0.0849931658221687,0.003));
#9026=CARTESIAN_POINT('',(0.0719931658221686,0.0849931658221687,0.01));
#9027=CARTESIAN_POINT('',(0.0460282257243354,0.0460367641690927,0.003));
#9028=CARTESIAN_POINT('',(0.0831581356439357,0.0766581356439357,0.003));
#9029=CARTESIAN_POINT('',(0.0820581356439357,0.0766581356439357,0.003));
#9030=CARTESIAN_POINT('',(0.0766581356439356,0.0766581356439357,0.003));
#9031=CARTESIAN_POINT('',(0.0755581356439356,0.0766581356439357,0.003));
#9032=CARTESIAN_POINT('',(0.0766581356439356,0.0831581356439357,0.003));
#9033=CARTESIAN_POINT('',(0.0755581356439356,0.0831581356439357,0.003));
#9034=CARTESIAN_POINT('',(0.0799081356439357,0.0799081356439357,0.003));
#9035=CARTESIAN_POINT('',(0.0771581356439357,0.0799081356439357,0.003));
#9036=CARTESIAN_POINT('',(0.0831581356439357,0.0831581356439357,0.003));
#9037=CARTESIAN_POINT('',(0.0820581356439357,0.0831581356439357,0.003));
#9038=CARTESIAN_POINT('',(0.0790642336340341,0.0779220980103032,0.003));
#9039=CARTESIAN_POINT('',(0.0855511381446717,0.0855326216368265,0.003));
#9040=CARTESIAN_POINT('',(0.0779235983275229,0.0790657339512539,0.003));
#9041=CARTESIAN_POINT('',(0.0831581356439357,0.0831581356439357,0.130593019087338));
#9042=CARTESIAN_POINT('',(0.0799081356439357,0.0799081356439357,0.130593019087338));
#9043=CARTESIAN_POINT('',(0.0766581356439356,0.0831581356439357,0.130593019087338));
#9044=CARTESIAN_POINT('',(0.0766581356439356,0.0766581356439357,0.130593019087338));
#9045=CARTESIAN_POINT('',(0.0831581356439357,0.0766581356439357,0.130593019087338));
#9046=CARTESIAN_POINT('',(0.0790642336340341,0.0779220980103032,0.01));
#9047=CARTESIAN_POINT('',(0.0855511381446717,0.0855326216368265,0.0015));
#9048=CARTESIAN_POINT('',(0.0779235983275229,0.0790657339512539,0.01));
#9049=CARTESIAN_POINT('',(0.0710282257243353,-0.0580282257243354,0.01));
#9050=CARTESIAN_POINT('',(0.0617157287525381,-0.0487157287525381,0.00852105404188337));
#9051=CARTESIAN_POINT('',(0.0617157287525381,-0.0487157287525382,0.00619249925887792));
#9052=CARTESIAN_POINT('',(0.0704768006189696,-0.0574768006189696,0.00445119607324263));
#9053=CARTESIAN_POINT('',(0.0777782477160891,-0.0647782477160892,0.003));
#9054=CARTESIAN_POINT('',(0.0710282257243353,-0.0580282257243354,0.003));
#9055=CARTESIAN_POINT('',(0.0849946661393884,-0.0719946661393884,0.003));
#9056=CARTESIAN_POINT('',(0.0849946661393884,-0.0719946661393884,3.46944695195361E-18));
#9057=CARTESIAN_POINT('',(0.0535367641690927,-0.0665367641690927,0.01));
#9058=CARTESIAN_POINT('',(0.0295675841024839,-0.042567584102484,0.0100016748744924));
#9059=CARTESIAN_POINT('',(0.0647953246056038,-0.0777953246056038,0.003));
#9060=CARTESIAN_POINT('',(0.0397157287525381,-0.0527157287525381,0.00798468461612755));
#9061=CARTESIAN_POINT('',(0.0397157287525381,-0.0527157287525381,0.));
#9062=CARTESIAN_POINT('',(0.0719931658221686,-0.0849931658221687,0.01));
#9063=CARTESIAN_POINT('',(0.0719931658221686,-0.0849931658221687,0.003));
#9064=CARTESIAN_POINT('',(0.0535367641690927,-0.0665367641690927,0.003));
#9065=CARTESIAN_POINT('',(0.0460282257243354,-0.0460367641690927,0.003));
#9066=CARTESIAN_POINT('',(0.0831581356439357,-0.0766581356439357,0.003));
#9067=CARTESIAN_POINT('',(0.0820581356439357,-0.0766581356439357,0.003));
#9068=CARTESIAN_POINT('',(0.0766581356439356,-0.0766581356439357,0.003));
#9069=CARTESIAN_POINT('',(0.0755581356439356,-0.0766581356439357,0.003));
#9070=CARTESIAN_POINT('',(0.0766581356439356,-0.0831581356439357,0.003));
#9071=CARTESIAN_POINT('',(0.0755581356439356,-0.0831581356439357,0.003));
#9072=CARTESIAN_POINT('',(0.0799081356439357,-0.0799081356439357,0.003));
#9073=CARTESIAN_POINT('',(0.0771581356439357,-0.0799081356439357,0.003));
#9074=CARTESIAN_POINT('',(0.0831581356439357,-0.0831581356439357,0.003));
#9075=CARTESIAN_POINT('',(0.0820581356439357,-0.0831581356439357,0.003));
#9076=CARTESIAN_POINT('',(0.0790642336340341,-0.0779220980103032,0.003));
#9077=CARTESIAN_POINT('',(0.0855511381446717,-0.0855326216368265,0.003));
#9078=CARTESIAN_POINT('',(0.0779235983275229,-0.0790657339512539,0.003));
#9079=CARTESIAN_POINT('',(0.0713746876873509,-0.0711986533944829,0.003));
#9080=CARTESIAN_POINT('',(0.0361091705513296,-0.036025664764657,0.01));
#9081=CARTESIAN_POINT('',(0.041,-0.0359778348895308,0.00951807111369817));
#9082=CARTESIAN_POINT('',(0.041,-0.032,0.00991285829381255));
#9083=CARTESIAN_POINT('',(0.0361485375240167,-0.032,0.0103956168175257));
#9084=CARTESIAN_POINT('',(0.0114314575050762,-0.081,0.00799206922608397));
#9085=CARTESIAN_POINT('',(0.09,-0.0204314575050762,0.0061851146489215));
#9086=CARTESIAN_POINT('',(0.0831581356439357,-0.0831581356439357,0.130593019087338));
#9087=CARTESIAN_POINT('',(0.0799081356439357,-0.0799081356439357,0.130593019087338));
#9088=CARTESIAN_POINT('',(0.0766581356439356,-0.0831581356439357,0.130593019087338));
#9089=CARTESIAN_POINT('',(0.0766581356439356,-0.0766581356439357,0.130593019087338));
#9090=CARTESIAN_POINT('',(0.0831581356439357,-0.0766581356439357,0.130593019087338));
#9091=CARTESIAN_POINT('',(0.0790642336340341,-0.0779220980103032,0.01));
#9092=CARTESIAN_POINT('',(0.0855511381446717,-0.0855326216368265,0.0015));
#9093=CARTESIAN_POINT('',(0.0779235983275229,-0.0790657339512539,0.01));
#9094=CARTESIAN_POINT('',(1.38777878078145E-17,-0.032,0.248894346324898));
#9095=CARTESIAN_POINT('',(0.041,-0.032,0.253894346324898));
#9096=CARTESIAN_POINT('',(0.041,-0.032,0.005));
#9097=CARTESIAN_POINT('',(0.0355,-0.032,0.005));
#9098=CARTESIAN_POINT('',(-0.0355,-0.032,0.005));
#9099=CARTESIAN_POINT('',(-0.041,-0.032,0.005));
#9100=CARTESIAN_POINT('',(-0.041,-0.032,0.253894346324898));
#9101=CARTESIAN_POINT('',(-0.041,-1.7347234759768E-17,0.248894346324898));
#9102=CARTESIAN_POINT('',(-0.041,-0.0265,0.005));
#9103=CARTESIAN_POINT('',(-0.041,0.0265,0.005));
#9104=CARTESIAN_POINT('',(-0.041,0.032,0.005));
#9105=CARTESIAN_POINT('',(-0.041,0.032,0.253894346324898));
#9106=CARTESIAN_POINT('',(-6.93889390390723E-18,0.032,0.248894346324898));
#9107=CARTESIAN_POINT('',(-0.0355,0.032,0.005));
#9108=CARTESIAN_POINT('',(0.0355,0.032,0.005));
#9109=CARTESIAN_POINT('',(0.041,0.032,0.005));
#9110=CARTESIAN_POINT('',(0.041,0.032,0.253894346324898));
#9111=CARTESIAN_POINT('',(0.041,1.38777878078145E-17,0.248894346324898));
#9112=CARTESIAN_POINT('',(0.041,0.00103676416909271,0.007));
#9113=CARTESIAN_POINT('',(0.041,-0.00675,0.007));
#9114=CARTESIAN_POINT('',(0.041,0.00675,0.007));
#9115=CARTESIAN_POINT('',(0.041,0.00675,0.007));
#9116=CARTESIAN_POINT('',(0.041,0.0265,0.005));
#9117=CARTESIAN_POINT('',(0.041,-0.0265,0.005));
#9118=CARTESIAN_POINT('',(0.041,-0.00675,0.007));
#9119=CARTESIAN_POINT('',(-0.0375,0.0275,0.248894346324898));
#9120=CARTESIAN_POINT('',(-0.0375,0.0275,0.005));
#9121=CARTESIAN_POINT('',(-0.03885,0.0275,0.005));
#9122=CARTESIAN_POINT('',(-0.0375,-0.0275,0.248894346324898));
#9123=CARTESIAN_POINT('',(-0.0375,-0.0275,0.005));
#9124=CARTESIAN_POINT('',(-0.03885,-0.0275,0.005));
#9125=CARTESIAN_POINT('',(0.0375,0.0275,0.248894346324898));
#9126=CARTESIAN_POINT('',(0.0375,0.0275,0.005));
#9127=CARTESIAN_POINT('',(0.03615,0.0275,0.005));
#9128=CARTESIAN_POINT('',(0.0375,-0.0275,0.248894346324898));
#9129=CARTESIAN_POINT('',(0.0375,-0.0275,0.005));
#9130=CARTESIAN_POINT('',(0.03615,-0.0275,0.005));
#9131=CARTESIAN_POINT('',(0.,0.,0.005));
#9132=CARTESIAN_POINT('',(0.,0.,0.005));
#9133=CARTESIAN_POINT('',(0.,0.,0.005));
#9134=CARTESIAN_POINT('',(0.,0.,0.005));
#9135=CARTESIAN_POINT('',(-0.09,-0.0204314575050762,0.01));
#9136=CARTESIAN_POINT('',(-0.09,0.0204314575050762,0.01));
#9137=CARTESIAN_POINT('',(0.0114314575050762,-0.081,0.01));
#9138=CARTESIAN_POINT('',(-0.0114314575050762,-0.081,0.01));
#9139=CARTESIAN_POINT('',(0.09,0.0204314575050762,0.01));
#9140=CARTESIAN_POINT('',(0.09,-0.0204314575050762,0.01));
#9141=CARTESIAN_POINT('',(0.0114314575050762,0.081,0.01));
#9142=CARTESIAN_POINT('',(-0.0114314575050762,0.081,0.01));
#9143=CARTESIAN_POINT('',(0.042,-0.00675,0.007));
#9144=CARTESIAN_POINT('',(0.0465,-0.00675,0.0058));
#9145=CARTESIAN_POINT('',(0.042,-0.00675,0.007));
#9146=CARTESIAN_POINT('',(0.042,0.00675,0.007));
#9147=CARTESIAN_POINT('',(0.042,0.00675,0.007));
#9148=CARTESIAN_POINT('',(0.0455166816153832,6.93889390390723E-18,0.007));
#9149=CARTESIAN_POINT('',(0.0465,-0.00175,0.0058));
#9150=CARTESIAN_POINT('',(0.0465,-0.00175,0.0058));
#9151=CARTESIAN_POINT('',(0.0465,1.7347234759768E-18,0.0058));
#9152=CARTESIAN_POINT('',(0.0475873317062855,0.0133,0.005));
#9153=CARTESIAN_POINT('',(0.0483248317062855,0.012,0.005));
#9154=CARTESIAN_POINT('',(0.0483248317062855,0.012,0.005));
#9155=CARTESIAN_POINT('',(0.0475873317062855,0.0133,0.005));
#9156=CARTESIAN_POINT('',(0.0468498317062855,0.0146,0.005));
#9157=CARTESIAN_POINT('',(0.0468498317062855,0.0146,0.005));
#9158=CARTESIAN_POINT('',(0.0475873317062855,0.0107,0.005));
#9159=CARTESIAN_POINT('',(0.0468498317062855,0.0094,0.005));
#9160=CARTESIAN_POINT('',(0.0468498317062855,0.0094,0.005));
#9161=CARTESIAN_POINT('',(0.0475873317062855,0.0107,0.005));
#9162=CARTESIAN_POINT('',(0.0454998317062855,0.0094,0.005));
#9163=CARTESIAN_POINT('',(0.0441498317062855,0.0094,0.005));
#9164=CARTESIAN_POINT('',(0.0441498317062855,0.0094,0.005));
#9165=CARTESIAN_POINT('',(0.0454998317062855,0.0094,0.005));
#9166=CARTESIAN_POINT('',(0.0434123317062855,0.0107,0.005));
#9167=CARTESIAN_POINT('',(0.0426748317062855,0.012,0.005));
#9168=CARTESIAN_POINT('',(0.0426748317062855,0.012,0.005));
#9169=CARTESIAN_POINT('',(0.0434123317062855,0.0107,0.005));
#9170=CARTESIAN_POINT('',(0.0434123317062855,0.0133,0.005));
#9171=CARTESIAN_POINT('',(0.0441498317062855,0.0146,0.005));
#9172=CARTESIAN_POINT('',(0.0441498317062855,0.0146,0.005));
#9173=CARTESIAN_POINT('',(0.0434123317062855,0.0133,0.005));
#9174=CARTESIAN_POINT('',(0.0461748317062855,0.0146,0.005));
#9175=CARTESIAN_POINT('',(0.0461748317062855,0.0146,0.005));
#9176=CARTESIAN_POINT('',(0.,0.,0.005));
#9177=CARTESIAN_POINT('',(0.0454998317062855,0.012,0.005));
#9178=CARTESIAN_POINT('',(0.0441998317062855,0.012,0.005));
#9179=CARTESIAN_POINT('',(0.0454998317062855,0.012,0.025));
#9180=CARTESIAN_POINT('',(-0.0626640948194283,-0.00123452955937821,-0.0354877896904945));
#9181=MECHANICAL_DESIGN_GEOMETRIC_PRESENTATION_REPRESENTATION('',(#5260,
#5261,#5262,#5263),#9182);
#9182=(
GEOMETRIC_REPRESENTATION_CONTEXT(3)
GLOBAL_UNCERTAINTY_ASSIGNED_CONTEXT((#9187))
GLOBAL_UNIT_ASSIGNED_CONTEXT((#9194,#9193,#9192))
REPRESENTATION_CONTEXT('Assy P2 LW','TOP_LEVEL_ASSEMBLY_PART')
);
#9183=(
GEOMETRIC_REPRESENTATION_CONTEXT(3)
GLOBAL_UNCERTAINTY_ASSIGNED_CONTEXT((#9188))
GLOBAL_UNIT_ASSIGNED_CONTEXT((#9194,#9193,#9192))
REPRESENTATION_CONTEXT('propeller guard lw3','COMPONENT_PART')
);
#9184=(
GEOMETRIC_REPRESENTATION_CONTEXT(3)
GLOBAL_UNCERTAINTY_ASSIGNED_CONTEXT((#9189))
GLOBAL_UNIT_ASSIGNED_CONTEXT((#9194,#9193,#9192))
REPRESENTATION_CONTEXT('Box','COMPONENT_PART')
);
#9185=(
GEOMETRIC_REPRESENTATION_CONTEXT(3)
GLOBAL_UNCERTAINTY_ASSIGNED_CONTEXT((#9190))
GLOBAL_UNIT_ASSIGNED_CONTEXT((#9194,#9193,#9192))
REPRESENTATION_CONTEXT('Lid','COMPONENT_PART')
);
#9186=(
GEOMETRIC_REPRESENTATION_CONTEXT(3)
GLOBAL_UNCERTAINTY_ASSIGNED_CONTEXT((#9191))
GLOBAL_UNIT_ASSIGNED_CONTEXT((#9194,#9193,#9192))
REPRESENTATION_CONTEXT('Part 1','COMPONENT_PART')
);
#9187=UNCERTAINTY_MEASURE_WITH_UNIT(LENGTH_MEASURE(1.E-8),#9194,
'DISTANCE_ACCURACY_VALUE','Maximum Tolerance applied to model');
#9188=UNCERTAINTY_MEASURE_WITH_UNIT(LENGTH_MEASURE(2.E-5),#9194,
'DISTANCE_ACCURACY_VALUE','Maximum Tolerance applied to model');
#9189=UNCERTAINTY_MEASURE_WITH_UNIT(LENGTH_MEASURE(2.E-5),#9194,
'DISTANCE_ACCURACY_VALUE','Maximum Tolerance applied to model');
#9190=UNCERTAINTY_MEASURE_WITH_UNIT(LENGTH_MEASURE(2.E-5),#9194,
'DISTANCE_ACCURACY_VALUE','Maximum Tolerance applied to model');
#9191=UNCERTAINTY_MEASURE_WITH_UNIT(LENGTH_MEASURE(1.E-8),#9194,
'DISTANCE_ACCURACY_VALUE','Maximum Tolerance applied to model');
#9192=(
NAMED_UNIT(*)
SI_UNIT($,.STERADIAN.)
SOLID_ANGLE_UNIT()
);
#9193=(
NAMED_UNIT(*)
PLANE_ANGLE_UNIT()
SI_UNIT($,.RADIAN.)
);
#9194=(
LENGTH_UNIT()
NAMED_UNIT(*)
SI_UNIT($,.METRE.)
);
#9195=PRODUCT_DEFINITION_SHAPE('','',#9207);
#9196=PRODUCT_DEFINITION_SHAPE('','',#9208);
#9197=PRODUCT_DEFINITION_SHAPE(' ','NAUO PRDDFN',#39);
#9198=PRODUCT_DEFINITION_SHAPE('','',#9209);
#9199=PRODUCT_DEFINITION_SHAPE(' ','NAUO PRDDFN',#40);
#9200=PRODUCT_DEFINITION_SHAPE(' ','NAUO PRDDFN',#41);
#9201=PRODUCT_DEFINITION_SHAPE('','',#9210);
#9202=PRODUCT_DEFINITION_SHAPE(' ','NAUO PRDDFN',#42);
#9203=PRODUCT_DEFINITION_SHAPE(' ','NAUO PRDDFN',#43);
#9204=PRODUCT_DEFINITION_SHAPE(' ','NAUO PRDDFN',#44);
#9205=PRODUCT_DEFINITION_SHAPE('','',#9211);
#9206=PRODUCT_DEFINITION_SHAPE(' ','NAUO PRDDFN',#45);
#9207=PRODUCT_DEFINITION('','',#9217,#9212);
#9208=PRODUCT_DEFINITION('','',#9218,#9213);
#9209=PRODUCT_DEFINITION('','',#9219,#9214);
#9210=PRODUCT_DEFINITION('','',#9220,#9215);
#9211=PRODUCT_DEFINITION('','',#9221,#9216);
#9212=PRODUCT_DEFINITION_CONTEXT('',#9243,'design');
#9213=PRODUCT_DEFINITION_CONTEXT('',#9243,'design');
#9214=PRODUCT_DEFINITION_CONTEXT('',#9243,'design');
#9215=PRODUCT_DEFINITION_CONTEXT('',#9243,'design');
#9216=PRODUCT_DEFINITION_CONTEXT('',#9243,'design');
#9217=PRODUCT_DEFINITION_FORMATION_WITH_SPECIFIED_SOURCE('','',#9227,
 .NOT_KNOWN.);
#9218=PRODUCT_DEFINITION_FORMATION_WITH_SPECIFIED_SOURCE('','',#9228,
 .NOT_KNOWN.);
#9219=PRODUCT_DEFINITION_FORMATION_WITH_SPECIFIED_SOURCE('','',#9229,
 .NOT_KNOWN.);
#9220=PRODUCT_DEFINITION_FORMATION_WITH_SPECIFIED_SOURCE('','',#9230,
 .NOT_KNOWN.);
#9221=PRODUCT_DEFINITION_FORMATION_WITH_SPECIFIED_SOURCE('','',#9231,
 .NOT_KNOWN.);
#9222=PRODUCT_RELATED_PRODUCT_CATEGORY('','',(#9227));
#9223=PRODUCT_RELATED_PRODUCT_CATEGORY('','',(#9228));
#9224=PRODUCT_RELATED_PRODUCT_CATEGORY('','',(#9229));
#9225=PRODUCT_RELATED_PRODUCT_CATEGORY('','',(#9230));
#9226=PRODUCT_RELATED_PRODUCT_CATEGORY('','',(#9231));
#9227=PRODUCT('Assy P2 LW','Assy P2 LW','Assy P2 LW',(#9237));
#9228=PRODUCT('propeller guard lw3','propeller guard lw3',
'propeller guard lw3',(#9238));
#9229=PRODUCT('Box','Box','Box',(#9239));
#9230=PRODUCT('Lid','Lid','Lid',(#9240));
#9231=PRODUCT('Part 1','Part 1','Part 1',(#9241));
#9232=PRODUCT_CATEGORY('','');
#9233=PRODUCT_CATEGORY('','');
#9234=PRODUCT_CATEGORY('','');
#9235=PRODUCT_CATEGORY('','');
#9236=PRODUCT_CATEGORY('','');
#9237=PRODUCT_CONTEXT('',#9243,'mechanical');
#9238=PRODUCT_CONTEXT('',#9243,'mechanical');
#9239=PRODUCT_CONTEXT('',#9243,'mechanical');
#9240=PRODUCT_CONTEXT('',#9243,'mechanical');
#9241=PRODUCT_CONTEXT('',#9243,'mechanical');
#9242=APPLICATION_PROTOCOL_DEFINITION('international standard',
'ap242_managed_model_based_3d_engineering',2020,#9243);
#9243=APPLICATION_CONTEXT('managed model based 3d engineering');
ENDSEC;
END-ISO-10303-21;
